JvmtiExport can_access_local_variables 0
JvmtiExport can_hotswap_or_post_breakpoint 0
JvmtiExport can_post_on_exceptions 0
# 249 ciObject found
ciInstanceKlass java/lang/Cloneable 1 0 5 1 100 1 100
instanceKlass jdk/internal/access/foreign/MemorySegmentProxy
instanceKlass org/sonarsource/sonarlint/core/telemetry/TelemetryUtils
instanceKlass org/sonarsource/sonarlint/core/rpc/protocol/client/progress/ProgressUpdateNotification
instanceKlass org/sonarsource/sonarlint/core/rpc/protocol/client/issue/TextEditDto
instanceKlass org/sonarsource/sonarlint/core/rpc/protocol/client/issue/FileEditDto
instanceKlass org/sonarsource/sonarlint/core/rpc/protocol/client/issue/QuickFixDto
instanceKlass org/sonarsource/sonarlint/core/rpc/protocol/client/progress/ProgressEndNotification
instanceKlass org/sonarsource/sonarlint/core/rpc/protocol/client/issue/IssueLocationDto
instanceKlass org/sonarsource/sonarlint/core/rpc/protocol/client/issue/IssueFlowDto
instanceKlass org/eclipse/lsp4j/jsonrpc/messages/Tuple
instanceKlass org/eclipse/lsp4j/jsonrpc/json/adapters/EitherTypeAdapter$EitherTypeArgument
instanceKlass org/eclipse/lsp4j/jsonrpc/json/adapters/TypeUtils$ParameterizedTypeImpl
instanceKlass org/eclipse/lsp4j/jsonrpc/json/adapters/TypeUtils
instanceKlass org/sonarsource/sonarlint/core/rpc/protocol/adapter/EitherTypeAdapter$ParameterizedTypeImpl
instanceKlass java/util/stream/ReduceOps$5ReducingSink
instanceKlass java/util/function/IntBinaryOperator
instanceKlass io/sentry/clientreport/ClientReportKey
instanceKlass io/sentry/Baggage$DSCKeys
instanceKlass java/text/FieldPosition$Delegate
instanceKlass io/sentry/TraceContext
instanceKlass io/sentry/util/UUIDStringUtils
instanceKlass io/sentry/util/UUIDGenerator
instanceKlass io/sentry/protocol/TransactionInfo
instanceKlass io/sentry/Scope$IWithTransaction
instanceKlass io/sentry/ScopeCallback
instanceKlass org/sonarsource/sonarlint/core/analysis/container/analysis/SonarLintPathPattern
instanceKlass org/sonar/plugins/common/thread/ThreadUtils
instanceKlass org/sonar/plugins/common/MultiFileProgressReport
instanceKlass java/util/concurrent/LinkedBlockingDeque$Node
instanceKlass java/util/concurrent/BlockingDeque
instanceKlass org/ahocorasick/trie/Payload
instanceKlass org/ahocorasick/trie/PayloadState
instanceKlass org/ahocorasick/trie/TrieConfig
instanceKlass org/ahocorasick/trie/PayloadTrie$PayloadTrieBuilder
instanceKlass org/ahocorasick/trie/handler/StatefulPayloadEmitHandler
instanceKlass org/ahocorasick/trie/PayloadToken
instanceKlass org/sonar/plugins/secrets/api/ConjunctionMatcher
instanceKlass org/sonar/plugins/secrets/api/NegationMatcher
instanceKlass org/sonar/plugins/secrets/api/DisjunctionMatcher
instanceKlass org/sonar/plugins/secrets/api/AuxiliaryMatcher
instanceKlass org/sonar/plugins/secrets/api/AuxiliaryPatternMatcher$DefaultAuxiliaryMatcher
instanceKlass org/sonar/plugins/secrets/api/AuxiliaryPatternMatcher
instanceKlass org/sonar/plugins/secrets/api/AuxiliaryPatternMatcherFactory
instanceKlass org/sonar/plugins/secrets/api/PostFilterFactory
instanceKlass org/sonar/plugins/secrets/api/AutomaticTestFileFilter
instanceKlass org/sonar/plugins/secrets/api/PreFilterFactory
instanceKlass org/sonar/plugins/secrets/api/PatternMatcher
instanceKlass org/sonar/plugins/secrets/api/SecretMatcher
instanceKlass org/sonar/plugins/secrets/api/Matcher
instanceKlass org/sonar/plugins/secrets/utils/ContentPreFilterUtils
instanceKlass org/sonar/plugins/secrets/api/MessageFormatter
instanceKlass com/fasterxml/jackson/dataformat/smile/SmileConstants
instanceKlass org/sonar/plugins/secrets/configuration/model/matching/BooleanCombination
instanceKlass org/sonar/plugins/secrets/configuration/model/matching/AuxiliaryPattern
instanceKlass com/fasterxml/jackson/databind/cfg/CoercionConfigs$1
instanceKlass com/fasterxml/jackson/dataformat/smile/SmileUtil
instanceKlass com/fasterxml/jackson/databind/deser/impl/PropertyValue
instanceKlass com/fasterxml/jackson/databind/deser/impl/PropertyValueBuffer
instanceKlass org/sonar/plugins/secrets/configuration/model/RuleExample
instanceKlass com/fasterxml/jackson/databind/annotation/NoClass
instanceKlass com/fasterxml/jackson/databind/introspect/AnnotationCollector$OneAnnotation
instanceKlass com/fasterxml/jackson/databind/util/Converter$None
instanceKlass com/fasterxml/jackson/databind/util/Converter
instanceKlass org/sonar/plugins/secrets/configuration/model/matching/Match
instanceKlass org/sonar/plugins/secrets/configuration/model/matching/filter/FileFilter
instanceKlass com/fasterxml/jackson/databind/deser/impl/NullsFailProvider
instanceKlass com/fasterxml/jackson/databind/deser/std/NumberDeserializers
instanceKlass com/fasterxml/jackson/databind/deser/impl/PropertyBasedCreator
instanceKlass com/fasterxml/jackson/databind/deser/impl/NullsAsEmptyProvider
instanceKlass com/fasterxml/jackson/databind/annotation/JacksonStdImpl
instanceKlass com/fasterxml/jackson/databind/deser/BasicDeserializerFactory$ContainerDefaultMappings
instanceKlass com/fasterxml/jackson/databind/util/CompactStringObjectMap
instanceKlass com/fasterxml/jackson/databind/introspect/EnumNamingStrategyFactory
instanceKlass com/fasterxml/jackson/databind/annotation/EnumNaming
instanceKlass com/fasterxml/jackson/annotation/JsonEnumDefaultValue
instanceKlass com/fasterxml/jackson/databind/util/EnumResolver
instanceKlass com/fasterxml/jackson/databind/introspect/MethodGenericTypeResolver
instanceKlass com/fasterxml/jackson/databind/jdk14/JDK14Util$RawTypeName
instanceKlass com/fasterxml/jackson/databind/jdk14/JDK14Util$RecordAccessor
instanceKlass com/fasterxml/jackson/databind/jdk14/JDK14Util
instanceKlass com/fasterxml/jackson/databind/BeanProperty$Std
instanceKlass com/fasterxml/jackson/databind/deser/impl/CreatorCandidate$Param
instanceKlass com/fasterxml/jackson/databind/deser/impl/CreatorCandidate
instanceKlass com/fasterxml/jackson/databind/introspect/POJOPropertiesCollector$1
instanceKlass org/sonar/plugins/secrets/configuration/model/matching/filter/StatisticalFilter
instanceKlass org/sonar/plugins/secrets/configuration/model/matching/filter/HeuristicsFilter
instanceKlass javax/annotation/CheckForNull
instanceKlass com/fasterxml/jackson/annotation/JacksonAnnotation
instanceKlass org/sonar/plugins/secrets/configuration/model/matching/filter/AbstractPostModule
instanceKlass org/sonar/plugins/secrets/configuration/model/matching/filter/PreModule
instanceKlass org/sonar/plugins/secrets/configuration/model/matching/Matching
instanceKlass com/fasterxml/jackson/databind/type/TypeBindings$AsKey
instanceKlass com/fasterxml/jackson/databind/type/TypeBindings$TypeParamStash
instanceKlass org/sonar/plugins/secrets/configuration/model/Rule
instanceKlass javax/annotation/meta/TypeQualifier
instanceKlass com/fasterxml/jackson/annotation/JacksonAnnotationsInside
instanceKlass javax/annotation/Nonnull
instanceKlass javax/annotation/Nullable
instanceKlass org/sonar/plugins/secrets/configuration/model/matching/Detection
instanceKlass org/sonar/plugins/secrets/configuration/model/metadata/Metadata
instanceKlass com/fasterxml/jackson/databind/deser/impl/ReadableObjectId$Referring
instanceKlass com/fasterxml/jackson/databind/deser/impl/BeanPropertyMap
instanceKlass com/fasterxml/jackson/annotation/JsonAlias
instanceKlass com/fasterxml/jackson/databind/introspect/POJOPropertyBuilder$1
instanceKlass com/fasterxml/jackson/databind/introspect/POJOPropertyBuilder$4
instanceKlass com/fasterxml/jackson/databind/introspect/POJOPropertyBuilder$2
instanceKlass com/fasterxml/jackson/databind/deser/impl/NullsConstantProvider
instanceKlass com/fasterxml/jackson/annotation/JsonIgnoreType
instanceKlass com/fasterxml/jackson/databind/util/IgnorePropertiesUtil
instanceKlass com/fasterxml/jackson/annotation/JsonIncludeProperties$Value
instanceKlass com/fasterxml/jackson/annotation/JsonIncludeProperties
instanceKlass com/fasterxml/jackson/annotation/JsonIgnoreProperties$Value
instanceKlass com/fasterxml/jackson/annotation/JsonIgnoreProperties
instanceKlass com/fasterxml/jackson/databind/deser/BeanDeserializerBuilder
instanceKlass com/fasterxml/jackson/databind/deser/impl/CreatorCollector
instanceKlass com/fasterxml/jackson/databind/PropertyMetadata
instanceKlass com/fasterxml/jackson/annotation/JsonPropertyDescription
instanceKlass com/fasterxml/jackson/annotation/JsonPropertyOrder
instanceKlass com/fasterxml/jackson/databind/annotation/JsonNaming
instanceKlass com/fasterxml/jackson/annotation/JacksonInject
instanceKlass com/fasterxml/jackson/databind/introspect/POJOPropertyBuilder$6
instanceKlass com/fasterxml/jackson/databind/introspect/POJOPropertyBuilder$5
instanceKlass com/fasterxml/jackson/databind/cfg/ConstructorDetector
instanceKlass com/fasterxml/jackson/databind/introspect/PotentialCreator
instanceKlass com/fasterxml/jackson/annotation/JsonCreator
instanceKlass com/fasterxml/jackson/annotation/JsonGetter
instanceKlass com/fasterxml/jackson/databind/introspect/AnnotatedMethodMap
instanceKlass com/fasterxml/jackson/databind/introspect/AnnotatedMethodCollector$MethodBuilder
instanceKlass com/fasterxml/jackson/databind/introspect/MemberKey
instanceKlass com/fasterxml/jackson/databind/introspect/POJOPropertyBuilder$Linked
instanceKlass com/fasterxml/jackson/databind/AnnotationIntrospector$ReferenceProperty
instanceKlass com/fasterxml/jackson/databind/introspect/POJOPropertyBuilder$WithMember
instanceKlass com/fasterxml/jackson/annotation/JsonIgnore
instanceKlass com/fasterxml/jackson/annotation/JsonAutoDetect$1
instanceKlass com/fasterxml/jackson/annotation/JsonProperty
instanceKlass com/fasterxml/jackson/annotation/JsonSetter
instanceKlass com/fasterxml/jackson/databind/PropertyName
instanceKlass com/fasterxml/jackson/annotation/JsonAnySetter
instanceKlass com/fasterxml/jackson/annotation/JsonAnyGetter
instanceKlass com/fasterxml/jackson/annotation/JsonValue
instanceKlass com/fasterxml/jackson/annotation/JsonKey
instanceKlass com/fasterxml/jackson/databind/introspect/AnnotatedFieldCollector$FieldBuilder
instanceKlass org/sonar/plugins/secrets/configuration/model/Provider
instanceKlass com/fasterxml/jackson/databind/introspect/TypeResolutionContext$Basic
instanceKlass com/fasterxml/jackson/databind/introspect/AnnotationMap
instanceKlass com/fasterxml/jackson/databind/introspect/CollectorBase
instanceKlass com/fasterxml/jackson/databind/introspect/PotentialCreators
instanceKlass com/fasterxml/jackson/core/JsonLocation
instanceKlass com/fasterxml/jackson/databind/deser/ValueInstantiator
instanceKlass com/fasterxml/jackson/databind/deser/impl/JDKValueInstantiators
instanceKlass com/fasterxml/jackson/databind/annotation/JsonValueInstantiator
instanceKlass com/fasterxml/jackson/databind/util/BeanUtil
instanceKlass com/fasterxml/jackson/databind/jsontype/impl/SubTypeValidator
instanceKlass com/fasterxml/jackson/databind/deser/std/JdkDeserializers
instanceKlass com/fasterxml/jackson/databind/ext/Java7Handlers
instanceKlass com/fasterxml/jackson/databind/ext/OptionalHandlerFactory
instanceKlass com/fasterxml/jackson/annotation/JsonIdentityInfo
instanceKlass com/fasterxml/jackson/annotation/JsonAutoDetect
instanceKlass com/fasterxml/jackson/databind/introspect/POJOPropertiesCollector
instanceKlass com/fasterxml/jackson/databind/node/TreeTraversingParser$1
instanceKlass com/fasterxml/jackson/databind/type/ClassStack
instanceKlass org/sonar/plugins/secrets/configuration/model/Specification
instanceKlass com/fasterxml/jackson/databind/deser/std/BaseNodeDeserializer$ContainerStack
instanceKlass com/fasterxml/jackson/databind/annotation/JsonTypeResolver
instanceKlass com/fasterxml/jackson/databind/util/LinkedNode
instanceKlass com/fasterxml/jackson/databind/util/internal/PrivateMaxEntriesMap$AddTask
instanceKlass com/fasterxml/jackson/databind/util/internal/PrivateMaxEntriesMap$WeightedValue
instanceKlass com/fasterxml/jackson/databind/util/ArrayIterator
instanceKlass com/fasterxml/jackson/databind/util/ClassUtil$Ctor
instanceKlass com/fasterxml/jackson/databind/util/ClassUtil
instanceKlass com/fasterxml/jackson/core/util/JacksonFeatureSet
instanceKlass com/fasterxml/jackson/core/JsonStreamContext
instanceKlass com/fasterxml/jackson/dataformat/smile/SmileParserBootstrapper
instanceKlass com/fasterxml/jackson/core/util/TextBuffer
instanceKlass com/fasterxml/jackson/core/io/IOContext
instanceKlass com/fasterxml/jackson/core/util/BufferRecycler
instanceKlass com/fasterxml/jackson/core/util/BufferRecyclers
instanceKlass com/fasterxml/jackson/core/io/ContentReference
instanceKlass com/fasterxml/jackson/databind/ser/BeanSerializerModifier
instanceKlass com/fasterxml/jackson/databind/ser/Serializers
instanceKlass com/fasterxml/jackson/databind/cfg/SerializerFactoryConfig
instanceKlass com/fasterxml/jackson/databind/ser/std/StdJdkSerializers
instanceKlass com/fasterxml/jackson/databind/ser/std/NumberSerializers
instanceKlass com/fasterxml/jackson/databind/deser/DeserializerCache
instanceKlass com/fasterxml/jackson/databind/KeyDeserializer
instanceKlass com/fasterxml/jackson/databind/deser/std/StdKeyDeserializers
instanceKlass com/fasterxml/jackson/databind/deser/KeyDeserializers
instanceKlass com/fasterxml/jackson/databind/deser/ValueInstantiators
instanceKlass com/fasterxml/jackson/databind/AbstractTypeResolver
instanceKlass com/fasterxml/jackson/databind/deser/BeanDeserializerModifier
instanceKlass com/fasterxml/jackson/databind/cfg/DeserializerFactoryConfig
instanceKlass com/fasterxml/jackson/databind/deser/Deserializers
instanceKlass com/fasterxml/jackson/annotation/ObjectIdGenerator
instanceKlass com/fasterxml/jackson/databind/deser/ValueInstantiator$Gettable
instanceKlass com/fasterxml/jackson/databind/deser/ContextualDeserializer
instanceKlass com/fasterxml/jackson/databind/deser/ResolvableDeserializer
instanceKlass com/fasterxml/jackson/databind/JsonDeserializer
instanceKlass com/fasterxml/jackson/databind/deser/NullValueProvider
instanceKlass com/fasterxml/jackson/databind/ser/SerializerCache
instanceKlass com/fasterxml/jackson/databind/ser/ResolvableSerializer
instanceKlass com/fasterxml/jackson/databind/ser/ContextualSerializer
instanceKlass com/fasterxml/jackson/databind/jsonschema/SchemaAware
instanceKlass com/fasterxml/jackson/databind/JsonSerializer
instanceKlass com/fasterxml/jackson/databind/jsonFormatVisitors/JsonFormatVisitable
instanceKlass com/fasterxml/jackson/databind/node/JsonNodeFactory
instanceKlass com/fasterxml/jackson/databind/node/JsonNodeCreator
instanceKlass com/fasterxml/jackson/databind/cfg/ContextAttributes
instanceKlass com/fasterxml/jackson/databind/cfg/DatatypeFeature
instanceKlass com/fasterxml/jackson/databind/cfg/DatatypeFeatures$DefaultHolder
instanceKlass com/fasterxml/jackson/databind/cfg/DatatypeFeatures
instanceKlass com/fasterxml/jackson/core/util/DefaultPrettyPrinter$NopIndenter
instanceKlass com/fasterxml/jackson/core/util/Separators
instanceKlass com/fasterxml/jackson/core/util/DefaultPrettyPrinter$Indenter
instanceKlass com/fasterxml/jackson/core/util/DefaultPrettyPrinter
instanceKlass com/fasterxml/jackson/core/util/Instantiatable
instanceKlass com/fasterxml/jackson/databind/cfg/ConfigFeature
instanceKlass com/fasterxml/jackson/databind/cfg/ConfigOverride
instanceKlass com/fasterxml/jackson/annotation/JsonFormat$Features
instanceKlass com/fasterxml/jackson/annotation/JsonFormat$Value
instanceKlass com/fasterxml/jackson/core/PrettyPrinter
instanceKlass com/fasterxml/jackson/databind/cfg/CoercionConfig
instanceKlass com/fasterxml/jackson/databind/cfg/CoercionConfigs
instanceKlass com/fasterxml/jackson/databind/introspect/VisibilityChecker$Std
instanceKlass com/fasterxml/jackson/annotation/JsonSetter$Value
instanceKlass com/fasterxml/jackson/annotation/JsonInclude$Value
instanceKlass com/fasterxml/jackson/annotation/JacksonAnnotationValue
instanceKlass com/fasterxml/jackson/databind/cfg/ConfigOverrides
instanceKlass com/fasterxml/jackson/databind/introspect/AnnotatedClass$Creators
instanceKlass com/fasterxml/jackson/databind/introspect/AnnotationCollector$NoAnnotations
instanceKlass com/fasterxml/jackson/databind/util/Annotations
instanceKlass com/fasterxml/jackson/databind/introspect/AnnotationCollector
instanceKlass com/fasterxml/jackson/databind/introspect/AnnotatedClassResolver
instanceKlass com/fasterxml/jackson/databind/BeanDescription
instanceKlass com/fasterxml/jackson/databind/cfg/MapperConfig
instanceKlass com/fasterxml/jackson/databind/introspect/SimpleMixInResolver
instanceKlass com/fasterxml/jackson/databind/introspect/ClassIntrospector$MixInResolver
instanceKlass com/fasterxml/jackson/databind/util/RootNameLookup
instanceKlass com/fasterxml/jackson/core/sym/CharsToNameCanonicalizer$Bucket
instanceKlass com/fasterxml/jackson/core/sym/CharsToNameCanonicalizer$TableInfo
instanceKlass com/fasterxml/jackson/core/sym/CharsToNameCanonicalizer
instanceKlass com/fasterxml/jackson/core/ErrorReportConfiguration
instanceKlass com/fasterxml/jackson/core/StreamWriteConstraints
instanceKlass com/fasterxml/jackson/core/StreamReadConstraints
instanceKlass com/fasterxml/jackson/core/util/RecyclerPool$WithPool
instanceKlass com/fasterxml/jackson/core/util/RecyclerPool$ThreadLocalPoolBase
instanceKlass com/fasterxml/jackson/core/util/RecyclerPool
instanceKlass com/fasterxml/jackson/core/util/JsonRecyclerPools
instanceKlass com/fasterxml/jackson/core/sym/ByteQuadsCanonicalizer$TableInfo
instanceKlass com/fasterxml/jackson/core/sym/ByteQuadsCanonicalizer
instanceKlass com/fasterxml/jackson/core/FormatFeature
instanceKlass com/fasterxml/jackson/core/io/CharTypes
instanceKlass com/fasterxml/jackson/core/io/JsonStringEncoder
instanceKlass com/fasterxml/jackson/core/io/SerializedString
instanceKlass com/fasterxml/jackson/core/util/JacksonFeature
instanceKlass com/fasterxml/jackson/core/async/ByteArrayFeeder
instanceKlass com/fasterxml/jackson/core/async/ByteBufferFeeder
instanceKlass com/fasterxml/jackson/core/async/NonBlockingInputFeeder
instanceKlass com/fasterxml/jackson/core/TSFBuilder
instanceKlass com/fasterxml/jackson/core/SerializableString
instanceKlass com/fasterxml/jackson/databind/cfg/DefaultCacheProvider
instanceKlass com/fasterxml/jackson/databind/cfg/CacheProvider
instanceKlass com/fasterxml/jackson/databind/introspect/AccessorNamingStrategy
instanceKlass com/fasterxml/jackson/core/Base64Variant
instanceKlass com/fasterxml/jackson/core/Base64Variants
instanceKlass com/fasterxml/jackson/databind/type/TypeBindings
instanceKlass com/fasterxml/jackson/databind/type/TypeParser
instanceKlass com/fasterxml/jackson/databind/type/TypeFactory
instanceKlass com/fasterxml/jackson/databind/cfg/BaseSettings
instanceKlass com/fasterxml/jackson/databind/util/internal/Linked
instanceKlass com/fasterxml/jackson/databind/util/internal/PrivateMaxEntriesMap$Builder
instanceKlass com/fasterxml/jackson/databind/util/LRUMap
instanceKlass com/fasterxml/jackson/databind/util/LookupCache
instanceKlass com/fasterxml/jackson/databind/util/ExceptionUtil
instanceKlass com/fasterxml/jackson/databind/ext/Java7Support
instanceKlass com/fasterxml/jackson/annotation/JsonMerge
instanceKlass com/fasterxml/jackson/annotation/JsonDeserializeAs
instanceKlass com/fasterxml/jackson/databind/annotation/JsonDeserialize
instanceKlass com/fasterxml/jackson/annotation/JsonManagedReference
instanceKlass com/fasterxml/jackson/annotation/JsonBackReference
instanceKlass com/fasterxml/jackson/annotation/JsonUnwrapped
instanceKlass com/fasterxml/jackson/annotation/JsonRawValue
instanceKlass com/fasterxml/jackson/annotation/JsonTypeInfo
instanceKlass com/fasterxml/jackson/annotation/JsonFormat
instanceKlass com/fasterxml/jackson/annotation/JsonView
instanceKlass com/fasterxml/jackson/annotation/JsonSerializeAs
instanceKlass com/fasterxml/jackson/databind/annotation/JsonSerialize
instanceKlass com/fasterxml/jackson/databind/introspect/ConcreteBeanPropertyBase
instanceKlass com/fasterxml/jackson/databind/BeanProperty
instanceKlass com/fasterxml/jackson/databind/introspect/BeanPropertyDefinition
instanceKlass com/fasterxml/jackson/databind/util/Named
instanceKlass com/fasterxml/jackson/databind/introspect/TypeResolutionContext
instanceKlass com/fasterxml/jackson/databind/introspect/Annotated
instanceKlass com/fasterxml/jackson/core/type/ResolvedType
instanceKlass com/fasterxml/jackson/core/JsonGenerator
instanceKlass com/fasterxml/jackson/core/JsonParser
instanceKlass com/fasterxml/jackson/databind/JsonSerializable$Base
instanceKlass com/fasterxml/jackson/databind/JsonSerializable
instanceKlass com/fasterxml/jackson/databind/Module$SetupContext
instanceKlass com/fasterxml/jackson/databind/jsontype/TypeResolverBuilder
instanceKlass com/fasterxml/jackson/core/util/BufferRecycler$Gettable
instanceKlass com/fasterxml/jackson/databind/introspect/VisibilityChecker
instanceKlass com/fasterxml/jackson/databind/introspect/ClassIntrospector
instanceKlass com/fasterxml/jackson/databind/jsontype/PolymorphicTypeValidator
instanceKlass com/fasterxml/jackson/databind/introspect/AccessorNamingStrategy$Provider
instanceKlass com/fasterxml/jackson/databind/AnnotationIntrospector
instanceKlass com/fasterxml/jackson/databind/ser/SerializerFactory
instanceKlass com/fasterxml/jackson/databind/deser/DeserializerFactory
instanceKlass com/fasterxml/jackson/databind/DatabindContext
instanceKlass com/fasterxml/jackson/databind/jsontype/SubtypeResolver
instanceKlass com/fasterxml/jackson/core/TreeCodec
instanceKlass com/fasterxml/jackson/core/TreeNode
instanceKlass com/fasterxml/jackson/core/TokenStreamFactory
instanceKlass com/fasterxml/jackson/core/Versioned
instanceKlass org/sonar/plugins/secrets/configuration/deserialization/SpecificationDeserializer
instanceKlass org/sonar/plugins/secrets/SecretsSpecificationFilesDefinition
instanceKlass org/sonar/plugins/secrets/api/SecretsSpecificationLoader$ExceptionHandler
instanceKlass org/sonar/plugins/secrets/api/task/RegexMatchingManager
instanceKlass java/util/concurrent/Semaphore
instanceKlass org/sonar/plugins/common/measures/CiVendorFilesTelemetry
instanceKlass com/sun/jmx/mbeanserver/Util
instanceKlass javax/management/ObjectName$Property
instanceKlass com/sun/jmx/mbeanserver/GetPropertyAction
instanceKlass javax/management/ObjectName
instanceKlass javax/management/QueryExp
instanceKlass sun/management/Util
instanceKlass sun/management/Sensor
instanceKlass sun/management/MemoryPoolImpl
instanceKlass java/lang/management/MemoryMXBean
instanceKlass jdk/management/jfr/internal/FlightRecorderMXBeanProvider$SingleMBeanComponent
instanceKlass jdk/management/jfr/FlightRecorderMXBean
instanceKlass java/lang/management/DefaultPlatformMBeanProvider$11
instanceKlass java/lang/management/DefaultPlatformMBeanProvider$10
instanceKlass java/lang/management/DefaultPlatformMBeanProvider$9
instanceKlass sun/management/ManagementFactoryHelper$LoggingMXBeanAccess$1
instanceKlass sun/management/ManagementFactoryHelper$LoggingMXBeanAccess
instanceKlass java/lang/management/DefaultPlatformMBeanProvider$8
instanceKlass java/lang/management/DefaultPlatformMBeanProvider$7
instanceKlass java/lang/management/DefaultPlatformMBeanProvider$6
instanceKlass java/lang/management/DefaultPlatformMBeanProvider$5
instanceKlass java/lang/management/DefaultPlatformMBeanProvider$4
instanceKlass java/lang/management/DefaultPlatformMBeanProvider$3
instanceKlass java/lang/management/DefaultPlatformMBeanProvider$2
instanceKlass java/lang/management/DefaultPlatformMBeanProvider$1
instanceKlass com/sun/management/internal/PlatformMBeanProviderImpl$5
instanceKlass sun/management/VMManagementImpl
instanceKlass sun/management/VMManagement
instanceKlass sun/management/ManagementFactoryHelper
instanceKlass sun/management/NotificationEmitterSupport
instanceKlass javax/management/NotificationEmitter
instanceKlass javax/management/NotificationBroadcaster
instanceKlass com/sun/management/DiagnosticCommandMBean
instanceKlass javax/management/DynamicMBean
instanceKlass com/sun/management/internal/PlatformMBeanProviderImpl$4
instanceKlass com/sun/management/internal/PlatformMBeanProviderImpl$3
instanceKlass com/sun/management/internal/PlatformMBeanProviderImpl$2
instanceKlass com/sun/management/internal/PlatformMBeanProviderImpl$1
instanceKlass sun/management/spi/PlatformMBeanProvider$PlatformComponent
instanceKlass sun/management/spi/PlatformMBeanProvider
instanceKlass java/lang/management/ManagementFactory$PlatformMBeanFinder$1
instanceKlass java/lang/management/ManagementFactory$PlatformMBeanFinder
instanceKlass java/lang/management/MemoryPoolMXBean
instanceKlass java/lang/management/PlatformManagedObject
instanceKlass java/lang/management/ManagementFactory
instanceKlass com/sonar/cpp/plugin/cache/CacheReader
instanceKlass com/sonar/cpp/plugin/cache/CacheWriter
instanceKlass org/sonarsource/sonarlint/visualstudio/roslyn/protocol/RoslynIssueQuickFix
instanceKlass org/sonarsource/sonarlint/visualstudio/roslyn/protocol/RoslynIssueFlow
instanceKlass com/google/gson/internal/JsonReaderInternalAccess
instanceKlass jdk/internal/net/http/websocket/RawChannel
instanceKlass jdk/internal/net/http/HttpResponseImpl$RawChannelProvider
instanceKlass jdk/internal/net/http/HttpResponseImpl
instanceKlass jdk/internal/net/http/websocket/RawChannel$Provider
instanceKlass jdk/internal/net/http/ConnectionPool$ExpiryEntry
instanceKlass jdk/internal/net/http/ConnectionPool$CleanupTrigger
instanceKlass jdk/internal/net/http/ResponseContent$FixedLengthBodyParser
instanceKlass jdk/internal/net/http/ResponseContent$BodyParser
instanceKlass jdk/internal/net/http/ResponseContent
instanceKlass jdk/internal/net/http/Http1Response$ClientRefCountTracker
instanceKlass java/util/OptionalLong
instanceKlass jdk/internal/net/http/Http1Response$Http1BodySubscriber
instanceKlass jdk/internal/net/http/ResponseSubscribers
instanceKlass jdk/internal/net/http/ResponseSubscribers$ByteArraySubscriber
instanceKlass jdk/internal/net/http/ResponseSubscribers$TrustedSubscriber
instanceKlass java/net/http/HttpResponse$BodySubscribers
instanceKlass sun/net/www/HeaderParser
instanceKlass jdk/internal/net/http/ResponseInfoImpl
instanceKlass java/util/LinkedList$DescendingIterator
instanceKlass jdk/internal/net/http/Http1Response$2
instanceKlass jdk/internal/net/http/Http1HeaderParser$1
instanceKlass sun/nio/ch/IOVecWrapper$Deallocator
instanceKlass sun/nio/ch/NativeObject
instanceKlass sun/nio/ch/IOVecWrapper
instanceKlass jdk/internal/net/http/PullPublisher$Subscription
instanceKlass jdk/internal/net/http/PullPublisher
instanceKlass jdk/internal/net/http/Http1Exchange$1
instanceKlass jdk/internal/net/http/Http1Exchange$DataPair
instanceKlass jdk/internal/net/http/SocketTube$InternalWriteSubscriber$WriteSubscription
instanceKlass jdk/internal/net/http/SocketTube$InternalReadPublisher$ReadSubscription
instanceKlass jdk/internal/net/http/common/Pair
instanceKlass java/lang/invoke/ConstantBootstraps
instanceKlass java/nio/channels/SelectionKey
instanceKlass jdk/internal/net/http/HttpClientImpl$SelectorAttachment
instanceKlass jdk/internal/net/http/Http1HeaderParser
instanceKlass jdk/internal/net/http/Http1Response$1
instanceKlass jdk/internal/net/http/Http1Response$Receiver
instanceKlass jdk/internal/net/http/Http1AsyncReceiver$Http1AsyncDelegate
instanceKlass jdk/internal/net/http/Http1Response
instanceKlass jdk/internal/net/http/Http1AsyncReceiver$Http1TubeSubscriber
instanceKlass jdk/internal/net/http/AbstractSubscription
instanceKlass jdk/internal/net/http/Http1AsyncReceiver
instanceKlass jdk/internal/net/http/Http1Exchange$Http1BodySubscriber
instanceKlass jdk/internal/net/http/Http1Request
instanceKlass jdk/internal/net/http/SocketTube$InternalWriteSubscriber
instanceKlass jdk/internal/net/http/SocketTube$SocketFlowTask
instanceKlass jdk/internal/net/http/SocketTube$InternalReadPublisher$InternalReadSubscription
instanceKlass jdk/internal/net/http/SocketTube$InternalReadPublisher
instanceKlass jdk/internal/net/http/SocketTube$SliceBufferSource
instanceKlass jdk/internal/net/http/SocketTube$BufferSource
instanceKlass jdk/internal/net/http/SocketTube
instanceKlass sun/nio/ch/SocketChannelImpl$DefaultOptionsHolder
instanceKlass jdk/internal/net/http/HttpConnection$PlainHttpPublisher
instanceKlass jdk/internal/net/http/HttpConnection$TrailingOperations
instanceKlass jdk/internal/net/http/common/FlowTube
instanceKlass jdk/internal/net/http/AsyncEvent
instanceKlass jdk/internal/net/http/HttpConnection$HttpPublisher
instanceKlass jdk/internal/net/http/ConnectionPool$CacheKey
instanceKlass jdk/internal/net/http/common/SequentialScheduler$SchedulableTask
instanceKlass jdk/internal/net/http/common/SequentialScheduler$CompleteRestartableTask
instanceKlass jdk/internal/net/http/common/SequentialScheduler$RestartableTask
instanceKlass jdk/internal/net/http/common/SequentialScheduler$DeferredCompleter
instanceKlass jdk/internal/net/http/common/SequentialScheduler
instanceKlass jdk/internal/net/http/Http1Exchange$Http1Publisher$WriteTask
instanceKlass jdk/internal/net/http/common/Demand
instanceKlass jdk/internal/net/http/Http1Exchange$Http1Publisher$Http1WriteSubscription
instanceKlass jdk/internal/net/http/Http1Exchange$Http1Publisher
instanceKlass jdk/internal/net/http/hpack/DecodingCallback
instanceKlass jdk/internal/net/http/frame/Http2Frame
instanceKlass jdk/internal/net/http/Http2Connection
instanceKlass jdk/internal/net/http/HttpConnection
instanceKlass jdk/internal/net/http/AuthenticationFilter$Cache
instanceKlass jdk/internal/net/http/Response
instanceKlass jdk/internal/net/http/MultiExchange$CancelableRef
instanceKlass jdk/internal/net/http/Exchange$ConnectionAborter
instanceKlass jdk/internal/net/http/ExchangeImpl
instanceKlass jdk/internal/net/http/Exchange
instanceKlass jdk/internal/net/http/MultiExchange$ConnectTimeoutTracker
instanceKlass java/util/concurrent/Flow$Subscription
instanceKlass jdk/internal/net/http/TimeoutEvent
instanceKlass jdk/internal/net/http/MultiExchange
instanceKlass jdk/internal/net/http/common/Cancelable
instanceKlass jdk/internal/net/http/websocket/WebSocketRequest
instanceKlass java/net/http/HttpResponse$BodySubscriber
instanceKlass java/net/http/HttpResponse$ResponseInfo
instanceKlass java/net/http/HttpResponse$BodyHandler
instanceKlass java/net/http/HttpResponse$BodyHandlers
instanceKlass java/net/http/HttpHeaders
instanceKlass jdk/internal/net/http/RequestPublishers$ByteArrayPublisher
instanceKlass java/net/http/HttpRequest$BodyPublisher
instanceKlass java/net/http/HttpRequest$BodyPublishers
instanceKlass jdk/internal/net/http/common/HttpHeadersBuilder
instanceKlass jdk/internal/net/http/HttpRequestBuilderImpl
instanceKlass java/net/http/HttpRequest$Builder
instanceKlass com/google/gson/internal/bind/ReflectiveTypeAdapterFactory$FieldsData
instanceKlass com/google/gson/internal/ObjectConstructor
instanceKlass com/google/gson/internal/Primitives
instanceKlass com/google/gson/internal/GsonTypes$ParameterizedTypeImpl
instanceKlass com/google/gson/annotations/SerializedName
instanceKlass com/google/gson/internal/ReflectionAccessFilterHelper
instanceKlass com/google/gson/annotations/JsonAdapter
instanceKlass com/google/gson/internal/reflect/ReflectionHelper$RecordHelper
instanceKlass com/google/gson/internal/reflect/ReflectionHelper
instanceKlass com/google/gson/internal/GsonTypes
instanceKlass com/google/gson/reflect/TypeToken
instanceKlass com/google/gson/internal/Streams$AppendableWriter$CurrentWrite
instanceKlass com/google/gson/internal/Streams
instanceKlass com/google/gson/internal/bind/ReflectiveTypeAdapterFactory$BoundField
instanceKlass com/google/gson/internal/bind/ReflectiveTypeAdapterFactory
instanceKlass com/google/gson/internal/bind/JsonAdapterAnnotationTypeAdapterFactory$DummyTypeAdapterFactory
instanceKlass com/google/gson/internal/bind/JsonAdapterAnnotationTypeAdapterFactory
instanceKlass com/google/gson/internal/bind/MapTypeAdapterFactory
instanceKlass com/google/gson/internal/bind/CollectionTypeAdapterFactory
instanceKlass com/google/gson/internal/bind/ArrayTypeAdapter$1
instanceKlass com/google/gson/internal/sql/SqlTimestampTypeAdapter$1
instanceKlass com/google/gson/internal/sql/SqlTimeTypeAdapter$1
instanceKlass com/google/gson/internal/sql/SqlDateTypeAdapter$1
instanceKlass com/google/gson/internal/bind/DefaultDateTypeAdapter$DateType
instanceKlass com/google/gson/internal/sql/SqlTypesSupport
instanceKlass com/google/gson/internal/bind/DefaultDateTypeAdapter$1
instanceKlass com/google/gson/internal/bind/NumberTypeAdapter$1
instanceKlass com/google/gson/internal/bind/ObjectTypeAdapter$1
instanceKlass com/google/gson/internal/bind/EnumTypeAdapter$1
instanceKlass com/google/gson/internal/bind/TypeAdapters$31
instanceKlass com/google/gson/internal/bind/TypeAdapters$32
instanceKlass com/google/gson/internal/bind/TypeAdapters$30
instanceKlass com/google/gson/internal/bind/TypeAdapters$29
instanceKlass com/google/gson/internal/bind/TypeAdapters
instanceKlass com/google/gson/internal/ConstructorConstructor
instanceKlass com/google/gson/internal/Excluder
instanceKlass com/google/gson/FormattingStyle
instanceKlass com/google/gson/TypeAdapter
instanceKlass com/google/gson/TypeAdapterFactory
instanceKlass com/google/gson/stream/JsonWriter
instanceKlass com/google/gson/JsonElement
instanceKlass com/google/gson/stream/JsonReader
instanceKlass com/google/gson/ToNumberStrategy
instanceKlass com/google/gson/FieldNamingStrategy
instanceKlass com/google/gson/Gson
instanceKlass org/sonarsource/sonarlint/visualstudio/roslyn/AnalysisCancellationService$AnalysisPollingRunnable
instanceKlass org/sonarsource/sonarlint/visualstudio/roslyn/AnalysisTrackerImpl
instanceKlass org/sonar/api/batch/DependsUpon
instanceKlass org/sonar/api/utils/dag/Node
instanceKlass org/sonar/plugins/javascript/bridge/BridgeServer$ProjectAnalysisConfiguration
instanceKlass org/sonar/plugins/javascript/analysis/JsTsChecks$LanguageAndRepository
instanceKlass org/sonar/plugins/javascript/api/EslintHookRegistrar
instanceKlass org/sonar/plugins/javascript/api/CustomRuleRepository
instanceKlass org/sonar/plugins/common/thread/ParallelizationManager
instanceKlass org/sonar/plugins/common/measures/MemoryMonitor
instanceKlass org/sonar/plugins/html/checks/accessibility/ValidAutocompleteCheck$Candidate
instanceKlass org/sonar/plugins/html/checks/accessibility/ValidAutocompleteCheck$Validator
instanceKlass org/sonar/plugins/html/checks/accessibility/EventHandlers
instanceKlass com/sonar/cpp/plugin/LanguagesHelper
instanceKlass com/sonar/cpp/plugin/cache/FileContentHasher
instanceKlass com/sonar/cpp/plugin/MemoryMonitor
instanceKlass com/sonar/cpp/analyzer/ReproducerRequester
instanceKlass com/sonar/cpp/analyzer/Analyzer
instanceKlass com/sonar/cpp/analyzer/AnalysisExecutor
instanceKlass com/sonar/cpp/plugin/AnalysisResultsExporter
instanceKlass com/sonar/cpp/plugin/RequestsLogger
instanceKlass com/sonar/cpp/plugin/SonarLintSensor
instanceKlass com/sonar/cpp/plugin/AnalysisMetrics
instanceKlass com/sonar/cpp/plugin/AnalysisResult
instanceKlass com/sonar/cpp/plugin/a3s/CFamilyA3SContextCollector
instanceKlass com/sonar/cpp/plugin/cache/TUInfoFileResolver
instanceKlass com/sonar/cpp/plugin/NullDependenciesProvider
instanceKlass jdk/internal/loader/NativeLibraries$Unloader
instanceKlass com/sonar/cpp/jni/FileSystemOperations
instanceKlass org/sonarsource/sonarlint/core/analysis/sonarapi/noop/NoOpNewSignificantCode
instanceKlass org/sonarsource/sonarlint/core/analysis/sonarapi/noop/NoOpNewCoverage
instanceKlass org/sonarsource/sonarlint/core/analysis/sonarapi/noop/NoOpNewCpdTokens
instanceKlass org/sonarsource/sonarlint/core/analysis/sonarapi/noop/NoOpNewSymbolTable
instanceKlass org/sonar/api/batch/sensor/symbol/NewSymbol
instanceKlass org/sonarsource/sonarlint/core/analysis/sonarapi/noop/NoOpNewHighlighting
instanceKlass org/sonarsource/sonarlint/core/analysis/container/analysis/filesystem/DefaultFilePredicates
instanceKlass org/sonarsource/sonarlint/core/analysis/container/analysis/filesystem/AbstractFilePredicate
instanceKlass org/sonarsource/sonarlint/core/analysis/container/analysis/filesystem/OptimizedFilePredicate
instanceKlass org/sonar/api/internal/apachecommons/io/FilenameUtils
instanceKlass org/sonar/api/utils/PathUtils
instanceKlass org/sonar/api/batch/fs/TextRange
instanceKlass org/sonar/api/batch/fs/TextPointer
instanceKlass org/sonarsource/sonarlint/core/analysis/container/analysis/filesystem/ProgressReport
instanceKlass org/apache/commons/csv/CSVParser$1
instanceKlass org/apache/commons/io/input/Input
instanceKlass org/apache/commons/io/function/Uncheck
instanceKlass org/apache/commons/csv/CSVRecord
instanceKlass org/apache/commons/csv/CSVParser$Headers
instanceKlass org/apache/commons/csv/CSVParser$CSVRecordIterator
instanceKlass org/apache/commons/csv/Lexer
instanceKlass org/apache/commons/csv/Token
instanceKlass org/apache/commons/csv/CSVParser
instanceKlass org/apache/commons/csv/Constants
instanceKlass org/apache/commons/csv/CSVFormat$Builder
instanceKlass org/apache/commons/csv/CSVFormat
instanceKlass org/sonarsource/sonarlint/core/plugin/commons/MultivalueProperty
instanceKlass org/sonarsource/sonarlint/core/plugin/commons/container/PriorityBeanFactory$Bean
instanceKlass org/sonar/api/batch/sensor/issue/fix/InputFileEdit
instanceKlass org/sonar/api/batch/sensor/issue/fix/TextEdit
instanceKlass org/sonar/api/batch/sensor/issue/Issue$Flow
instanceKlass org/sonar/api/batch/sensor/issue/fix/QuickFix
instanceKlass org/sonar/api/batch/sensor/measure/Measure
instanceKlass org/sonar/api/batch/sensor/error/AnalysisError
instanceKlass org/sonar/api/batch/sensor/issue/ExternalIssue
instanceKlass org/sonar/api/batch/sensor/rule/AdHocRule
instanceKlass org/sonar/api/batch/sensor/issue/Issue
instanceKlass org/sonar/api/batch/sensor/issue/IIssue
instanceKlass org/sonar/api/batch/sensor/issue/NewExternalIssue
instanceKlass org/sonar/api/batch/sensor/rule/NewAdHocRule
instanceKlass org/sonar/api/batch/sensor/cache/WriteCache
instanceKlass org/sonar/api/batch/sensor/cache/ReadCache
instanceKlass org/sonar/api/batch/sensor/code/NewSignificantCode
instanceKlass org/sonar/api/batch/sensor/coverage/NewCoverage
instanceKlass org/sonar/api/batch/sensor/cpd/NewCpdTokens
instanceKlass org/sonar/api/batch/sensor/symbol/NewSymbolTable
instanceKlass org/sonar/api/batch/sensor/highlighting/NewHighlighting
instanceKlass org/sonar/api/batch/sensor/measure/NewMeasure
instanceKlass org/sonar/api/batch/sensor/error/NewAnalysisError
instanceKlass org/sonar/api/utils/dag/DirectAcyclicGraph
instanceKlass org/sonarsource/sonarlint/core/analysis/sonarapi/DefaultSensorDescriptor
instanceKlass org/sonar/api/utils/WildcardPattern
instanceKlass org/sonar/api/scan/issue/filter/IssueFilterChain
instanceKlass org/sonar/api/scan/issue/filter/FilterableIssue
instanceKlass org/sonar/api/batch/fs/InputDir
instanceKlass org/sonar/api/batch/fs/FilePredicates
instanceKlass org/sonarsource/sonarlint/core/analysis/container/analysis/filesystem/FileIndexer$Progress
instanceKlass org/sonar/api/measures/FileLinesContext
instanceKlass org/sonar/plugins/javascript/analysis/cache/CacheStrategy
instanceKlass org/sonar/plugins/common/git/GitTrackedFilePredicate
instanceKlass org/sonar/plugins/common/measures/TelemetryReporter
instanceKlass org/sonar/plugins/common/analyzer/Analyzer
instanceKlass org/sonar/plugins/common/NotBinaryFilePredicate
instanceKlass org/sonar/plugins/common/git/GitService
instanceKlass org/sonar/plugins/html/visitor/HtmlAstScanner
instanceKlass org/sonarsource/sonarlint/visualstudio/roslyn/protocol/RoslynIssueLocation
instanceKlass org/sonarsource/sonarlint/visualstudio/roslyn/protocol/RoslynIssueTextRange
instanceKlass org/sonar/api/batch/fs/FilePredicate
instanceKlass org/sonarsource/sonarlint/visualstudio/roslyn/protocol/RoslynIssue
instanceKlass com/sonar/cpp/driver/ProcessExecutor
instanceKlass com/sonar/cpp/plugin/AnalysisConfiguration
instanceKlass com/sonar/cpp/analyzer/Analyzer$Measures
instanceKlass com/sonar/cpp/fs/CanonicalPathCache
instanceKlass com/sonar/cpp/plugin/ReproducerArchive
instanceKlass com/sonar/cpp/driver/Capture
instanceKlass com/sonar/cpp/plugin/CFamilySensor$SkippedEntriesStats
instanceKlass com/sonar/cpp/analyzer/CompilerDrivers
instanceKlass com/sonar/cpp/plugin/ConfigurationReader
instanceKlass com/sonar/cpp/analyzer/Analyzer$Request
instanceKlass com/sonar/cpp/plugin/cache/TUInfoCacheHandler
instanceKlass org/sonar/plugins/cpp/api/AutoScanDependenciesProvider
instanceKlass org/sonar/api/issue/NoSonarFilter
instanceKlass org/sonar/api/batch/rule/CheckFactory
instanceKlass org/sonarsource/sonarlint/core/analysis/container/analysis/issue/IssueFilters
instanceKlass org/sonarsource/sonarlint/core/analysis/container/analysis/sensor/SonarLintSensorStorage
instanceKlass org/sonar/api/batch/sensor/internal/SensorStorage
instanceKlass org/sonarsource/sonarlint/core/analysis/sonarapi/DefaultSensorContext
instanceKlass org/sonarsource/sonarlint/core/analysis/container/analysis/sensor/SensorsExecutor
instanceKlass org/sonarsource/sonarlint/core/analysis/container/analysis/sensor/SensorOptimizer
instanceKlass org/sonarsource/sonarlint/core/analysis/container/analysis/issue/ignore/scanner/IssueExclusionsLoader
instanceKlass org/sonarsource/sonarlint/core/analysis/container/analysis/issue/ignore/pattern/AbstractPatternInitializer
instanceKlass org/sonarsource/sonarlint/core/analysis/container/analysis/issue/ignore/IgnoreIssuesFilter
instanceKlass org/sonarsource/sonarlint/core/analysis/container/analysis/issue/ignore/EnforceIssuesFilter
instanceKlass org/sonar/api/scan/issue/filter/IssueFilter
instanceKlass org/sonarsource/sonarlint/core/analysis/container/analysis/filesystem/SonarLintFileSystem
instanceKlass org/sonarsource/sonarlint/core/analysis/container/analysis/filesystem/FileIndexer
instanceKlass org/sonarsource/sonarlint/core/analysis/container/analysis/filesystem/InputFileBuilder
instanceKlass org/sonarsource/sonarlint/core/analysis/container/analysis/filesystem/InputFileIndex
instanceKlass org/sonar/api/batch/fs/FileSystem$Index
instanceKlass org/sonarsource/sonarlint/core/analysis/container/analysis/AnalysisConfigurationProvider
instanceKlass org/sonar/api/resources/Languages
instanceKlass org/sonar/api/scan/filesystem/PathResolver
instanceKlass org/sonarsource/sonarlint/core/analysis/container/analysis/AnalysisTempFolderProvider$NoTempFilesDuringAnalysis
instanceKlass org/sonarsource/sonarlint/core/analysis/container/analysis/AnalysisTempFolderProvider
instanceKlass org/sonarsource/sonarlint/core/analysis/sonarapi/noop/NoOpFileLinesContextFactory
instanceKlass org/sonar/api/measures/FileLinesContextFactory
instanceKlass org/sonarsource/sonarlint/core/analysis/container/analysis/filesystem/SonarLintInputProject
instanceKlass org/sonar/api/scanner/fs/InputProject
instanceKlass org/sonar/api/batch/fs/InputModule
instanceKlass org/sonarsource/sonarlint/core/analysis/container/analysis/IssueListenerHolder
instanceKlass org/apache/commons/io/Charsets
instanceKlass org/apache/commons/io/IOUtils
instanceKlass org/apache/commons/io/function/IOIntConsumer
instanceKlass org/apache/commons/io/function/Erase
instanceKlass org/apache/commons/io/function/IOConsumer
instanceKlass org/apache/commons/io/file/DeleteOption
instanceKlass org/apache/commons/io/file/PathUtils
instanceKlass org/apache/commons/io/ByteOrderMark
instanceKlass org/apache/commons/io/build/AbstractSupplier
instanceKlass org/apache/commons/io/function/IOSupplier
instanceKlass org/sonarsource/sonarlint/core/analysis/api/ClientModuleFileEvent
instanceKlass org/sonarsource/sonarlint/core/analysis/container/analysis/filesystem/FileMetadata$CharHandler
instanceKlass org/sonarsource/sonarlint/core/analysis/container/analysis/filesystem/FileMetadata$Metadata
instanceKlass org/sonarsource/sonarlint/core/analysis/container/analysis/filesystem/SonarLintInputFile
instanceKlass org/sonarsource/sonarlint/core/analysis/sonarapi/ActiveRulesAdapter
instanceKlass org/sonar/api/batch/rule/ActiveRules
instanceKlass org/sonarsource/sonarlint/plugin/api/module/file/ModuleFileEvent
instanceKlass org/sonar/plugins/secrets/utils/CheckContainer$SingleEmittingEmitHandler
instanceKlass org/ahocorasick/trie/PayloadTrie
instanceKlass org/sonar/plugins/common/InputFileContext
instanceKlass org/ahocorasick/trie/handler/PayloadEmitHandler
instanceKlass org/sonarsource/sonarlint/core/analysis/container/module/ModuleFileEventNotifier
instanceKlass org/sonarsource/sonarlint/core/analysis/container/analysis/filesystem/LanguageDetection
instanceKlass org/sonarsource/sonarlint/core/analysis/container/analysis/filesystem/FileMetadata
instanceKlass org/sonarsource/sonarlint/core/analysis/container/module/ModuleInputFileBuilder
instanceKlass org/sonarsource/sonarlint/core/analysis/sonarapi/SonarLintModuleFileSystem
instanceKlass org/sonarsource/sonarlint/plugin/api/module/file/ModuleFileSystem
instanceKlass org/sonarsource/sonarlint/core/analysis/BackendModuleFileSystem
instanceKlass org/sonarsource/sonarlint/core/tracking/matching/KnownIssueMatchingAttributesMapper
instanceKlass org/sonarsource/sonarlint/core/tracking/matching/IssueMatcher$LineHashMatchingCriterion
instanceKlass org/sonarsource/sonarlint/core/tracking/matching/IssueMatcher$LineAndLineHashMatchingCriterion
instanceKlass org/sonarsource/sonarlint/core/tracking/matching/IssueMatcher$TextRangeHashMatchingCriterion
instanceKlass org/sonarsource/sonarlint/core/tracking/matching/IssueMatcher$LineAndMessageMatchingCriterion
instanceKlass org/sonarsource/sonarlint/core/tracking/matching/IssueMatcher$TextRangeHashAndMessageMatchingCriterion
instanceKlass org/sonarsource/sonarlint/core/tracking/matching/IssueMatcher$LineAndTextRangeHashMatchingCriterion
instanceKlass org/sonarsource/sonarlint/core/tracking/matching/IssueMatcher$ServerIssueMatchingCriterion
instanceKlass org/sonarsource/sonarlint/core/tracking/matching/IssueMatcher$MatchingCriterion
instanceKlass org/sonarsource/sonarlint/core/tracking/matching/IssueMatcher$MatchingCriterionFactory
instanceKlass org/sonarsource/sonarlint/core/tracking/matching/IssueMatcher
instanceKlass org/sonarsource/sonarlint/core/tracking/KnownFindings
instanceKlass org/sonarsource/sonarlint/core/commons/util/git/GitBlameReader
instanceKlass org/sonarsource/sonarlint/core/commons/util/git/NativeGit
instanceKlass org/sonarsource/sonarlint/core/commons/util/git/ProcessWrapperFactory$ProcessWrapper
instanceKlass org/sonarsource/sonarlint/core/commons/NewCodeDefinition$NewCodeAlwaysNew
instanceKlass org/jooq/TXTFormat
instanceKlass org/jooq/impl/DefaultFormattingProvider
instanceKlass org/jooq/RecordContext
instanceKlass org/jooq/impl/RecordDelegate
instanceKlass org/jooq/impl/CursorImpl$CursorRecordInitialiser
instanceKlass org/jooq/impl/CursorImpl$CursorIterator
instanceKlass org/jooq/tools/reflect/Reflect
instanceKlass org/jooq/BindingSetSQLOutputContext
instanceKlass org/jooq/BindingGetSQLInputContext
instanceKlass org/jooq/impl/InternalRecord
instanceKlass org/jooq/impl/ThrowingSupplier
instanceKlass org/jooq/tools/jdbc/JDBC41ResultSet
instanceKlass org/h2/expression/condition/ConditionAndOrN$1
instanceKlass org/jooq/impl/AutoAlias
instanceKlass org/jooq/impl/Tools$7
instanceKlass org/jooq/Asterisk
instanceKlass org/jooq/BetweenAndStep15
instanceKlass org/jooq/impl/AbstractContext$JoinNode
instanceKlass org/jooq/impl/SelectQueryImpl$1
instanceKlass org/jooq/impl/QOM$UEmptyTable
instanceKlass org/jooq/impl/Intern
instanceKlass org/jooq/RecordMapper
instanceKlass org/jooq/SelectForUpdateOfStep
instanceKlass org/jooq/SelectForUpdateWaitStep
instanceKlass org/jooq/SelectLimitPercentAfterOffsetStep
instanceKlass org/jooq/SelectWithTiesAfterOffsetStep
instanceKlass org/jooq/SelectLimitAfterOffsetStep
instanceKlass org/jooq/SelectLimitPercentStep
instanceKlass org/jooq/SelectWithTiesStep
instanceKlass org/jooq/SelectOffsetStep
instanceKlass org/jooq/SelectSeekLimitStep
instanceKlass org/jooq/SelectSeekStepN
instanceKlass org/jooq/SelectSeekStep22
instanceKlass org/jooq/SelectSeekStep21
instanceKlass org/jooq/SelectSeekStep20
instanceKlass org/jooq/SelectSeekStep19
instanceKlass org/jooq/SelectSeekStep18
instanceKlass org/jooq/SelectSeekStep17
instanceKlass org/jooq/SelectSeekStep16
instanceKlass org/jooq/SelectSeekStep15
instanceKlass org/jooq/SelectSeekStep14
instanceKlass org/jooq/SelectSeekStep13
instanceKlass org/jooq/SelectSeekStep12
instanceKlass org/jooq/SelectSeekStep11
instanceKlass org/jooq/SelectSeekStep10
instanceKlass org/jooq/SelectSeekStep9
instanceKlass org/jooq/SelectSeekStep8
instanceKlass org/jooq/SelectSeekStep7
instanceKlass org/jooq/SelectSeekStep6
instanceKlass org/jooq/SelectSeekStep5
instanceKlass org/jooq/SelectSeekStep4
instanceKlass org/jooq/SelectSeekStep3
instanceKlass org/jooq/SelectSeekStep2
instanceKlass org/jooq/SelectSeekStep1
instanceKlass org/jooq/SelectQualifyConditionStep
instanceKlass org/jooq/SelectHavingConditionStep
instanceKlass org/jooq/SelectConditionStep
instanceKlass org/jooq/SelectOnConditionStep
instanceKlass org/jooq/SelectOptionalOnStep
instanceKlass org/jooq/SelectJoinPartitionByStep
instanceKlass org/jooq/SelectOnStep
instanceKlass org/jooq/SelectJoinStep
instanceKlass org/jooq/impl/ResultQueryTrait
instanceKlass org/jooq/CloseableResultQuery
instanceKlass org/sonarsource/sonarlint/core/commons/util/StringUtils
instanceKlass org/sonarsource/sonarlint/core/analysis/BackendInputFile
instanceKlass org/sonarsource/sonarlint/core/analysis/api/AnalysisConfiguration$Builder
instanceKlass java/util/TreeMap$TreeMapSpliterator
instanceKlass org/sonarsource/sonarlint/core/rule/extractor/SonarLintRuleDescriptionSection$Context
instanceKlass org/sonarsource/sonarlint/core/rule/extractor/SonarLintRuleDescriptionSection
instanceKlass java/util/EnumMap$EntryIterator$Entry
instanceKlass java/util/EnumMap$EnumMapIterator
instanceKlass org/sonarsource/analyzer/commons/ExternalRuleLoader$ExternalRule
instanceKlass org/sonarsource/analyzer/commons/ExternalRuleLoader
instanceKlass org/apache/commons/io/ByteOrderMark
instanceKlass org/sonar/css/StylelintReportSensor
instanceKlass org/sonar/css/rules/UnitNoUnknown
instanceKlass org/sonar/css/rules/TextSpacing
instanceKlass org/sonar/css/rules/StringNoNewline
instanceKlass org/sonar/css/rules/SelectorTypeNoUnknown
instanceKlass org/sonar/css/rules/SelectorPseudoElementNoUnknown
instanceKlass org/sonar/css/rules/SelectorPseudoClassNoUnknown
instanceKlass org/sonar/css/rules/PropertyNoUnknown
instanceKlass org/sonar/css/rules/NoRestrictOrientation
instanceKlass org/sonar/css/rules/NoInvalidDoubleSlashComments
instanceKlass org/sonar/css/rules/NoExtraSemicolons
instanceKlass org/sonar/css/rules/NoEmptySource
instanceKlass org/sonar/css/rules/NoDuplicateSelectors
instanceKlass org/sonar/css/rules/NoDuplicateAtImportRules
instanceKlass org/sonar/css/rules/NoDescendingSpecificity
instanceKlass org/sonar/css/rules/NoCommentedCode
instanceKlass org/sonar/css/rules/MinimumContrast
instanceKlass org/sonar/css/rules/MediaFeatureNameNoUnknown
instanceKlass org/sonar/css/rules/KeyframeDeclarationNoImportant
instanceKlass org/sonar/css/rules/FunctionLinearGradientNoNonstandardDirection
instanceKlass org/sonar/css/rules/FunctionCalcNoInvalid
instanceKlass org/sonar/css/rules/FunctionCalcNoUnspacedOperator
instanceKlass org/sonar/css/rules/FontFamilyNoMissingGenericFamilyKeyword
instanceKlass org/sonar/css/rules/FontFamilyNoDuplicateNames
instanceKlass org/sonar/css/rules/DeclarationBlockNoShorthandPropertyOverrides
instanceKlass org/sonar/css/rules/DeclarationBlockNoDuplicateProperties
instanceKlass org/sonar/css/rules/CommentNoEmpty
instanceKlass org/sonar/css/rules/ColorNoInvalidHex
instanceKlass org/sonar/css/rules/BlockNoEmpty
instanceKlass org/sonar/css/rules/AtRuleNoUnknown
instanceKlass org/sonar/css/rules/CssRule
instanceKlass org/sonar/css/CssRules
instanceKlass org/sonarsource/analyzer/commons/internal/json/simple/parser/ContainerFactory
instanceKlass org/sonarsource/analyzer/commons/annotations/DeprecatedRuleKey
instanceKlass org/sonarsource/analyzer/commons/annotations/DeprecatedRuleKeys
instanceKlass org/sonar/plugins/javascript/api/TypeScriptRule
instanceKlass org/sonar/javascript/checks/MainFileCheck
instanceKlass org/sonar/javascript/checks/AllChecks
instanceKlass org/sonar/plugins/javascript/api/JavaScriptRule
instanceKlass org/sonar/javascript/checks/CheckList
instanceKlass org/sonarsource/analyzer/commons/EducationRuleLoader
instanceKlass org/sonarsource/analyzer/commons/internal/json/simple/JSONStreamAware
instanceKlass org/sonarsource/analyzer/commons/internal/json/simple/JSONAware
instanceKlass org/sonarsource/analyzer/commons/internal/json/simple/parser/Yytoken
instanceKlass org/sonarsource/analyzer/commons/Resources
instanceKlass org/sonarsource/analyzer/commons/internal/json/simple/parser/Yylex
instanceKlass org/sonarsource/analyzer/commons/internal/json/simple/parser/JSONParser
instanceKlass org/sonarsource/analyzer/commons/JsonParser
instanceKlass org/sonarsource/analyzer/commons/BuiltInQualityProfileJsonLoader
instanceKlass org/sonarsource/analyzer/commons/RuleMetadataLoader
instanceKlass org/sonar/plugins/secrets/SecretsCheckList
instanceKlass org/sonarsource/analyzer/commons/annotations/DeprecatedRuleKey
instanceKlass org/sonarsource/analyzer/commons/annotations/DeprecatedRuleKeys
instanceKlass org/sonarsource/analyzer/commons/EducationRuleLoader
instanceKlass org/sonarsource/analyzer/commons/internal/json/simple/JSONStreamAware
instanceKlass org/sonarsource/analyzer/commons/internal/json/simple/JSONAware
instanceKlass org/sonarsource/analyzer/commons/internal/json/simple/parser/Yytoken
instanceKlass org/sonarsource/analyzer/commons/Resources
instanceKlass org/sonarsource/analyzer/commons/internal/json/simple/parser/Yylex
instanceKlass org/sonarsource/analyzer/commons/internal/json/simple/parser/JSONParser
instanceKlass org/sonarsource/analyzer/commons/JsonParser
instanceKlass org/sonarsource/analyzer/commons/BuiltInQualityProfileJsonLoader
instanceKlass org/sonarsource/analyzer/commons/RuleMetadataLoader
instanceKlass org/sonar/plugins/common/Check
instanceKlass org/sonar/plugins/text/TextCheckList
instanceKlass com/google/gson/internal/bind/ReflectiveTypeAdapterFactory$FieldsData
instanceKlass com/google/gson/internal/GsonTypes$GenericArrayTypeImpl
instanceKlass com/google/gson/internal/Primitives
instanceKlass com/google/gson/annotations/SerializedName
instanceKlass org/sonarsource/dotnet/shared/plugins/RoslynRules$RuleParameter
instanceKlass com/google/gson/internal/ObjectConstructor
instanceKlass com/google/gson/internal/ReflectionAccessFilterHelper
instanceKlass com/google/gson/annotations/JsonAdapter
instanceKlass com/google/gson/internal/reflect/ReflectionHelper$RecordHelper
instanceKlass com/google/gson/internal/reflect/ReflectionHelper
instanceKlass com/google/gson/internal/JsonReaderInternalAccess
instanceKlass com/google/gson/internal/GsonTypes$ParameterizedTypeImpl
instanceKlass com/google/gson/internal/GsonTypes
instanceKlass org/sonarsource/dotnet/shared/plugins/RoslynRules$Rule
instanceKlass com/google/gson/reflect/TypeToken
instanceKlass org/sonarsource/analyzer/commons/EducationRuleLoader
instanceKlass org/sonarsource/analyzer/commons/internal/json/simple/JSONStreamAware
instanceKlass org/sonarsource/analyzer/commons/internal/json/simple/JSONAware
instanceKlass org/sonarsource/analyzer/commons/internal/json/simple/parser/Yytoken
instanceKlass org/sonarsource/analyzer/commons/Resources
instanceKlass org/sonarsource/analyzer/commons/internal/json/simple/parser/Yylex
instanceKlass org/sonarsource/analyzer/commons/internal/json/simple/parser/JSONParser
instanceKlass org/sonarsource/analyzer/commons/JsonParser
instanceKlass org/sonarsource/analyzer/commons/BuiltInQualityProfileJsonLoader
instanceKlass org/sonarsource/analyzer/commons/RuleMetadataLoader
instanceKlass org/sonar/plugins/html/api/BufferStack
instanceKlass org/sonar/plugins/html/checks/AbstractPageCheck$QualifiedAttribute
instanceKlass org/sonarsource/analyzer/commons/recognizers/CodeRecognizer
instanceKlass org/sonarsource/analyzer/commons/recognizers/LanguageFootprint
instanceKlass org/sonarsource/analyzer/commons/annotations/DeprecatedRuleKey
instanceKlass org/sonarsource/analyzer/commons/annotations/DeprecatedRuleKeys
instanceKlass org/sonar/check/RuleProperty
instanceKlass org/sonar/plugins/html/visitor/HtmlSourceCode
instanceKlass org/sonar/api/utils/FieldUtils2
instanceKlass org/sonar/api/server/rule/RulesDefinitionAnnotationLoader
instanceKlass org/sonar/check/Rule
instanceKlass com/sonar/sslr/api/TokenType
instanceKlass com/sonar/sslr/api/AstNodeType
instanceKlass org/sonar/plugins/html/checks/sonar/TableHeaderReferenceCheck$Table$Cell
instanceKlass org/sonar/plugins/html/visitor/DefaultNodeVisitor
instanceKlass org/sonar/sslr/channel/EndMatcher
instanceKlass jakarta/el/FunctionMapper
instanceKlass org/sonar/sslr/channel/Channel
instanceKlass org/sonar/plugins/html/node/Node
instanceKlass org/sonar/plugins/html/checks/HtmlIssue
instanceKlass org/sonar/plugins/html/lex/PageLexer
instanceKlass org/reflections/ReflectionUtils$3
instanceKlass org/reflections/ReflectionUtils$2
instanceKlass org/reflections/ReflectionUtils$1
instanceKlass org/reflections/util/QueryFunction
instanceKlass org/reflections/util/UtilQueryBuilder
instanceKlass org/reflections/util/ReflectionUtilsPredicates
instanceKlass jakarta/el/ELContext
instanceKlass javassist/bytecode/annotation/Annotation$Pair
instanceKlass javassist/bytecode/ExceptionTableEntry
instanceKlass javassist/bytecode/ByteArray
instanceKlass javassist/bytecode/annotation/MemberValue
instanceKlass javassist/bytecode/AnnotationsAttribute$Walker
instanceKlass java/util/AbstractMap$SimpleEntry
instanceKlass javassist/bytecode/annotation/Annotation
instanceKlass org/reflections/util/JavassistHelper
instanceKlass javassist/bytecode/Descriptor
instanceKlass javassist/bytecode/SignatureAttribute$Type
instanceKlass javassist/bytecode/ExceptionTable
instanceKlass javassist/bytecode/MethodInfo
instanceKlass javassist/bytecode/Opcode
instanceKlass javassist/bytecode/AttributeInfo
instanceKlass javassist/bytecode/FieldInfo
instanceKlass javassist/bytecode/LongVector
instanceKlass javassist/bytecode/ConstInfo
instanceKlass javassist/bytecode/ConstPool
instanceKlass javassist/bytecode/ClassFile
instanceKlass org/reflections/vfs/ZipFile
instanceKlass java/util/Spliterators$AbstractSpliterator
instanceKlass org/reflections/vfs/Vfs$File
instanceKlass org/reflections/vfs/ZipDir
instanceKlass org/reflections/vfs/Vfs$Dir
instanceKlass org/reflections/vfs/Vfs$UrlType
instanceKlass org/reflections/vfs/Vfs
instanceKlass org/reflections/util/ClasspathHelper
instanceKlass org/reflections/util/FilterBuilder$Matcher
instanceKlass org/reflections/util/FilterBuilder
instanceKlass org/reflections/util/QueryBuilder
instanceKlass org/reflections/util/ConfigurationBuilder
instanceKlass org/reflections/scanners/Scanner
instanceKlass org/reflections/serializers/Serializer
instanceKlass org/reflections/Configuration
instanceKlass org/reflections/Reflections
instanceKlass org/reflections/util/NameHelper
instanceKlass org/sonar/plugins/html/rules/CheckClasses
instanceKlass org/sonarsource/analyzer/commons/EducationRuleLoader
instanceKlass org/sonarsource/analyzer/commons/internal/json/simple/JSONStreamAware
instanceKlass org/sonarsource/analyzer/commons/internal/json/simple/JSONAware
instanceKlass org/sonarsource/analyzer/commons/internal/json/simple/parser/Yytoken
instanceKlass org/sonarsource/analyzer/commons/Resources
instanceKlass org/sonarsource/analyzer/commons/internal/json/simple/parser/Yylex
instanceKlass org/sonarsource/analyzer/commons/internal/json/simple/parser/JSONParser
instanceKlass org/sonarsource/analyzer/commons/JsonParser
instanceKlass org/sonarsource/analyzer/commons/BuiltInQualityProfileJsonLoader
instanceKlass org/sonarsource/analyzer/commons/RuleMetadataLoader
instanceKlass com/sonar/cpp/plugin/AbstractRulesDefinition$RulesDefinitionStaticParameter
instanceKlass com/sonar/cpp/plugin/CFamilyProfileLoader$Profile
instanceKlass com/sonar/cpp/plugin/CFamilyProfileLoader$RuleParameter
instanceKlass com/sonar/cpp/plugin/Preconditions
instanceKlass com/google/gson/internal/LinkedTreeMap$LinkedTreeMapIterator
instanceKlass com/sonar/cpp/plugin/projectlevel/ProjectLevelRulesKeys
instanceKlass com/google/gson/internal/bind/ObjectTypeAdapter$2
instanceKlass com/google/gson/internal/LinkedTreeMap$Node
instanceKlass com/google/gson/internal/LinkedTreeMap$1
instanceKlass com/google/gson/internal/GsonPreconditions
instanceKlass com/google/gson/internal/GsonTypes$ParameterizedTypeImpl
instanceKlass com/google/gson/internal/bind/ReflectiveTypeAdapterFactory$FieldsData
instanceKlass com/google/gson/annotations/SerializedName
instanceKlass com/sonar/cpp/plugin/AbstractRulesDefinition$Remediation
instanceKlass com/google/gson/internal/ObjectConstructor
instanceKlass com/google/gson/internal/ReflectionAccessFilterHelper
instanceKlass com/google/gson/annotations/JsonAdapter
instanceKlass com/google/gson/internal/Primitives
instanceKlass com/google/gson/internal/reflect/ReflectionHelper$RecordHelper
instanceKlass com/google/gson/internal/reflect/ReflectionHelper
instanceKlass com/google/gson/internal/JsonReaderInternalAccess
instanceKlass com/google/gson/internal/GsonTypes$GenericArrayTypeImpl
instanceKlass com/google/gson/internal/GsonTypes
instanceKlass com/google/gson/reflect/TypeToken
instanceKlass com/sonar/cpp/plugin/Streams
instanceKlass com/sonar/cpp/plugin/CFamilyProfileLoader
instanceKlass com/sonar/cpp/plugin/AbstractRulesDefinition$SonarRulesReader
instanceKlass org/sonar/api/server/rule/internal/ImpactMapper$1
instanceKlass org/sonar/api/server/rule/internal/ImpactMapper
instanceKlass org/sonar/api/server/rule/internal/DefaultParam
instanceKlass org/sonar/api/server/rule/RulesDefinition$Param
instanceKlass org/sonar/api/server/rule/RuleTagsToTypeConverter
instanceKlass org/sonar/api/server/rule/RulesDefinition$Rule
instanceKlass org/sonar/api/server/rule/internal/DefaultRepository
instanceKlass org/sonar/api/server/rule/RulesDefinition$Repository
instanceKlass org/sonar/api/server/rule/RulesDefinition$ExtendedRepository
instanceKlass org/sonar/api/internal/apachecommons/lang3/Validate
instanceKlass org/sonar/api/internal/apachecommons/lang3/ArrayUtils
instanceKlass org/sonar/api/internal/apachecommons/lang3/Range
instanceKlass java/util/Collections$UnmodifiableMap$UnmodifiableEntrySet$UnmodifiableEntrySetSpliterator
instanceKlass org/sonar/api/internal/apachecommons/text/translate/EntityArrays
instanceKlass org/sonar/api/internal/apachecommons/text/translate/CharSequenceTranslator
instanceKlass org/sonar/api/internal/apachecommons/text/StringEscapeUtils
instanceKlass org/sonar/api/server/rule/RuleParamType
instanceKlass java/util/stream/Nodes$IntArrayNode
instanceKlass java/util/stream/Node$Builder$OfInt
instanceKlass org/sonar/api/server/debt/internal/DefaultDebtRemediationFunction$1
instanceKlass org/sonar/api/utils/Duration
instanceKlass org/sonar/api/server/debt/internal/DefaultDebtRemediationFunction
instanceKlass org/sonar/api/server/rule/RuleTagFormat
instanceKlass org/sonar/api/rule/Severity
instanceKlass org/sonar/api/server/rule/Context
instanceKlass org/sonar/api/server/rule/DefaultRuleDescriptionSection
instanceKlass org/sonar/api/server/rule/RuleDescriptionSectionBuilder
instanceKlass org/sonar/api/server/rule/RuleDescriptionSection
instanceKlass org/sonar/api/server/debt/DebtRemediationFunction
instanceKlass org/sonar/api/server/rule/internal/DefaultDebtRemediationFunctions
instanceKlass org/sonar/api/server/rule/StringPatternValidator
instanceKlass org/sonar/api/server/rule/RulesDefinition$NewParam
instanceKlass org/sonar/api/server/rule/RulesDefinition$DebtRemediationFunctions
instanceKlass com/google/gson/internal/bind/ReflectiveTypeAdapterFactory$FieldsData
instanceKlass com/google/gson/internal/GsonTypes$GenericArrayTypeImpl
instanceKlass com/google/gson/internal/Primitives
instanceKlass com/google/gson/annotations/SerializedName
instanceKlass org/sonarsource/dotnet/shared/plugins/RoslynRules$RuleParameter
instanceKlass com/google/gson/internal/ObjectConstructor
instanceKlass com/google/gson/internal/ReflectionAccessFilterHelper
instanceKlass com/google/gson/annotations/JsonAdapter
instanceKlass com/google/gson/internal/reflect/ReflectionHelper$RecordHelper
instanceKlass com/google/gson/internal/reflect/ReflectionHelper
instanceKlass com/google/gson/internal/JsonReaderInternalAccess
instanceKlass com/google/gson/internal/GsonTypes$ParameterizedTypeImpl
instanceKlass com/google/gson/internal/GsonTypes
instanceKlass org/sonarsource/dotnet/shared/plugins/RoslynRules$Rule
instanceKlass com/google/gson/reflect/TypeToken
instanceKlass org/sonarsource/analyzer/commons/EducationRuleLoader
instanceKlass org/sonarsource/analyzer/commons/internal/json/simple/JSONStreamAware
instanceKlass org/sonarsource/analyzer/commons/internal/json/simple/JSONAware
instanceKlass org/sonarsource/analyzer/commons/internal/json/simple/parser/Yytoken
instanceKlass org/sonarsource/analyzer/commons/Resources
instanceKlass org/sonarsource/analyzer/commons/internal/json/simple/parser/Yylex
instanceKlass org/sonarsource/analyzer/commons/internal/json/simple/parser/JSONParser
instanceKlass org/sonarsource/analyzer/commons/JsonParser
instanceKlass org/sonarsource/analyzer/commons/BuiltInQualityProfileJsonLoader
instanceKlass org/sonarsource/analyzer/commons/RuleMetadataLoader
instanceKlass org/sonar/api/server/rule/internal/DefaultNewRepository
instanceKlass org/springframework/core/DecoratingProxy
instanceKlass org/springframework/beans/factory/support/DefaultListableBeanFactory$FactoryAwareOrderSourceProvider
instanceKlass org/springframework/core/CollectionFactory
instanceKlass org/springframework/core/io/WritableResource
instanceKlass org/springframework/core/io/ContextResource
instanceKlass java/beans/PropertyEditorSupport
instanceKlass org/springframework/core/convert/TypeDescriptor$AnnotatedElementAdapter
instanceKlass org/springframework/core/convert/TypeDescriptor$AnnotatedElementSupplier
instanceKlass org/springframework/core/convert/TypeDescriptor
instanceKlass com/google/gson/internal/bind/ReflectiveTypeAdapterFactory$BoundField
instanceKlass com/google/gson/internal/bind/ReflectiveTypeAdapterFactory
instanceKlass com/google/gson/internal/bind/JsonAdapterAnnotationTypeAdapterFactory$DummyTypeAdapterFactory
instanceKlass com/google/gson/internal/bind/JsonAdapterAnnotationTypeAdapterFactory
instanceKlass com/google/gson/internal/bind/MapTypeAdapterFactory
instanceKlass com/google/gson/internal/bind/CollectionTypeAdapterFactory
instanceKlass com/google/gson/internal/bind/ArrayTypeAdapter$1
instanceKlass com/google/gson/internal/sql/SqlTimestampTypeAdapter$1
instanceKlass com/google/gson/internal/sql/SqlTimeTypeAdapter$1
instanceKlass com/google/gson/internal/sql/SqlDateTypeAdapter$1
instanceKlass com/google/gson/internal/bind/DefaultDateTypeAdapter$DateType
instanceKlass com/google/gson/internal/sql/SqlTypesSupport
instanceKlass com/google/gson/internal/bind/DefaultDateTypeAdapter$1
instanceKlass com/google/gson/internal/bind/NumberTypeAdapter$1
instanceKlass com/google/gson/internal/bind/ObjectTypeAdapter$1
instanceKlass com/google/gson/internal/bind/EnumTypeAdapter$1
instanceKlass com/google/gson/internal/bind/TypeAdapters$31
instanceKlass com/google/gson/internal/bind/TypeAdapters$32
instanceKlass com/google/gson/internal/bind/TypeAdapters$30
instanceKlass com/google/gson/internal/bind/TypeAdapters$29
instanceKlass com/google/gson/internal/bind/TypeAdapters
instanceKlass com/google/gson/internal/ConstructorConstructor
instanceKlass com/google/gson/internal/Excluder
instanceKlass com/google/gson/FormattingStyle
instanceKlass com/google/gson/TypeAdapter
instanceKlass com/google/gson/TypeAdapterFactory
instanceKlass com/google/gson/stream/JsonWriter
instanceKlass com/google/gson/JsonElement
instanceKlass com/google/gson/stream/JsonReader
instanceKlass com/google/gson/ToNumberStrategy
instanceKlass com/google/gson/FieldNamingStrategy
instanceKlass com/google/gson/Gson
instanceKlass com/google/gson/internal/bind/ReflectiveTypeAdapterFactory$BoundField
instanceKlass com/google/gson/internal/bind/ReflectiveTypeAdapterFactory
instanceKlass com/google/gson/internal/bind/JsonAdapterAnnotationTypeAdapterFactory$DummyTypeAdapterFactory
instanceKlass com/google/gson/internal/bind/JsonAdapterAnnotationTypeAdapterFactory
instanceKlass com/google/gson/internal/bind/MapTypeAdapterFactory
instanceKlass com/google/gson/internal/bind/CollectionTypeAdapterFactory
instanceKlass com/google/gson/internal/bind/ArrayTypeAdapter$1
instanceKlass com/google/gson/internal/sql/SqlTimestampTypeAdapter$1
instanceKlass com/google/gson/internal/sql/SqlTimeTypeAdapter$1
instanceKlass com/google/gson/internal/sql/SqlDateTypeAdapter$1
instanceKlass com/google/gson/internal/bind/DefaultDateTypeAdapter$DateType
instanceKlass com/google/gson/internal/sql/SqlTypesSupport
instanceKlass com/google/gson/internal/bind/DefaultDateTypeAdapter$1
instanceKlass com/google/gson/internal/bind/NumberTypeAdapter$1
instanceKlass com/google/gson/internal/bind/ObjectTypeAdapter$1
instanceKlass com/google/gson/internal/bind/EnumTypeAdapter$1
instanceKlass com/google/gson/internal/bind/TypeAdapters$31
instanceKlass com/google/gson/internal/bind/TypeAdapters$32
instanceKlass com/google/gson/internal/bind/TypeAdapters$30
instanceKlass com/google/gson/internal/bind/TypeAdapters$29
instanceKlass com/google/gson/internal/bind/TypeAdapters
instanceKlass com/google/gson/internal/ConstructorConstructor
instanceKlass com/google/gson/internal/Excluder
instanceKlass com/google/gson/FormattingStyle
instanceKlass com/google/gson/TypeAdapter
instanceKlass com/google/gson/TypeAdapterFactory
instanceKlass com/google/gson/stream/JsonWriter
instanceKlass com/google/gson/JsonElement
instanceKlass com/google/gson/stream/JsonReader
instanceKlass com/google/gson/ToNumberStrategy
instanceKlass com/google/gson/FieldNamingStrategy
instanceKlass com/google/gson/Gson
instanceKlass org/sonar/api/platform/Server
instanceKlass com/google/gson/internal/bind/ReflectiveTypeAdapterFactory$BoundField
instanceKlass com/google/gson/internal/bind/ReflectiveTypeAdapterFactory
instanceKlass com/google/gson/internal/bind/JsonAdapterAnnotationTypeAdapterFactory$DummyTypeAdapterFactory
instanceKlass com/google/gson/internal/bind/JsonAdapterAnnotationTypeAdapterFactory
instanceKlass com/google/gson/internal/bind/MapTypeAdapterFactory
instanceKlass com/google/gson/internal/bind/CollectionTypeAdapterFactory
instanceKlass com/google/gson/internal/bind/ArrayTypeAdapter$1
instanceKlass com/google/gson/internal/sql/SqlTimestampTypeAdapter$1
instanceKlass com/google/gson/internal/sql/SqlTimeTypeAdapter$1
instanceKlass com/google/gson/internal/sql/SqlDateTypeAdapter$1
instanceKlass com/google/gson/internal/bind/DefaultDateTypeAdapter$DateType
instanceKlass com/google/gson/internal/sql/SqlTypesSupport
instanceKlass com/google/gson/internal/bind/DefaultDateTypeAdapter$1
instanceKlass com/google/gson/internal/bind/NumberTypeAdapter$1
instanceKlass com/google/gson/internal/bind/ObjectTypeAdapter$1
instanceKlass com/google/gson/internal/bind/EnumTypeAdapter$1
instanceKlass com/google/gson/internal/bind/TypeAdapters$31
instanceKlass com/google/gson/internal/bind/TypeAdapters$32
instanceKlass com/google/gson/internal/bind/TypeAdapters$30
instanceKlass com/google/gson/internal/bind/TypeAdapters$29
instanceKlass com/google/gson/internal/bind/TypeAdapters
instanceKlass com/google/gson/internal/ConstructorConstructor
instanceKlass com/google/gson/internal/Excluder
instanceKlass com/google/gson/FormattingStyle
instanceKlass com/google/gson/TypeAdapter
instanceKlass com/google/gson/TypeAdapterFactory
instanceKlass com/google/gson/stream/JsonWriter
instanceKlass com/google/gson/JsonElement
instanceKlass com/google/gson/stream/JsonReader
instanceKlass com/google/gson/ToNumberStrategy
instanceKlass com/google/gson/FieldNamingStrategy
instanceKlass com/google/gson/Gson
instanceKlass org/sonar/plugins/dotnet/tests/coverage/CoverageReportImportSensor$FileCountStatistics
instanceKlass org/sonar/plugins/dotnet/tests/coverage/Coverage
instanceKlass com/sonar/cpp/plugin/AbstractRulesDefinition$RuleMetadata
instanceKlass com/sonar/cpp/plugin/EducationRuleLoader
instanceKlass com/sonar/cpp/plugin/AbstractRulesDefinition$1
instanceKlass org/sonar/api/server/rule/RulesDefinitionXmlLoader$ParamStruct
instanceKlass javax/xml/stream/events/StartElement
instanceKlass javax/xml/stream/events/XMLEvent
instanceKlass javax/xml/stream/XMLStreamConstants
instanceKlass javax/xml/stream/XMLEventReader
instanceKlass org/sonar/api/server/rule/RulesDefinition$NewRule
instanceKlass org/sonar/api/server/rule/RulesDefinition$NewRepository
instanceKlass org/sonar/api/server/rule/RulesDefinition$NewExtendedRepository
instanceKlass org/sonar/api/config/PropertyDefinition$Result
instanceKlass org/sonar/plugins/javascript/analysis/cache/CacheAnalysis
instanceKlass org/sonar/api/batch/sensor/issue/NewIssueLocation
instanceKlass org/sonar/api/batch/sensor/issue/NewIssue
instanceKlass org/sonar/plugins/javascript/analysis/JsTsContext
instanceKlass org/sonar/plugins/javascript/bridge/AnalysisConfiguration
instanceKlass org/sonar/plugins/javascript/bridge/EslintRule
instanceKlass org/sonar/api/rule/RuleKey
instanceKlass org/sonar/api/batch/rule/Checks
instanceKlass org/sonar/plugins/javascript/api/EslintHook
instanceKlass org/sonar/api/measures/Metric
instanceKlass org/sonar/api/batch/measure/Metric
instanceKlass org/sonar/api/batch/fs/InputFile
instanceKlass org/sonar/api/batch/fs/IndexedFile
instanceKlass org/sonar/api/batch/fs/InputPath
instanceKlass org/sonar/api/batch/fs/InputComponent
instanceKlass org/sonar/api/batch/fs/FileSystem
instanceKlass java/net/http/HttpRequest
instanceKlass java/net/http/HttpResponse
instanceKlass com/sonar/cpp/plugin/AbstractRulesDefinition$RulesReader
instanceKlass com/sonar/cpp/analyzer/Analyzer$Response
instanceKlass com/sonar/cpp/plugin/TaintAnalysisMetrics
instanceKlass org/sonar/api/batch/sensor/SensorDescriptor
instanceKlass org/sonar/api/batch/sensor/SensorContext
instanceKlass com/sonar/cpp/analyzer/Analyzer$MessagePart
instanceKlass com/sonar/cpp/analyzer/AnalysisOutputHandler
instanceKlass com/sonar/cpp/analyzer/AnalysisResultHandler
instanceKlass org/sonar/api/server/rule/RulesDefinition$AbstractContext
instanceKlass org/sonarsource/sonarlint/core/rule/extractor/NoopTempFolder
instanceKlass org/sonarsource/sonarlint/core/rule/extractor/RuleDefinitionsLoader
instanceKlass org/sonar/api/server/rule/RulesDefinitionXmlLoader
instanceKlass org/sonar/api/batch/Phase
instanceKlass org/sonar/plugins/dotnet/tests/UnitTestResultsImportSensor
instanceKlass org/sonar/plugins/dotnet/tests/UnitTestResultsAggregator
instanceKlass org/sonarsource/dotnet/shared/plugins/UnitTestResultsProvider
instanceKlass org/sonar/plugins/dotnet/tests/coverage/CoverageReportImportSensor
instanceKlass org/sonar/plugins/dotnet/tests/coverage/CoverageAggregator
instanceKlass org/sonarsource/dotnet/shared/plugins/CodeCoverageProvider
instanceKlass java/net/URLClassLoader$3$1
instanceKlass java/net/URLClassLoader$3
instanceKlass org/sonar/api/utils/ManifestUtils
instanceKlass org/sonarsource/dotnet/shared/plugins/AbstractPropertyDefinitions
instanceKlass org/sonarsource/dotnet/shared/plugins/RoslynDataImporter
instanceKlass org/sonarsource/dotnet/shared/plugins/ProtobufDataImporter
instanceKlass org/sonarsource/dotnet/shared/plugins/filters/WrongEncodingFileFilter
instanceKlass org/sonarsource/dotnet/shared/plugins/filters/GeneratedFileFilter
instanceKlass org/sonarsource/dotnet/shared/plugins/EncodingPerFile
instanceKlass org/sonarsource/dotnet/shared/plugins/AbstractLanguageConfiguration
instanceKlass org/sonarsource/dotnet/shared/plugins/sensors/AbstractFileCacheSensor
instanceKlass org/sonarsource/dotnet/shared/plugins/sensors/DotNetSensor
instanceKlass org/sonarsource/dotnet/shared/plugins/AbstractSonarWayProfile
instanceKlass org/sonarsource/dotnet/shared/plugins/RoslynRules
instanceKlass org/sonar/api/batch/bootstrap/ProjectBuilder
instanceKlass org/sonarsource/dotnet/shared/plugins/DotNetRulesDefinition
instanceKlass org/sonarsource/dotnet/shared/plugins/HashProvider
instanceKlass org/sonarsource/dotnet/shared/plugins/ReportPathCollector
instanceKlass org/sonarsource/dotnet/shared/plugins/ProjectTypeCollector
instanceKlass org/sonarsource/dotnet/shared/plugins/RealPathProvider
instanceKlass org/sonarsource/dotnet/shared/plugins/ModuleConfiguration
instanceKlass org/sonarsource/dotnet/shared/plugins/sensors/PropertiesSensor
instanceKlass org/sonarsource/dotnet/shared/plugins/sensors/TelemetryJsonProcessor
instanceKlass org/sonarsource/dotnet/shared/plugins/sensors/TelemetryJsonProjectCollector
instanceKlass org/sonarsource/dotnet/shared/plugins/sensors/TelemetryJsonSensor
instanceKlass org/sonarsource/dotnet/shared/plugins/telemetryjson/TelemetryJsonCollector
instanceKlass org/sonarsource/dotnet/shared/plugins/sensors/TelemetryProcessor
instanceKlass org/sonarsource/dotnet/shared/plugins/sensors/TelemetrySensor
instanceKlass org/sonarsource/dotnet/shared/plugins/TelemetryCollector
instanceKlass org/sonarsource/dotnet/shared/plugins/sensors/MethodDeclarationsSensor
instanceKlass org/sonarsource/dotnet/shared/plugins/MethodDeclarationsCollector
instanceKlass org/sonarsource/dotnet/shared/plugins/sensors/LogSensor
instanceKlass org/sonarsource/dotnet/shared/plugins/sensors/FileTypeSensor
instanceKlass org/sonarsource/vbnet/core/VbNetCoreExtensions
instanceKlass org/sonar/api/config/Category
instanceKlass org/sonarsource/sonarlint/core/plugin/commons/ExtensionUtils
instanceKlass org/sonarsource/dotnet/shared/plugins/RoslynRules
instanceKlass org/sonarsource/dotnet/shared/plugins/DotNetRulesDefinition
instanceKlass org/sonarsource/csharp/core/CSharpCoreExtensions
instanceKlass org/sonarsource/sonarlint/core/rule/extractor/EmptyConfiguration
instanceKlass org/sonarsource/sonarlint/core/file/WindowsShortcutUtils
instanceKlass org/sonarsource/sonarlint/core/commons/util/FileUtils
instanceKlass org/eclipse/jgit/lib/internal/WorkQueue$2
instanceKlass org/eclipse/jgit/lib/internal/WorkQueue$1
instanceKlass org/eclipse/jgit/lib/internal/WorkQueue
instanceKlass org/eclipse/jgit/lib/RepositoryCacheConfig
instanceKlass org/eclipse/jgit/lib/RepositoryCache$Lock
instanceKlass org/eclipse/jgit/lib/RepositoryCache
instanceKlass org/eclipse/jgit/ignore/IgnoreNode
instanceKlass org/eclipse/jgit/lib/InflaterCache
instanceKlass org/eclipse/jgit/internal/storage/file/DeltaBaseCache
instanceKlass org/eclipse/jgit/internal/storage/file/WindowCache$StatsRecorderImpl
instanceKlass org/eclipse/jgit/storage/file/WindowCacheStats
instanceKlass org/eclipse/jgit/internal/storage/file/WindowCache$Lock
instanceKlass org/eclipse/jgit/storage/file/WindowCacheConfig
instanceKlass org/eclipse/jgit/internal/storage/file/WindowCache$PageRef
instanceKlass org/eclipse/jgit/internal/storage/file/ByteWindow
instanceKlass org/eclipse/jgit/internal/storage/file/WindowCache$StatsRecorder
instanceKlass org/eclipse/jgit/internal/storage/file/WindowCache$CleanupQueue
instanceKlass org/eclipse/jgit/internal/storage/file/WindowCache
instanceKlass org/eclipse/jgit/lib/BitmapIndex
instanceKlass org/eclipse/jgit/revwalk/ObjectReachabilityChecker
instanceKlass org/eclipse/jgit/revwalk/ReachabilityChecker
instanceKlass org/eclipse/jgit/lib/AsyncObjectSizeQueue
instanceKlass org/eclipse/jgit/lib/AsyncObjectLoaderQueue
instanceKlass org/eclipse/jgit/lib/AsyncOperation
instanceKlass org/eclipse/jgit/internal/storage/file/FileCommitGraph$GraphSnapshot
instanceKlass org/eclipse/jgit/internal/storage/file/FileCommitGraph
instanceKlass org/eclipse/jgit/internal/storage/file/Pack
instanceKlass org/eclipse/jgit/internal/storage/file/PackDirectory$PackList
instanceKlass org/eclipse/jgit/internal/storage/pack/StoredObjectRepresentation
instanceKlass org/eclipse/jgit/internal/storage/file/PackDirectory
instanceKlass org/eclipse/jgit/internal/storage/file/UnpackedObjectCache$Table
instanceKlass org/eclipse/jgit/internal/storage/file/UnpackedObjectCache
instanceKlass org/eclipse/jgit/internal/storage/file/LooseObjects
instanceKlass org/eclipse/jgit/internal/storage/file/ObjectDirectory$AlternateHandle
instanceKlass org/eclipse/jgit/lib/ObjectInserter
instanceKlass org/eclipse/jgit/internal/storage/pack/ObjectReuseAsIs
instanceKlass org/eclipse/jgit/lib/ObjectReader
instanceKlass org/eclipse/jgit/lib/Config$SectionParser
instanceKlass org/eclipse/jgit/lib/CoreConfig
instanceKlass org/eclipse/jgit/lib/BatchRefUpdate
instanceKlass org/eclipse/jgit/lib/ReflogReader
instanceKlass org/eclipse/jgit/lib/RefUpdate
instanceKlass org/eclipse/jgit/lib/RefRename
instanceKlass org/eclipse/jgit/lib/ObjectIdRef
instanceKlass org/eclipse/jgit/internal/storage/file/RefDirectory$LooseRef
instanceKlass org/eclipse/jgit/lib/Ref
instanceKlass org/eclipse/jgit/util/RefList
instanceKlass org/eclipse/jgit/events/ListenerHandle
instanceKlass org/eclipse/jgit/events/ConfigChangedListener
instanceKlass org/eclipse/jgit/util/FS$Holder
instanceKlass org/eclipse/jgit/lib/ConfigSnapshot$LineComparator
instanceKlass org/eclipse/jgit/lib/ConfigLine
instanceKlass org/eclipse/jgit/lib/Config$StringReader
instanceKlass org/eclipse/jgit/util/References
instanceKlass org/eclipse/jgit/util/NB
instanceKlass java/nio/file/attribute/FileTime$1
instanceKlass org/eclipse/jgit/util/FileUtils
instanceKlass org/eclipse/jgit/util/FileUtils$IOFunction
instanceKlass org/eclipse/jgit/internal/util/ShutdownHook$Listener
instanceKlass java/util/ResourceBundle$Control$2
instanceKlass java/util/ResourceBundle$CacheKeyReference
instanceKlass java/util/ResourceBundle$CacheKey
instanceKlass java/util/ServiceLoader$ProviderSpliterator
instanceKlass java/util/spi/ResourceBundleControlProvider
instanceKlass java/util/ResourceBundle$ResourceBundleControlProviderHolder
instanceKlass org/eclipse/jgit/nls/GlobalBundleCache
instanceKlass org/eclipse/jgit/nls/NLS
instanceKlass org/eclipse/jgit/nls/TranslationBundle
instanceKlass org/eclipse/jgit/internal/util/CleanupService
instanceKlass org/eclipse/jgit/util/SimpleLruCache
instanceKlass org/eclipse/jgit/util/FS$FileStoreAttributes
instanceKlass org/eclipse/jgit/internal/storage/file/FileSnapshot
instanceKlass org/eclipse/jgit/lib/ConfigSnapshot
instanceKlass org/eclipse/jgit/lib/DefaultTypedConfigGetter
instanceKlass org/eclipse/jgit/lib/TypedConfigGetter
instanceKlass org/eclipse/jgit/events/RepositoryListener
instanceKlass org/eclipse/jgit/events/ListenerList
instanceKlass org/eclipse/jgit/events/RepositoryEvent
instanceKlass org/eclipse/jgit/lib/ProgressMonitor
instanceKlass org/eclipse/jgit/attributes/AttributesNodeProvider
instanceKlass org/eclipse/jgit/lib/ObjectDatabase
instanceKlass org/eclipse/jgit/lib/RefDatabase
instanceKlass org/eclipse/jgit/util/IO
instanceKlass org/eclipse/jgit/lib/RepositoryCache$FileKey
instanceKlass org/eclipse/jgit/lib/RepositoryCache$Key
instanceKlass org/eclipse/jgit/util/StringUtils
instanceKlass org/eclipse/jgit/util/MutableInteger
instanceKlass org/eclipse/jgit/util/RawParseUtils
instanceKlass org/eclipse/jgit/lib/Constants
instanceKlass org/eclipse/jgit/lib/ObjectChecker
instanceKlass org/eclipse/jgit/util/time/MonotonicClock
instanceKlass org/eclipse/jgit/util/SystemReader
instanceKlass org/eclipse/jgit/util/FS$FSFactory
instanceKlass org/eclipse/jgit/treewalk/WorkingTreeIterator$Entry
instanceKlass org/eclipse/jgit/util/FS
instanceKlass org/eclipse/jgit/lib/Config
instanceKlass org/eclipse/jgit/lib/Repository
instanceKlass org/eclipse/jgit/lib/BaseRepositoryBuilder
instanceKlass io/sentry/SpanFinishedCallback
instanceKlass org/sonarsource/sonarlint/core/commons/tracing/Span
instanceKlass java/util/PriorityQueue$Itr
instanceKlass org/sonarsource/sonarlint/core/analysis/AnalysisQueue$QueuedCommand
instanceKlass org/sonarsource/sonarlint/core/progress/ClientAwareProgressMonitor
instanceKlass io/sentry/Span
instanceKlass io/sentry/SentryTracer$FinishStatus
instanceKlass io/sentry/SentryTracer
instanceKlass io/sentry/TracesSamplingDecision
instanceKlass io/sentry/TracesSampler
instanceKlass io/sentry/SamplingContext
instanceKlass io/sentry/SpanOptions
instanceKlass java/util/AbstractMap$2$1
instanceKlass org/java_websocket/WebSocketAdapter
instanceKlass org/java_websocket/WebSocketListener
instanceKlass org/java_websocket/WebSocket
instanceKlass jdk/internal/net/http/common/Log
instanceKlass jdk/internal/net/http/RedirectFilter
instanceKlass jdk/internal/net/http/AuthenticationFilter
instanceKlass jdk/internal/net/http/HeaderFilter
instanceKlass jdk/internal/net/http/FilterFactory
instanceKlass jdk/internal/net/http/ConnectionPool$ExpiryList
instanceKlass jdk/internal/net/http/common/FlowTube$TubePublisher
instanceKlass jdk/internal/net/http/common/FlowTube$TubeSubscriber
instanceKlass java/util/concurrent/Flow$Subscriber
instanceKlass jdk/internal/net/http/ConnectionPool
instanceKlass jdk/internal/net/http/Http2ClientImpl
instanceKlass java/util/function/BooleanSupplier
instanceKlass jdk/internal/net/http/HttpClientImpl$DelegatingExecutor
instanceKlass jdk/internal/net/http/HttpClientImpl$DefaultThreadFactory
instanceKlass javax/net/ssl/KeyManagerFactorySpi
instanceKlass javax/net/ssl/KeyManagerFactory$1
instanceKlass javax/net/ssl/KeyManagerFactory
instanceKlass sun/security/ssl/SSLContextImpl$DefaultManagersHolder$1
instanceKlass sun/security/ssl/SSLContextImpl$DefaultManagersHolder
instanceKlass jdk/internal/net/http/HttpClientImpl$SSLDirectBufferSupplier
instanceKlass jdk/internal/net/http/common/DebugLogger
instanceKlass jdk/internal/net/http/HttpClientImpl$SingleFacadeFactory
instanceKlass jdk/internal/net/http/common/Logger
instanceKlass jdk/internal/net/http/common/Utils
instanceKlass jdk/internal/net/http/common/OperationTrackers$Tracker
instanceKlass jdk/internal/net/http/common/BufferSupplier
instanceKlass java/net/http/WebSocket$Builder
instanceKlass jdk/internal/net/http/common/OperationTrackers$Trackable
instanceKlass jdk/internal/net/http/HttpClientBuilderImpl
instanceKlass java/net/http/HttpClient$Builder
instanceKlass org/sonar/plugins/javascript/bridge/Http$JdkHttp
instanceKlass com/google/gson/internal/bind/ReflectiveTypeAdapterFactory$BoundField
instanceKlass com/google/gson/internal/bind/ReflectiveTypeAdapterFactory
instanceKlass com/google/gson/internal/bind/JsonAdapterAnnotationTypeAdapterFactory$DummyTypeAdapterFactory
instanceKlass com/google/gson/internal/bind/JsonAdapterAnnotationTypeAdapterFactory
instanceKlass com/google/gson/internal/bind/MapTypeAdapterFactory
instanceKlass com/google/gson/internal/bind/CollectionTypeAdapterFactory
instanceKlass com/google/gson/internal/bind/ArrayTypeAdapter$1
instanceKlass com/google/gson/internal/sql/SqlTimestampTypeAdapter$1
instanceKlass com/google/gson/internal/sql/SqlTimeTypeAdapter$1
instanceKlass com/google/gson/internal/sql/SqlDateTypeAdapter$1
instanceKlass com/google/gson/internal/bind/DefaultDateTypeAdapter$DateType
instanceKlass com/google/gson/internal/sql/SqlTypesSupport
instanceKlass com/google/gson/internal/bind/DefaultDateTypeAdapter$1
instanceKlass com/google/gson/internal/bind/NumberTypeAdapter$1
instanceKlass com/google/gson/internal/bind/ObjectTypeAdapter$1
instanceKlass com/google/gson/internal/bind/EnumTypeAdapter$1
instanceKlass com/google/gson/internal/bind/TypeAdapters$31
instanceKlass com/google/gson/internal/bind/TypeAdapters$32
instanceKlass com/google/gson/internal/bind/TypeAdapters$30
instanceKlass com/google/gson/internal/bind/TypeAdapters$29
instanceKlass com/google/gson/internal/bind/TypeAdapters
instanceKlass com/google/gson/internal/ConstructorConstructor
instanceKlass com/google/gson/internal/Excluder
instanceKlass com/google/gson/FormattingStyle
instanceKlass com/google/gson/TypeAdapter
instanceKlass com/google/gson/TypeAdapterFactory
instanceKlass com/google/gson/stream/JsonWriter
instanceKlass com/google/gson/JsonElement
instanceKlass com/google/gson/stream/JsonReader
instanceKlass com/google/gson/ToNumberStrategy
instanceKlass com/google/gson/FieldNamingStrategy
instanceKlass com/google/gson/Gson
instanceKlass java/net/URLClassLoader$2
instanceKlass javax/annotation/Nullable
instanceKlass org/sonar/api/notifications/AnalysisWarnings
instanceKlass org/sonar/plugins/javascript/nodejs/StreamConsumer
instanceKlass org/sonar/plugins/javascript/bridge/Http
instanceKlass org/sonar/plugins/javascript/api/RulesBundle
instanceKlass org/sonar/plugins/javascript/bridge/WebSocketMessageHandler
instanceKlass javax/annotation/meta/TypeQualifier
instanceKlass javax/annotation/Nonnull
instanceKlass javax/annotation/CheckForNull
instanceKlass org/sonar/plugins/javascript/nodejs/NodeCommand
instanceKlass org/sonar/plugins/secrets/api/SecretsSpecificationLoader
instanceKlass org/sonar/plugins/secrets/api/SpecificationLoader
instanceKlass org/sonar/plugins/common/measures/DurationStatistics
instanceKlass org/sonarsource/sonarlint/visualstudio/roslyn/AnalysisTracker
instanceKlass java/net/http/HttpClient
instanceKlass org/sonar/api/batch/DependedUpon
instanceKlass org/sonar/plugins/javascript/sonarlint/FSListenerImpl
instanceKlass org/sonar/plugins/javascript/sonarlint/FSListener
instanceKlass org/sonarsource/sonarlint/plugin/api/module/file/ModuleFileListener
instanceKlass org/sonar/plugins/javascript/JavaScriptPlugin$SonarLintPluginAPIVersion
instanceKlass org/sonar/plugins/javascript/JavaScriptPlugin$SonarLintPluginAPIManager
instanceKlass org/sonar/css/CssRulesDefinition
instanceKlass org/sonar/css/CssProfileDefinition
instanceKlass org/sonar/plugins/javascript/bridge/Environment
instanceKlass org/sonar/plugins/javascript/bridge/EmbeddedNode
instanceKlass org/sonar/plugins/javascript/analysis/AnalysisProcessor
instanceKlass org/sonar/plugins/javascript/bridge/AnalysisWarningsWrapper
instanceKlass org/sonar/plugins/javascript/analysis/JsTsChecks
instanceKlass org/sonar/plugins/javascript/bridge/RulesBundles
instanceKlass org/sonar/plugins/javascript/rules/TypeScriptRulesDefinition
instanceKlass org/sonar/plugins/javascript/analysis/AbstractBridgeSensor
instanceKlass org/sonar/plugins/javascript/bridge/BundleImpl
instanceKlass org/sonar/plugins/javascript/bridge/Bundle
instanceKlass org/sonar/plugins/javascript/nodejs/BundlePathResolver
instanceKlass org/sonar/plugins/javascript/bridge/NodeDeprecationWarning
instanceKlass org/sonar/plugins/javascript/bridge/BridgeServerImpl
instanceKlass org/sonar/plugins/javascript/bridge/BridgeServer
instanceKlass org/sonar/plugins/javascript/nodejs/ProcessWrapperImpl
instanceKlass org/sonar/plugins/javascript/nodejs/ProcessWrapper
instanceKlass org/sonar/plugins/javascript/nodejs/NodeCommandBuilderImpl
instanceKlass org/sonar/plugins/javascript/nodejs/NodeCommandBuilder
instanceKlass org/sonar/plugins/javascript/analysis/JsTsExclusionsFilter
instanceKlass org/sonar/api/batch/fs/InputFileFilter
instanceKlass org/sonar/plugins/javascript/JavaScriptProfilesDefinition
instanceKlass org/sonar/plugins/javascript/rules/JavaScriptRulesDefinition
instanceKlass org/sonar/plugins/javascript/analysis/AnalysisConsumers
instanceKlass org/sonar/plugins/javascript/api/JsAnalysisConsumer
instanceKlass org/sonar/plugins/secrets/utils/CheckContainer
instanceKlass org/sonar/plugins/secrets/configuration/SecretsSpecificationContainer
instanceKlass org/sonar/plugins/common/DefaultQualityProfileDefinition
instanceKlass org/sonar/plugins/common/CommonRulesDefinition
instanceKlass org/sonar/plugins/common/warnings/DefaultAnalysisWarningsWrapper
instanceKlass org/sonar/plugins/common/warnings/AnalysisWarningsWrapper
instanceKlass org/sonar/plugins/common/TextAndSecretsSensor
instanceKlass org/sonar/plugins/html/core/HtmlSensor
instanceKlass org/sonar/plugins/html/rules/JspQualityProfile
instanceKlass org/sonar/plugins/html/rules/SonarWayProfile
instanceKlass org/sonar/plugins/html/rules/HtmlRulesDefinition
instanceKlass org/sonarsource/sonarlint/visualstudio/roslyn/SqvsRoslynPluginPropertyDefinitions
instanceKlass org/sonarsource/sonarlint/visualstudio/roslyn/http/HttpAnalysisRequestHandler
instanceKlass org/sonarsource/sonarlint/visualstudio/roslyn/RemoteAnalysisService
instanceKlass org/sonarsource/sonarlint/visualstudio/roslyn/AnalysisPropertiesProvider
instanceKlass org/sonarsource/sonarlint/visualstudio/roslyn/InstanceConfigurationProvider
instanceKlass org/sonarsource/sonarlint/visualstudio/roslyn/AnalysisCancellationService
instanceKlass org/sonarsource/sonarlint/visualstudio/roslyn/http/HttpClientHandler
instanceKlass org/sonarsource/sonarlint/visualstudio/roslyn/http/HttpClientProvider
instanceKlass org/sonarsource/sonarlint/visualstudio/roslyn/http/JsonRequestBuilder
instanceKlass org/sonarsource/sonarlint/visualstudio/roslyn/SqvsRoslynSensor
instanceKlass org/sonar/api/ExtensionPoint
instanceKlass org/sonar/api/batch/InstantiationStrategy
instanceKlass org/sonar/api/batch/ScannerSide
instanceKlass com/sonar/cpp/analyzer/AutoScanTargets
instanceKlass org/sonar/api/config/PropertyDefinition$Builder
instanceKlass com/sonar/cpp/plugin/CFamilyPluginProperties
instanceKlass org/slf4j/helpers/FormattingTuple
instanceKlass org/slf4j/helpers/NormalizedParameters
instanceKlass org/slf4j/helpers/MessageFormatter
instanceKlass com/sonar/cpp/plugin/a3s/UnsupportedA3SContextCollectorWrapper
instanceKlass com/sonar/cpp/plugin/a3s/A3SContextCollectorWrapper
instanceKlass com/sonar/cpp/plugin/SonarRuntimeUtils
instanceKlass com/sonar/cpp/plugin/CFamilyProfile
instanceKlass org/sonar/api/server/profile/BuiltInQualityProfilesDefinition
instanceKlass com/sonar/cpp/plugin/AbstractRulesDefinition
instanceKlass org/sonar/api/server/rule/RulesDefinition
instanceKlass org/sonar/api/resources/AbstractLanguage
instanceKlass org/sonar/api/resources/Language
instanceKlass com/sonarsource/plugins/license/api/LicensedPluginRegistration$Builder
instanceKlass com/sonarsource/plugins/license/api/LicensedPluginRegistration
instanceKlass com/sonar/cpp/plugin/CFamilyTaintAnalysisSensor
instanceKlass com/sonar/cpp/plugin/CFamilySensor
instanceKlass org/sonar/api/batch/sensor/Sensor
instanceKlass org/sonar/api/scanner/sensor/ProjectSensor
instanceKlass com/sonar/cpp/plugin/CFamilyPluginInfo
instanceKlass com/sonar/cpp/plugin/AnalyzerUnpacker
instanceKlass org/sonarsource/sonarlint/core/plugin/commons/sonarapi/PluginContextImpl$Builder
instanceKlass org/sonarsource/sonarlint/core/plugin/commons/sonarapi/ConfigurationBridge
instanceKlass sun/reflect/annotation/AnnotationInvocationHandler$1
instanceKlass java/nio/file/TempFileHelper
instanceKlass org/sonarsource/sonarlint/core/analysis/container/global/GlobalTempFolderProvider$CleanFilter
instanceKlass org/sonar/api/utils/UriReader$SchemeProcessor
instanceKlass org/sonarsource/sonarlint/core/analysis/sonarapi/DefaultTempFolder
instanceKlass org/sonar/api/Startable
instanceKlass org/sonar/api/utils/TempFolder
instanceKlass org/sonar/api/Plugin$Context
instanceKlass org/sonarsource/sonarlint/core/analysis/container/global/ModuleRegistry
instanceKlass org/sonarsource/api/sonarlint/SonarLintSide
instanceKlass org/sonar/api/utils/UriReader
instanceKlass org/sonarsource/sonarlint/core/analysis/container/global/GlobalTempFolderProvider
instanceKlass org/sonarsource/sonarlint/core/plugin/commons/sonarapi/SonarLintRuntimeImpl
instanceKlass org/sonarsource/sonarlint/plugin/api/SonarLintRuntime
instanceKlass org/sonar/api/SonarRuntime
instanceKlass org/sonar/api/SonarQubeVersion
instanceKlass org/sonarsource/sonarlint/core/plugin/commons/ExtensionInstaller
instanceKlass org/sonar/api/config/Configuration
instanceKlass org/sonarsource/sonarlint/core/analysis/container/global/GlobalConfigurationProvider
instanceKlass org/sonar/api/config/Settings
instanceKlass org/sonarsource/sonarlint/core/commons/tracing/Step
instanceKlass org/sonar/api/ce/ComputeEngineSide
instanceKlass org/sonar/api/server/ServerSide
instanceKlass org/sonar/api/scanner/ScannerSide
instanceKlass org/sonarsource/sonarlint/core/plugin/commons/container/StartableBeanPostProcessor
instanceKlass org/sonar/api/config/PropertyDefinition
instanceKlass org/sonar/api/Property
instanceKlass org/sonar/api/internal/apachecommons/lang3/ClassUtils
instanceKlass org/sonar/api/utils/AnnotationUtils
instanceKlass org/sonar/api/Properties
instanceKlass java/util/UUID$Holder
instanceKlass org/sonarsource/sonarlint/core/plugin/commons/container/ComponentKeys
instanceKlass org/sonar/api/config/PropertyDefinitions
instanceKlass org/sonarsource/sonarlint/core/plugin/commons/container/SpringInitStrategy
instanceKlass org/sonarsource/sonarlint/core/plugin/commons/container/SpringComponentContainer
instanceKlass org/sonarsource/sonarlint/core/plugin/commons/container/StartableContainer
instanceKlass org/sonarsource/sonarlint/core/plugin/commons/container/ExtensionContainer
instanceKlass org/sonarsource/sonarlint/core/plugin/commons/container/Container
instanceKlass org/sonarsource/sonarlint/core/analysis/AnalysisQueue$CommandComparator
instanceKlass org/sonarsource/sonarlint/core/analysis/AnalysisQueue
instanceKlass org/sonarsource/sonarlint/core/analysis/api/AnalysisSchedulerConfiguration$Builder
instanceKlass org/sonarsource/sonarlint/core/plugin/PluginStatusMapper$1
instanceKlass org/sonarsource/sonarlint/core/rpc/protocol/backend/plugin/PluginStatusDto
instanceKlass org/sonarsource/sonarlint/core/plugin/PluginStatusMapper
instanceKlass org/sonar/plugins/javascript/JavaScriptPlugin
instanceKlass org/sonar/plugins/html/HtmlPlugin
instanceKlass org/sonarsource/sonarlint/visualstudio/roslyn/SqvsRoslynPlugin
instanceKlass com/sonar/cpp/log/LogEntryHandler
instanceKlass com/sonar/cpp/log/LoggerInterceptor
instanceKlass com/sonar/cpp/log/LoggerBridge
instanceKlass com/sonar/cpp/log/Logger
instanceKlass com/sonar/cpp/log/Loggers
instanceKlass com/sonar/cpp/plugin/CFamilyPlugin
instanceKlass org/sonarsource/vbnet/core/VbNetCorePluginMetadata
instanceKlass org/sonarsource/dotnet/shared/plugins/PluginMetadata
instanceKlass com/sonar/plugins/vbnet/enterprise/VbNetEnterprisePlugin
instanceKlass org/sonarsource/csharp/core/CSharpCorePluginMetadata
instanceKlass org/sonarsource/dotnet/shared/plugins/PluginMetadata
instanceKlass com/sonar/plugins/csharp/enterprise/CSharpEnterprisePlugin
instanceKlass org/sonar/plugins/common/TextAndSecretsPlugin
instanceKlass org/sonar/api/Plugin
instanceKlass java/io/FilePermissionCollection$1
instanceKlass java/net/URLClassLoader$1
instanceKlass org/sonar/classloader/DefaultClassloaderRef
instanceKlass org/sonar/classloader/ClassloaderBuilder$NewRealm
instanceKlass org/sonar/classloader/SelfFirstStrategy
instanceKlass org/sonar/classloader/ParentFirstStrategy
instanceKlass org/sonar/classloader/Strategy
instanceKlass org/sonar/classloader/NullClassloaderRef
instanceKlass org/sonar/classloader/ClassloaderBuilder$1
instanceKlass org/sonar/classloader/StrategyContext
instanceKlass org/sonar/classloader/ClassloaderRef
instanceKlass org/sonar/classloader/ClassloaderBuilder
instanceKlass sun/nio/fs/WindowsUriSupport
instanceKlass org/sonar/classloader/Mask$Builder
instanceKlass org/sonar/classloader/Mask
instanceKlass org/sonarsource/sonarlint/core/plugin/commons/loading/PluginClassLoaderDef
instanceKlass org/sonarsource/sonarlint/core/plugin/commons/loading/PluginClassloaderFactory
instanceKlass org/sonarsource/sonarlint/core/plugin/commons/loading/PluginInstancesLoader
instanceKlass org/sonarsource/sonarlint/core/plugin/commons/DataflowBugDetection
instanceKlass java/io/RandomAccessFile$1
instanceKlass org/sonarsource/sonarlint/core/plugin/commons/loading/SonarPluginManifest$RequiredPlugin
instanceKlass org/apache/commons/lang3/ArrayUtils
instanceKlass org/sonarsource/sonarlint/core/plugin/commons/loading/SonarPluginManifest
instanceKlass org/sonarsource/sonarlint/core/plugin/commons/loading/PluginInfo
instanceKlass org/sonar/api/utils/Version
instanceKlass java/util/regex/Matcher$ImmutableMatchResult
instanceKlass java/util/Scanner$PatternLRUCache
instanceKlass java/util/Scanner
instanceKlass org/sonarsource/sonarlint/core/plugin/commons/ApiVersions
instanceKlass org/sonarsource/sonarlint/core/plugin/commons/api/SkipReason
instanceKlass org/sonarsource/sonarlint/core/plugin/commons/loading/SonarPluginRequirementsChecker
instanceKlass org/sonarsource/sonarlint/core/plugin/commons/PluginsLoader
instanceKlass java/util/regex/Pattern$1
instanceKlass java/io/FileOutputStream$1
instanceKlass org/sonar/api/internal/apachecommons/io/IOUtils
instanceKlass java/util/concurrent/Executors$DefaultThreadFactory
instanceKlass java/lang/ProcessImpl$2
instanceKlass java/lang/ProcessHandleImpl
instanceKlass java/lang/ProcessHandle
instanceKlass java/lang/Process
instanceKlass java/lang/ProcessBuilder
instanceKlass java/util/Collections$UnmodifiableMap$UnmodifiableEntrySet$UnmodifiableEntry
instanceKlass org/sonar/api/utils/Preconditions
instanceKlass org/sonar/api/utils/command/Command
instanceKlass org/sonar/api/internal/apachecommons/lang3/CharSequenceUtils
instanceKlass org/sonar/api/internal/apachecommons/lang3/Strings
instanceKlass org/sonar/api/internal/apachecommons/lang3/math/NumberUtils
instanceKlass org/sonar/api/internal/apachecommons/lang3/StringUtils
instanceKlass org/sonar/api/internal/apachecommons/lang3/function/Suppliers
instanceKlass org/sonar/api/internal/apachecommons/lang3/SystemProperties
instanceKlass org/sonar/api/internal/apachecommons/lang3/SystemUtils
instanceKlass org/sonarsource/sonarlint/core/plugin/commons/PluginsLoader$Configuration
instanceKlass org/eclipse/lsp4j/jsonrpc/RemoteEndpoint$PendingRequestInfo
instanceKlass org/sonarsource/sonarlint/core/commons/DebounceComputer$Listener
instanceKlass org/sonarsource/sonarlint/core/commons/DebounceComputer
instanceKlass org/springframework/core/ResolvableType$WildcardBounds
instanceKlass org/springframework/core/ResolvableType$TypeVariablesVariableResolver
instanceKlass org/springframework/core/ResolvableType$SyntheticParameterizedType
instanceKlass org/springframework/beans/factory/config/NamedBeanHolder
instanceKlass org/springframework/beans/factory/NamedBean
instanceKlass org/sonarsource/sonarlint/core/SonarLintMDC
instanceKlass org/springframework/context/event/AbstractApplicationEventMulticaster$ListenerCacheKey
instanceKlass org/springframework/context/support/DefaultLifecycleProcessor
instanceKlass org/springframework/util/ConcurrentReferenceHashMap$EntryIterator
instanceKlass java/beans/BeanInfo
instanceKlass org/springframework/beans/SimpleBeanInfoFactory
instanceKlass org/springframework/core/log/LogMessage
instanceKlass org/springframework/util/ResourceUtils
instanceKlass org/springframework/util/PropertiesPersister
instanceKlass org/springframework/core/io/support/PropertiesLoaderUtils
instanceKlass org/springframework/core/io/support/SpringFactoriesLoader$FailureHandler
instanceKlass org/springframework/core/io/support/SpringFactoriesLoader
instanceKlass org/springframework/beans/BeanInfoFactory
instanceKlass java/beans/FeatureDescriptor
instanceKlass org/springframework/beans/CachedIntrospectionResults
instanceKlass org/springframework/core/annotation/OrderUtils
instanceKlass sun/reflect/generics/tree/CharSignature
instanceKlass sun/reflect/generics/tree/BooleanSignature
instanceKlass sun/reflect/generics/reflectiveObjects/GenericArrayTypeImpl
instanceKlass sun/reflect/generics/tree/Wildcard
instanceKlass sun/reflect/generics/tree/BottomSignature
instanceKlass sun/reflect/generics/tree/ArrayTypeSignature
instanceKlass org/springframework/core/SerializableTypeWrapper$MethodInvokeTypeProvider
instanceKlass org/jooq/PlainSQL
instanceKlass org/jooq/Support
instanceKlass org/springframework/aop/SpringProxy
instanceKlass org/springframework/aop/framework/Advised
instanceKlass org/springframework/aop/framework/AopProxyUtils
instanceKlass org/springframework/context/expression/AnnotatedElementKey
instanceKlass org/springframework/context/event/ApplicationListenerMethodAdapter
instanceKlass org/springframework/aop/support/AopUtils
instanceKlass org/springframework/core/annotation/SynthesizedMergedAnnotationInvocationHandler
instanceKlass org/springframework/core/MethodIntrospector
instanceKlass org/springframework/core/MethodIntrospector$MetadataLookup
instanceKlass org/springframework/aop/scope/ScopedObject
instanceKlass org/springframework/aop/RawTargetAccess
instanceKlass org/springframework/aop/scope/ScopedProxyUtils
instanceKlass org/sonarsource/sonarlint/core/rpc/protocol/client/message/MessageActionItem
instanceKlass org/sonarsource/sonarlint/core/nodejs/NodeJsHelper
instanceKlass org/sonar/api/utils/log/Slf4jLogger
instanceKlass org/sonar/api/utils/log/Logger
instanceKlass org/sonar/api/utils/log/Loggers
instanceKlass org/sonar/api/utils/command/StreamConsumer
instanceKlass org/sonar/api/utils/command/CommandExecutor
instanceKlass org/sonar/api/utils/System2
instanceKlass org/sonarsource/sonarlint/core/ai/ide/ExecutableLocator
instanceKlass org/sonarsource/sonarlint/core/commons/util/git/NativeGitLocator
instanceKlass org/eclipse/jgit/treewalk/filter/TreeFilter
instanceKlass org/eclipse/jgit/lib/AnyObjectId
instanceKlass org/sonarsource/sonarlint/core/commons/util/git/GitService
instanceKlass org/sonarsource/sonarlint/core/commons/util/git/ProcessWrapperFactory
instanceKlass org/sonarsource/sonarlint/core/smartnotifications/LastEventPolling
instanceKlass org/sonarsource/sonarlint/core/commons/storage/XodusPurgeUtils
instanceKlass org/apache/commons/io/filefilter/IOFileFilter
instanceKlass java/io/FileFilter
instanceKlass java/nio/file/FileVisitor
instanceKlass org/apache/commons/io/file/PathFilter
instanceKlass java/io/FilenameFilter
instanceKlass org/apache/commons/io/FileUtils
instanceKlass org/sonarsource/sonarlint/core/commons/NewCodeDefinition$NewCodeExactNumberOfDays
instanceKlass org/sonarsource/sonarlint/core/sync/SynchronizationTimestampRepository
instanceKlass org/sonarsource/sonarlint/core/commons/validation/RegexpValidator
instanceKlass org/apache/hc/core5/http/impl/bootstrap/RequestListener
instanceKlass javax/net/ServerSocketFactory
instanceKlass org/apache/hc/core5/http/ExceptionListener$2
instanceKlass org/apache/hc/core5/http/ExceptionListener$1
instanceKlass org/apache/hc/core5/http/ExceptionListener
instanceKlass org/apache/hc/core5/http/io/ssl/DefaultTlsSetupHandler
instanceKlass org/apache/hc/core5/http/io/HttpMessageWriter
instanceKlass org/apache/hc/core5/http/impl/io/DefaultHttpResponseWriterFactory
instanceKlass org/apache/hc/core5/http/impl/io/DefaultClassicHttpRequestFactory
instanceKlass org/apache/hc/core5/http/io/HttpMessageParser
instanceKlass org/apache/hc/core5/http/HttpRequestFactory
instanceKlass org/apache/hc/core5/http/impl/io/DefaultHttpRequestParserFactory
instanceKlass org/apache/hc/core5/http/io/HttpMessageWriterFactory
instanceKlass org/apache/hc/core5/http/io/HttpMessageParserFactory
instanceKlass org/apache/hc/core5/http/impl/io/DefaultBHttpServerConnectionFactory
instanceKlass org/apache/hc/core5/http/protocol/RequestConformance
instanceKlass org/apache/hc/core5/http/protocol/RequestValidateHost
instanceKlass org/apache/hc/core5/http/protocol/ResponseConnControl
instanceKlass org/apache/hc/core5/http/protocol/ResponseContent
instanceKlass org/apache/hc/core5/util/VersionInfo
instanceKlass org/apache/hc/core5/http/protocol/ResponseServer
instanceKlass org/apache/hc/core5/http/protocol/ResponseDate
instanceKlass org/apache/hc/core5/http/protocol/ResponseConformance
instanceKlass org/apache/hc/core5/http/impl/HttpProcessors
instanceKlass org/apache/hc/core5/http/io/HttpServerRequestHandler$ResponseTrigger
instanceKlass org/apache/hc/core5/http/HttpConnection
instanceKlass org/apache/hc/core5/http/impl/io/HttpService
instanceKlass org/apache/hc/core5/http/io/support/HttpServerFilterChainRequestHandler
instanceKlass org/apache/hc/core5/http/io/HttpFilterChain
instanceKlass org/apache/hc/core5/http/io/support/HttpServerFilterChainElement
instanceKlass org/apache/hc/core5/http/impl/bootstrap/ServerBootstrap$1
instanceKlass org/apache/hc/core5/http/io/support/HttpServerExpectationFilter
instanceKlass org/apache/hc/core5/http/impl/io/DefaultClassicHttpResponseFactory
instanceKlass org/apache/hc/core5/http/io/support/TerminalServerFilter
instanceKlass org/apache/hc/core5/http/impl/routing/RequestRouter$SingleAuthorityResolver
instanceKlass org/apache/hc/core5/http/impl/routing/UriPathRouter$BestMatcher
instanceKlass org/apache/hc/core5/http/impl/routing/PathPatternMatcher
instanceKlass org/apache/hc/core5/http/impl/routing/UriPathRouter
instanceKlass org/apache/hc/core5/http/impl/routing/RequestRouter$1
instanceKlass org/apache/hc/core5/util/LangUtils
instanceKlass org/apache/hc/core5/http/impl/routing/RequestRouter
instanceKlass org/apache/hc/core5/net/Ports
instanceKlass org/apache/hc/core5/net/Host
instanceKlass org/apache/hc/core5/net/URIAuthority
instanceKlass org/sonarsource/sonarlint/core/embedded/server/filter/CspFilter
instanceKlass org/apache/hc/core5/http/impl/routing/PathRoute
instanceKlass org/apache/hc/core5/http/impl/routing/RequestRouter$Entry
instanceKlass org/sonarsource/sonarlint/core/embedded/server/filter/ValidationFilter
instanceKlass org/sonarsource/sonarlint/core/embedded/server/filter/ParseParamsFilter
instanceKlass org/apache/hc/core5/http/io/HttpFilterChain$ResponseTrigger
instanceKlass org/sonarsource/sonarlint/core/embedded/server/filter/CorsFilter
instanceKlass org/apache/hc/core5/http/impl/bootstrap/FilterEntry
instanceKlass org/sonarsource/sonarlint/core/embedded/server/filter/RateLimitFilter
instanceKlass org/sonarsource/sonarlint/core/embedded/server/EmbeddedServer$DontKeepAliveReuseStrategy
instanceKlass org/apache/hc/core5/http/io/HttpConnectionFactory
instanceKlass org/apache/hc/core5/http/io/HttpServerRequestHandler
instanceKlass org/apache/hc/core5/http/HttpRequestMapper
instanceKlass org/apache/hc/core5/http/impl/bootstrap/ServerBootstrap
instanceKlass org/apache/hc/core5/http/io/SocketConfig$Builder
instanceKlass org/apache/hc/core5/http/io/SocketConfig
instanceKlass org/apache/hc/core5/http/impl/bootstrap/HttpServer
instanceKlass org/sonarsource/sonarlint/core/commons/progress/NoOpProgressMonitor
instanceKlass org/sonarsource/sonarlint/core/commons/SmartCancelableLoadingCache$Listener
instanceKlass java/time/Duration$1
instanceKlass com/google/common/cache/LocalCache$AbstractReferenceEntry
instanceKlass com/google/common/cache/LocalCache$LoadingValueReference
instanceKlass com/google/common/cache/RemovalListener
instanceKlass com/google/common/cache/Weigher
instanceKlass com/google/common/base/Predicate
instanceKlass com/google/common/base/Equivalence
instanceKlass com/google/common/base/MoreObjects
instanceKlass com/google/common/cache/LocalCache$1
instanceKlass com/google/common/cache/ReferenceEntry
instanceKlass com/google/common/cache/LocalCache$ValueReference
instanceKlass com/google/common/cache/CacheLoader
instanceKlass com/google/common/cache/LocalCache$LocalManualCache
instanceKlass com/google/common/cache/CacheBuilder$2
instanceKlass com/google/common/base/Preconditions
instanceKlass com/google/common/cache/CacheStats
instanceKlass com/google/common/base/Suppliers$SupplierOfInstance
instanceKlass com/google/common/base/Suppliers
instanceKlass com/google/common/cache/CacheBuilder$1
instanceKlass com/google/common/cache/AbstractCache$StatsCounter
instanceKlass com/google/common/cache/LoadingCache
instanceKlass com/google/common/base/Function
instanceKlass com/google/common/cache/Cache
instanceKlass com/google/common/base/Ticker
instanceKlass com/google/common/base/Supplier
instanceKlass com/google/common/cache/CacheBuilder
instanceKlass org/sonarsource/sonarlint/core/commons/SmartCancelableLoadingCache
instanceKlass java/time/LocalTime$1
instanceKlass java/time/format/DateTimeFormatterBuilder$2
instanceKlass java/time/OffsetDateTime$1
instanceKlass java/time/format/DateTimePrintContext
instanceKlass org/sonarsource/sonarlint/core/http/ApacheHttpClientAdapter$Builder
instanceKlass org/sonarsource/sonarlint/core/http/HttpClient$AsyncRequest
instanceKlass org/sonarsource/sonarlint/core/http/ApacheHttpClientAdapter
instanceKlass com/google/gson/internal/LinkedTreeMap$LinkedTreeMapIterator
instanceKlass java/nio/channels/spi/AbstractSelector$1
instanceKlass org/apache/hc/client5/http/impl/async/InternalAbstractHttpAsyncClient$1
instanceKlass org/apache/hc/core5/http/protocol/HttpCoreContext
instanceKlass org/apache/hc/client5/http/async/AsyncExecRuntime
instanceKlass org/apache/hc/core5/http/nio/AsyncEntityProducer
instanceKlass org/apache/hc/core5/concurrent/CancellableDependency
instanceKlass org/apache/hc/client5/http/async/AsyncExecChain$Scheduler
instanceKlass org/apache/hc/core5/http/nio/AsyncRequestProducer
instanceKlass org/apache/hc/core5/http/nio/AsyncResponseConsumer
instanceKlass org/apache/hc/client5/http/cookie/CookieIdentityComparator
instanceKlass org/apache/hc/client5/http/cookie/BasicCookieStore
instanceKlass org/apache/hc/client5/http/impl/cookie/IgnoreCookieSpecFactory
instanceKlass org/apache/hc/client5/http/cookie/CookieSpec
instanceKlass org/apache/hc/client5/http/cookie/CommonCookieAttributeHandler
instanceKlass org/apache/hc/client5/http/cookie/CookieAttributeHandler
instanceKlass org/apache/hc/client5/http/impl/cookie/RFC6265CookieSpecFactory
instanceKlass org/apache/hc/client5/http/cookie/CookieSpecFactory
instanceKlass org/apache/hc/client5/http/impl/CookieSpecSupport
instanceKlass org/apache/hc/client5/http/impl/auth/BearerSchemeFactory
instanceKlass org/apache/hc/client5/http/impl/auth/DigestSchemeFactory
instanceKlass org/apache/hc/client5/http/auth/AuthScheme
instanceKlass org/apache/hc/client5/http/impl/auth/BasicSchemeFactory
instanceKlass org/apache/hc/client5/http/auth/AuthSchemeFactory
instanceKlass org/apache/hc/client5/http/impl/async/AsyncExecChainElement
instanceKlass org/apache/hc/core5/reactor/IOWorkers$GenericSelector
instanceKlass org/apache/hc/core5/reactor/IOWorkers$Selector
instanceKlass org/apache/hc/core5/reactor/IOWorkers
instanceKlass org/apache/hc/core5/reactor/MultiCoreIOReactor
instanceKlass org/apache/hc/core5/reactor/IOReactorWorker
instanceKlass java/nio/BufferMismatch
instanceKlass sun/nio/ch/SelChImpl
instanceKlass java/nio/channels/NetworkChannel
instanceKlass sun/nio/ch/UnixDomainSocketsUtil
instanceKlass sun/nio/ch/UnixDomainSockets
instanceKlass sun/nio/ch/PipeImpl$Initializer$LoopbackConnector
instanceKlass sun/nio/ch/PipeImpl$Initializer
instanceKlass java/nio/channels/Pipe
instanceKlass sun/nio/ch/WEPoll
instanceKlass sun/nio/ch/Util$2
instanceKlass sun/nio/ch/DefaultSelectorProvider
instanceKlass java/nio/channels/spi/SelectorProvider$Holder
instanceKlass java/nio/channels/spi/SelectorProvider
instanceKlass java/nio/channels/Selector
instanceKlass org/apache/hc/core5/reactor/InternalChannel
instanceKlass org/apache/hc/core5/reactor/ProtocolIOSession
instanceKlass org/apache/hc/core5/reactor/IOSession
instanceKlass org/apache/hc/core5/util/Identifiable
instanceKlass org/apache/hc/core5/http/SocketModalCloseable
instanceKlass org/apache/hc/client5/http/impl/async/LoggingIOSessionDecorator
instanceKlass org/apache/hc/core5/reactor/IOReactorConfig$Builder
instanceKlass org/apache/hc/core5/reactor/IOReactorConfig
instanceKlass org/apache/hc/core5/concurrent/DefaultThreadFactory
instanceKlass org/apache/hc/core5/reactor/AbstractSingleCoreIOReactor
instanceKlass org/apache/hc/core5/reactor/AbstractIOReactorBase
instanceKlass org/apache/hc/core5/reactor/IOReactorService
instanceKlass org/apache/hc/core5/reactor/IOReactor
instanceKlass org/apache/hc/core5/reactor/ConnectionInitiator
instanceKlass org/apache/hc/core5/http/message/BasicLineFormatter
instanceKlass org/apache/hc/core5/http/nio/NHttpMessageWriter
instanceKlass org/apache/hc/core5/http/message/LineFormatter
instanceKlass org/apache/hc/core5/http/impl/nio/DefaultHttpRequestWriterFactory
instanceKlass org/apache/hc/core5/http/message/BasicLineParser
instanceKlass org/apache/hc/core5/http/impl/EnglishReasonPhraseCatalog
instanceKlass org/apache/hc/core5/http/ReasonPhraseCatalog
instanceKlass org/apache/hc/core5/http/impl/nio/DefaultHttpResponseFactory
instanceKlass org/apache/hc/core5/http/nio/NHttpMessageParser
instanceKlass org/apache/hc/core5/http/message/LineParser
instanceKlass org/apache/hc/core5/http/HttpResponseFactory
instanceKlass org/apache/hc/core5/http/impl/nio/DefaultHttpResponseParserFactory
instanceKlass org/apache/hc/client5/http/impl/async/LoggingExceptionCallback
instanceKlass org/apache/hc/core5/http/config/CharCodingConfig$Builder
instanceKlass org/apache/hc/core5/http/config/CharCodingConfig
instanceKlass org/apache/hc/core5/http/config/Http1Config$Builder
instanceKlass org/apache/hc/core5/http/config/Http1Config
instanceKlass org/apache/hc/core5/http2/config/H2Config$Builder
instanceKlass org/apache/hc/core5/http2/config/H2Config
instanceKlass org/apache/hc/core5/http/nio/AsyncPushConsumer
instanceKlass org/apache/hc/core5/http/nio/HandlerFactory
instanceKlass org/apache/hc/core5/reactor/IOEventHandler
instanceKlass org/apache/hc/core5/reactor/ProtocolUpgradeHandler
instanceKlass org/apache/hc/core5/http2/impl/nio/H2StreamListener
instanceKlass org/apache/hc/core5/http/impl/Http1StreamListener
instanceKlass org/apache/hc/core5/http/nio/NHttpMessageWriterFactory
instanceKlass org/apache/hc/core5/http/nio/NHttpMessageParserFactory
instanceKlass org/apache/hc/client5/http/impl/async/HttpAsyncClientProtocolNegotiationStarter
instanceKlass org/apache/hc/core5/http/protocol/UriPatternMatcher
instanceKlass org/apache/hc/core5/http/protocol/LookupRegistry
instanceKlass org/apache/hc/client5/http/impl/async/AsyncPushConsumerRegistry
instanceKlass org/apache/hc/core5/http/impl/DefaultConnectionReuseStrategy
instanceKlass org/apache/hc/client5/http/impl/async/AsyncRedirectExec
instanceKlass org/apache/hc/client5/http/impl/DefaultRedirectStrategy
instanceKlass org/apache/hc/client5/http/impl/async/AsyncHttpRequestRetryExec
instanceKlass org/apache/hc/client5/http/impl/async/AsyncProtocolExec
instanceKlass org/apache/hc/client5/http/impl/routing/BasicRouteDirector
instanceKlass org/apache/hc/client5/http/auth/AuthCache
instanceKlass org/apache/hc/client5/http/impl/auth/AuthCacheKeeper
instanceKlass org/apache/hc/core5/util/Tokenizer$Delimiter
instanceKlass org/apache/hc/core5/util/Tokenizer
instanceKlass org/apache/hc/core5/util/Tokenizer$Cursor
instanceKlass org/apache/hc/client5/http/impl/auth/AuthChallengeParser
instanceKlass org/apache/hc/core5/http/Header
instanceKlass org/apache/hc/client5/http/impl/auth/HttpAuthenticator
instanceKlass org/apache/hc/client5/http/async/AsyncExecCallback
instanceKlass org/apache/hc/client5/http/routing/HttpRouteDirector
instanceKlass org/apache/hc/client5/http/impl/async/AsyncConnectExec
instanceKlass org/apache/hc/client5/http/impl/ProtocolSwitchStrategy
instanceKlass org/apache/hc/core5/http/nio/AsyncClientExchangeHandler
instanceKlass org/apache/hc/core5/http/nio/AsyncDataExchangeHandler
instanceKlass org/apache/hc/core5/http/nio/AsyncDataProducer
instanceKlass org/apache/hc/core5/http/nio/AsyncDataConsumer
instanceKlass org/apache/hc/core5/http/nio/ResourceHolder
instanceKlass org/apache/hc/client5/http/impl/async/HttpAsyncMainClientExec
instanceKlass org/apache/hc/client5/http/async/AsyncExecChainHandler
instanceKlass org/apache/hc/core5/http/config/NamedElementChain$Node
instanceKlass org/apache/hc/core5/http/config/NamedElementChain
instanceKlass org/apache/hc/core5/http/protocol/DefaultHttpProcessor
instanceKlass org/apache/hc/client5/http/protocol/ResponseProcessCookies
instanceKlass org/apache/hc/client5/http/protocol/RequestAddCookies
instanceKlass org/apache/hc/client5/http/protocol/RequestUpgrade
instanceKlass org/apache/hc/client5/http/protocol/RequestExpectContinue
instanceKlass org/apache/hc/core5/http/protocol/RequestUserAgent
instanceKlass org/apache/hc/core5/http/protocol/RequestConnControl
instanceKlass org/apache/hc/core5/http/protocol/RequestContent
instanceKlass org/apache/hc/client5/http/protocol/RequestDefaultHeaders
instanceKlass org/apache/hc/client5/http/protocol/RequestValidateTrace
instanceKlass org/apache/hc/core5/http/ProtocolVersion
instanceKlass org/apache/hc/core5/http/protocol/RequestTargetHost
instanceKlass org/apache/hc/core5/http/protocol/ChainBuilder
instanceKlass org/apache/hc/core5/http/protocol/HttpProcessorBuilder
instanceKlass org/apache/hc/client5/http/impl/DefaultAuthenticationStrategy
instanceKlass org/apache/hc/client5/http/impl/DefaultUserTokenHandler
instanceKlass org/apache/hc/client5/http/impl/DefaultConnectionKeepAliveStrategy
instanceKlass org/apache/hc/client5/http/impl/DefaultHttpRequestRetryStrategy
instanceKlass org/apache/hc/client5/http/config/RequestConfig$Builder
instanceKlass org/apache/hc/client5/http/config/RequestConfig
instanceKlass org/apache/hc/client5/http/impl/async/HttpAsyncClientBuilder$ResponseInterceptorEntry
instanceKlass org/sonarsource/sonarlint/core/http/RedirectInterceptor
instanceKlass org/apache/hc/core5/reactor/Command
instanceKlass org/apache/hc/client5/http/impl/async/CloseableHttpAsyncClient
instanceKlass org/apache/hc/client5/http/async/HttpAsyncClient
instanceKlass org/apache/hc/client5/http/cookie/CookieStore
instanceKlass org/apache/hc/core5/function/Decorator
instanceKlass org/apache/hc/client5/http/protocol/RedirectStrategy
instanceKlass org/apache/hc/client5/http/AuthenticationStrategy
instanceKlass org/apache/hc/client5/http/UserTokenHandler
instanceKlass org/apache/hc/client5/http/ConnectionKeepAliveStrategy
instanceKlass org/apache/hc/client5/http/impl/async/HttpAsyncClientBuilder
instanceKlass org/apache/hc/core5/reactor/IOEventHandlerFactory
instanceKlass org/apache/hc/core5/function/Callback
instanceKlass org/apache/hc/core5/http/protocol/HttpProcessor
instanceKlass org/apache/hc/core5/http/HttpRequestInterceptor
instanceKlass org/apache/hc/client5/http/impl/async/HttpAsyncClients
instanceKlass org/apache/hc/client5/http/impl/routing/DefaultRoutePlanner
instanceKlass org/apache/hc/core5/concurrent/BasicFuture
instanceKlass org/apache/hc/core5/concurrent/Cancellable
instanceKlass org/apache/hc/core5/pool/StrictConnPool
instanceKlass org/apache/hc/client5/http/impl/nio/PoolingAsyncClientConnectionManager$6
instanceKlass org/apache/hc/client5/http/SystemDefaultDnsResolver
instanceKlass org/apache/hc/client5/http/DnsResolver
instanceKlass org/apache/hc/client5/http/impl/nio/MultihomeIOSessionRequester
instanceKlass org/apache/hc/client5/http/impl/DefaultSchemePortResolver
instanceKlass org/apache/hc/core5/http/config/Registry
instanceKlass org/apache/hc/core5/util/TextUtils
instanceKlass org/apache/hc/core5/http/config/RegistryBuilder
instanceKlass org/apache/hc/core5/reactor/ssl/TransportSecurityLayer
instanceKlass org/apache/hc/client5/http/SchemePortResolver
instanceKlass org/apache/hc/client5/http/impl/nio/DefaultAsyncClientConnectionOperator
instanceKlass org/apache/hc/client5/http/impl/PrefixedIncrementingId
instanceKlass org/apache/hc/core5/concurrent/FutureCallback
instanceKlass org/apache/hc/core5/pool/ManagedConnPool
instanceKlass org/apache/hc/core5/pool/ConnPool
instanceKlass org/apache/hc/client5/http/impl/nio/PoolingAsyncClientConnectionManager
instanceKlass org/apache/hc/core5/pool/ConnPoolControl
instanceKlass org/apache/hc/core5/pool/ConnPoolStats
instanceKlass org/apache/hc/client5/http/HttpRoute
instanceKlass org/apache/hc/client5/http/RouteInfo
instanceKlass org/apache/hc/client5/http/config/ConnectionConfig$Builder
instanceKlass org/apache/hc/client5/http/config/ConnectionConfig
instanceKlass org/apache/hc/core5/http/HttpHost
instanceKlass org/apache/hc/core5/function/Resolver
instanceKlass org/apache/hc/client5/http/config/TlsConfig$Builder
instanceKlass org/apache/hc/client5/http/config/TlsConfig
instanceKlass org/apache/hc/client5/http/psl/PublicSuffixMatcher
instanceKlass org/apache/hc/client5/http/psl/PublicSuffixList
instanceKlass org/apache/hc/client5/http/psl/PublicSuffixListParser
instanceKlass org/apache/hc/client5/http/psl/PublicSuffixMatcherLoader
instanceKlass org/apache/hc/client5/http/ssl/DefaultHostnameVerifier
instanceKlass org/apache/hc/client5/http/ssl/HttpClientHostnameVerifier
instanceKlass org/apache/hc/client5/http/ssl/HttpsSupport
instanceKlass nl/altindag/ssl/model/internal/SSLMaterial
instanceKlass nl/altindag/ssl/model/internal/SSLMaterial$Builder
instanceKlass javax/net/ssl/SSLEngine
instanceKlass nl/altindag/ssl/util/SSLParametersUtils
instanceKlass sun/security/ssl/SSLConfiguration$1
instanceKlass sun/security/ssl/SessionId
instanceKlass java/security/spec/MGF1ParameterSpec
instanceKlass sun/security/ec/ParametersMap$1
instanceKlass sun/security/ec/ed/EdDSAParameters$SHAKE256DigesterFactory
instanceKlass sun/security/ec/point/ProjectivePoint
instanceKlass sun/security/ec/ed/EdDSAParameters$Digester
instanceKlass sun/security/ec/ed/EdDSAParameters$SHA512DigesterFactory
instanceKlass sun/security/ec/point/ExtendedHomogeneousPoint
instanceKlass sun/security/ec/point/AffinePoint
instanceKlass sun/security/util/math/intpoly/IntegerPolynomial$Limb
instanceKlass sun/security/util/math/SmallValue
instanceKlass sun/security/ec/point/MutablePoint
instanceKlass sun/security/ec/point/ImmutablePoint
instanceKlass sun/security/util/math/intpoly/IntegerPolynomial$Element
instanceKlass sun/security/util/math/ImmutableIntegerModuloP
instanceKlass sun/security/util/math/IntegerModuloP
instanceKlass sun/security/util/math/intpoly/IntegerPolynomial
instanceKlass sun/security/ec/ParametersMap
instanceKlass sun/security/ec/ed/EdECOperations
instanceKlass sun/security/ec/ed/EdDSAParameters$DigesterFactory
instanceKlass sun/security/util/math/IntegerFieldModuloP
instanceKlass sun/security/ec/ed/EdDSAParameters
instanceKlass java/security/spec/EdDSAParameterSpec
instanceKlass sun/security/ec/ed/EdDSASignature$MessageAccumulator
instanceKlass javax/crypto/spec/DHParameterSpec
instanceKlass sun/security/ssl/PredefinedDHParameterSpecs$1
instanceKlass sun/security/ssl/PredefinedDHParameterSpecs
instanceKlass com/sun/security/sasl/Provider$1
instanceKlass sun/security/jgss/SunProvider$1
instanceKlass javax/net/ssl/ExtendedSSLSession
instanceKlass javax/net/ssl/SSLSession
instanceKlass sun/security/ssl/SSLConfiguration$CustomizedClientSignatureSchemes
instanceKlass javax/crypto/KeyGeneratorSpi
instanceKlass javax/crypto/KeyGenerator
instanceKlass sun/security/ssl/SSLConfiguration
instanceKlass sun/security/ssl/SSLCipher$SSLWriteCipher
instanceKlass sun/security/ssl/KeyUpdate$KeyUpdateProducer
instanceKlass sun/security/ssl/KeyUpdate$KeyUpdateConsumer
instanceKlass sun/security/ssl/KeyUpdate$KeyUpdateKickstartProducer
instanceKlass sun/security/ssl/KeyUpdate
instanceKlass sun/security/ssl/CertificateStatus$CertificateStatusAbsence
instanceKlass sun/security/ssl/HandshakeAbsence
instanceKlass sun/security/ssl/CertificateStatus$CertificateStatusProducer
instanceKlass sun/security/ssl/CertificateStatus$CertificateStatusConsumer
instanceKlass sun/security/ssl/CertificateStatus
instanceKlass sun/security/ssl/Finished$T13FinishedProducer
instanceKlass sun/security/ssl/Finished$T13FinishedConsumer
instanceKlass sun/security/ssl/Finished$T12FinishedProducer
instanceKlass sun/security/ssl/Finished$T12FinishedConsumer
instanceKlass sun/security/ssl/Finished
instanceKlass sun/security/ssl/ClientKeyExchange$ClientKeyExchangeProducer
instanceKlass sun/security/ssl/ClientKeyExchange$ClientKeyExchangeConsumer
instanceKlass sun/security/ssl/ClientKeyExchange
instanceKlass sun/security/ssl/CertificateVerify$T13CertificateVerifyProducer
instanceKlass sun/security/ssl/CertificateVerify$T13CertificateVerifyConsumer
instanceKlass sun/security/ssl/CertificateVerify$T12CertificateVerifyProducer
instanceKlass sun/security/ssl/CertificateVerify$T12CertificateVerifyConsumer
instanceKlass sun/security/ssl/CertificateVerify$T10CertificateVerifyProducer
instanceKlass sun/security/ssl/CertificateVerify$T10CertificateVerifyConsumer
instanceKlass sun/security/ssl/CertificateVerify$S30CertificateVerifyProducer
instanceKlass sun/security/ssl/CertificateVerify$S30CertificateVerifyConsumer
instanceKlass sun/security/ssl/CertificateVerify
instanceKlass sun/security/ssl/ServerHelloDone$ServerHelloDoneProducer
instanceKlass sun/security/ssl/ServerHelloDone$ServerHelloDoneConsumer
instanceKlass sun/security/ssl/ServerHelloDone
instanceKlass sun/security/ssl/CertificateRequest$T13CertificateRequestProducer
instanceKlass sun/security/ssl/CertificateRequest$T13CertificateRequestConsumer
instanceKlass sun/security/ssl/CertificateRequest$T12CertificateRequestProducer
instanceKlass sun/security/ssl/CertificateRequest$T12CertificateRequestConsumer
instanceKlass sun/security/ssl/CertificateRequest$T10CertificateRequestProducer
instanceKlass sun/security/ssl/CertificateRequest$T10CertificateRequestConsumer
instanceKlass sun/security/ssl/CertificateRequest
instanceKlass sun/security/ssl/ServerKeyExchange$ServerKeyExchangeProducer
instanceKlass sun/security/ssl/ServerKeyExchange$ServerKeyExchangeConsumer
instanceKlass sun/security/ssl/ServerKeyExchange
instanceKlass sun/security/ssl/CertificateMessage$T13CertificateProducer
instanceKlass sun/security/ssl/CertificateMessage$T13CertificateConsumer
instanceKlass sun/security/ssl/CertificateMessage$T12CertificateProducer
instanceKlass sun/security/ssl/CertificateMessage$T12CertificateConsumer
instanceKlass sun/security/ssl/CertificateMessage
instanceKlass sun/security/ssl/EncryptedExtensions$EncryptedExtensionsConsumer
instanceKlass sun/security/ssl/EncryptedExtensions$EncryptedExtensionsProducer
instanceKlass sun/security/ssl/EncryptedExtensions
instanceKlass sun/security/ssl/NewSessionTicket$T12NewSessionTicketProducer
instanceKlass sun/security/ssl/NewSessionTicket$T13NewSessionTicketProducer
instanceKlass sun/security/ssl/NewSessionTicket$T12NewSessionTicketConsumer
instanceKlass sun/security/ssl/NewSessionTicket$T13NewSessionTicketConsumer
instanceKlass sun/security/ssl/NewSessionTicket
instanceKlass sun/security/ssl/HelloVerifyRequest$HelloVerifyRequestProducer
instanceKlass sun/security/ssl/HelloVerifyRequest$HelloVerifyRequestConsumer
instanceKlass sun/security/ssl/HelloVerifyRequest
instanceKlass sun/security/ssl/ServerHello$T13HelloRetryRequestConsumer
instanceKlass sun/security/ssl/ServerHello$T13ServerHelloConsumer
instanceKlass sun/security/ssl/ServerHello$T12ServerHelloConsumer
instanceKlass sun/security/ssl/ServerHello$T13HelloRetryRequestReproducer
instanceKlass sun/security/ssl/ServerHello$T13HelloRetryRequestProducer
instanceKlass sun/security/ssl/ServerHello$T13ServerHelloProducer
instanceKlass sun/security/ssl/ServerHello$T12ServerHelloProducer
instanceKlass sun/security/ssl/ServerHello$ServerHelloConsumer
instanceKlass sun/security/ssl/ServerHello
instanceKlass sun/security/ssl/ClientHello$D13ClientHelloConsumer
instanceKlass sun/security/ssl/ClientHello$D12ClientHelloConsumer
instanceKlass sun/security/ssl/ClientHello$T13ClientHelloConsumer
instanceKlass sun/security/ssl/ClientHello$T12ClientHelloConsumer
instanceKlass sun/security/ssl/HandshakeConsumer
instanceKlass sun/security/ssl/ClientHello$ClientHelloProducer
instanceKlass sun/security/ssl/ClientHello$ClientHelloConsumer
instanceKlass sun/security/ssl/ClientHello$ClientHelloKickstartProducer
instanceKlass sun/security/ssl/ClientHello
instanceKlass sun/security/ssl/HelloRequest$HelloRequestProducer
instanceKlass sun/security/ssl/HelloRequest$HelloRequestConsumer
instanceKlass sun/security/ssl/HelloRequest$HelloRequestKickstartProducer
instanceKlass sun/security/ssl/SSLProducer
instanceKlass sun/security/ssl/HelloRequest
instanceKlass sun/security/ssl/HandshakeProducer
instanceKlass sun/security/ssl/SSLConsumer
instanceKlass sun/security/ssl/Authenticator$MacImpl
instanceKlass sun/security/ssl/Authenticator$MAC
instanceKlass sun/security/ssl/Authenticator
instanceKlass sun/security/ssl/SSLCipher$SSLReadCipher
instanceKlass sun/security/ssl/InputRecord
instanceKlass sun/security/ssl/SSLRecord
instanceKlass sun/security/ssl/Record
instanceKlass sun/security/ssl/TransportContext
instanceKlass sun/security/ssl/ConnectionContext
instanceKlass sun/security/ssl/HandshakeHash$CacheOnlyHash
instanceKlass sun/security/ssl/HandshakeHash$TranscriptHash
instanceKlass sun/security/ssl/HandshakeHash
instanceKlass sun/security/ssl/SSLTransport
instanceKlass javax/net/SocketFactory
instanceKlass sun/security/provider/AbstractDrbg$NonceProvider
instanceKlass java/net/NetworkInterface$1
instanceKlass java/net/DefaultInterface
instanceKlass java/net/InterfaceAddress
instanceKlass sun/security/provider/SeedGenerator$1
instanceKlass sun/security/provider/AbstractDrbg$SeederHolder
instanceKlass java/security/DrbgParameters$NextBytes
instanceKlass sun/security/provider/EntropySource
instanceKlass sun/security/provider/AbstractDrbg
instanceKlass java/security/DrbgParameters$Instantiation
instanceKlass java/security/DrbgParameters
instanceKlass sun/security/provider/MoreDrbgParameters
instanceKlass javax/net/ssl/X509ExtendedKeyManager
instanceKlass sun/security/ssl/SSLSessionContextImpl
instanceKlass javax/net/ssl/SSLSessionContext
instanceKlass sun/security/ssl/EphemeralKeyManager$EphemeralKeyPair
instanceKlass sun/security/ssl/EphemeralKeyManager
instanceKlass sun/security/ssl/SSLContextImpl$CustomizedSSLProtocols
instanceKlass java/security/spec/NamedParameterSpec
instanceKlass sun/security/util/ECKeySizeParameterSpec
instanceKlass sun/security/ec/point/Point
instanceKlass java/security/KeyPairGeneratorSpi
instanceKlass javax/crypto/KeyAgreement
instanceKlass sun/security/ssl/JsseJce$EcAvailability
instanceKlass sun/security/ssl/SSLAlgorithmDecomposer$1
instanceKlass sun/security/ssl/Utilities
instanceKlass sun/security/ssl/JsseJce
instanceKlass sun/security/ssl/NamedGroup$XDHScheme
instanceKlass sun/security/ssl/NamedGroup$FFDHEScheme
instanceKlass sun/security/ssl/NamedGroup$ECDHEScheme
instanceKlass sun/security/ssl/NamedGroup$NamedGroupScheme
instanceKlass sun/security/ssl/SSLCipher$1
instanceKlass sun/security/ssl/SSLCipher$T13CC20P1305WriteCipherGenerator
instanceKlass sun/security/ssl/SSLCipher$T12CC20P1305WriteCipherGenerator
instanceKlass sun/security/ssl/SSLCipher$T13CC20P1305ReadCipherGenerator
instanceKlass sun/security/ssl/SSLCipher$T12CC20P1305ReadCipherGenerator
instanceKlass sun/security/ssl/SSLCipher$T13GcmWriteCipherGenerator
instanceKlass sun/security/ssl/SSLCipher$T13GcmReadCipherGenerator
instanceKlass sun/security/ssl/SSLCipher$T12GcmWriteCipherGenerator
instanceKlass sun/security/ssl/SSLCipher$T12GcmReadCipherGenerator
instanceKlass com/sun/crypto/provider/AESConstants
instanceKlass javax/crypto/JceSecurityManager$1
instanceKlass java/util/stream/ForEachOps$ForEachOp
instanceKlass java/util/stream/ForEachOps
instanceKlass sun/security/ssl/SSLCipher$T11BlockWriteCipherGenerator
instanceKlass sun/security/ssl/SSLCipher$T11BlockReadCipherGenerator
instanceKlass com/sun/crypto/provider/PKCS5Padding
instanceKlass com/sun/crypto/provider/Padding
instanceKlass com/sun/crypto/provider/FeedbackCipher
instanceKlass com/sun/crypto/provider/SymmetricCipher
instanceKlass com/sun/crypto/provider/DESConstants
instanceKlass com/sun/crypto/provider/CipherCore
instanceKlass sun/security/ssl/SSLCipher$T10BlockWriteCipherGenerator
instanceKlass sun/security/ssl/SSLCipher$T10BlockReadCipherGenerator
instanceKlass javax/crypto/CipherSpi
instanceKlass javax/crypto/ProviderVerifier
instanceKlass javax/crypto/JceSecurity$2
instanceKlass javax/crypto/JceSecurity$IdentityWrapper
instanceKlass java/util/Vector$1
instanceKlass javax/crypto/CryptoPolicyParser$CryptoPermissionEntry
instanceKlass javax/crypto/CryptoPolicyParser$GrantEntry
instanceKlass javax/crypto/CryptoPolicyParser
instanceKlass java/nio/file/Files$1
instanceKlass sun/nio/fs/WindowsFileSystem$2
instanceKlass sun/nio/fs/Globs
instanceKlass javax/crypto/JceSecurity$1
instanceKlass javax/crypto/JceSecurity
instanceKlass javax/crypto/Cipher$Transform
instanceKlass javax/crypto/Cipher
instanceKlass sun/security/ssl/SSLCipher$StreamWriteCipherGenerator
instanceKlass sun/security/ssl/SSLCipher$StreamReadCipherGenerator
instanceKlass sun/security/ssl/SSLCipher$NullWriteCipherGenerator
instanceKlass sun/security/ssl/SSLCipher$WriteCipherGenerator
instanceKlass sun/security/ssl/SSLCipher$NullReadCipherGenerator
instanceKlass sun/security/ssl/SSLCipher$ReadCipherGenerator
instanceKlass sun/security/ssl/SSLAlgorithmConstraints
instanceKlass javax/net/ssl/SSLContextSpi
instanceKlass nl/altindag/ssl/util/SSLContextUtils
instanceKlass java/util/Collections$2
instanceKlass nl/altindag/ssl/util/internal/CollectorsUtils
instanceKlass nl/altindag/ssl/trustmanager/CombinableX509TrustManager
instanceKlass nl/altindag/ssl/util/KeyStoreUtils
instanceKlass nl/altindag/ssl/util/internal/StringUtils
instanceKlass java/util/concurrent/locks/ReentrantReadWriteLock$WriteLock
instanceKlass java/util/concurrent/locks/ReentrantReadWriteLock$ReadLock
instanceKlass java/util/concurrent/locks/ReentrantReadWriteLock
instanceKlass java/util/function/BiPredicate
instanceKlass java/util/concurrent/locks/ReadWriteLock
instanceKlass nl/altindag/ssl/util/internal/ValidationUtils
instanceKlass nl/altindag/ssl/util/TrustManagerUtils$TrustManagerBuilder
instanceKlass sun/security/validator/TrustStoreUtil
instanceKlass sun/security/x509/NetscapeCertTypeExtension$MapEntry
instanceKlass sun/security/util/ECUtil
instanceKlass java/security/interfaces/ECPublicKey
instanceKlass java/security/AlgorithmParametersSpi
instanceKlass java/security/AlgorithmParameters
instanceKlass sun/security/provider/JavaKeyStore$TrustedCertEntry
instanceKlass sun/security/action/OpenFileInputStreamAction
instanceKlass java/security/KeyStoreSpi
instanceKlass sun/security/ssl/SSLLogger
instanceKlass java/security/KeyStore$1
instanceKlass java/security/KeyStore
instanceKlass sun/security/ssl/TrustStoreManager$TrustStoreDescriptor$1
instanceKlass sun/security/util/FilePaths
instanceKlass sun/security/ssl/TrustStoreManager$TrustStoreDescriptor
instanceKlass sun/security/ssl/TrustStoreManager$TrustAnchorManager
instanceKlass sun/security/ssl/TrustStoreManager
instanceKlass sun/security/ec/SunEC$1
instanceKlass com/sun/security/sasl/gsskerb/JdkSASL$1
instanceKlass sun/security/smartcardio/SunPCSC$1
instanceKlass sun/security/pkcs11/SunPKCS11$Descriptor
instanceKlass javax/security/auth/callback/CallbackHandler
instanceKlass javax/security/auth/Subject
instanceKlass sun/security/mscapi/SunMSCAPI$2
instanceKlass sun/security/mscapi/SunMSCAPI$1
instanceKlass org/jcp/xml/dsig/internal/dom/XMLDSigRI$2
instanceKlass org/jcp/xml/dsig/internal/dom/XMLDSigRI$1
instanceKlass sun/security/jca/ProviderConfig$ProviderLoader
instanceKlass sun/security/jca/ProviderConfig$3
instanceKlass javax/net/ssl/TrustManagerFactorySpi
instanceKlass javax/net/ssl/TrustManagerFactory$1
instanceKlass javax/net/ssl/X509ExtendedTrustManager
instanceKlass javax/net/ssl/TrustManagerFactory
instanceKlass nl/altindag/ssl/util/TrustManagerUtils
instanceKlass javax/net/ssl/SSLParameters
instanceKlass nl/altindag/ssl/hostnameverifier/FenixHostnameVerifier
instanceKlass nl/altindag/ssl/util/HostnameVerifierUtils
instanceKlass javax/net/ssl/ManagerFactoryParameters
instanceKlass javax/net/ssl/SSLContext
instanceKlass javax/net/ssl/X509KeyManager
instanceKlass javax/net/ssl/KeyManager
instanceKlass javax/net/ssl/X509TrustManager
instanceKlass javax/net/ssl/TrustManager
instanceKlass nl/altindag/ssl/SSLFactory$Builder
instanceKlass nl/altindag/ssl/SSLFactory
instanceKlass org/apache/hc/core5/net/NamedEndpoint
instanceKlass javax/net/ssl/HostnameVerifier
instanceKlass org/apache/hc/client5/http/ssl/AbstractClientTlsStrategy
instanceKlass org/apache/hc/client5/http/ssl/TlsSocketStrategy
instanceKlass org/apache/hc/client5/http/nio/AsyncClientConnectionOperator
instanceKlass org/apache/hc/core5/http/config/Lookup
instanceKlass org/apache/hc/client5/http/impl/nio/PoolingAsyncClientConnectionManagerBuilder
instanceKlass org/sonarsource/sonarlint/core/commons/util/FailSafeExecutors
instanceKlass org/sonarsource/sonarlint/core/http/ThreadFactories$ThreadFactoryWithNamePrefix
instanceKlass org/sonarsource/sonarlint/core/http/ThreadFactories
instanceKlass org/apache/hc/core5/util/Args
instanceKlass org/apache/hc/client5/http/HttpRequestRetryStrategy
instanceKlass org/apache/hc/client5/http/routing/HttpRoutePlanner
instanceKlass org/apache/hc/core5/http/HttpResponseInterceptor
instanceKlass org/apache/hc/client5/http/nio/AsyncClientConnectionManager
instanceKlass org/apache/hc/core5/io/ModalCloseable
instanceKlass org/apache/hc/core5/http/nio/ssl/TlsStrategy
instanceKlass org/sonarsource/sonarlint/core/rule/extractor/RulesDefinitionExtractor
instanceKlass org/sonarsource/sonarlint/core/plugin/PluginsService$CSharpSupport
instanceKlass org/h2/mvstore/db/MVSecondaryIndex$MVStoreCursor
instanceKlass org/jooq/impl/ResourceManagingScopeTrait
instanceKlass org/jooq/impl/DefaultRenderContext$1
instanceKlass org/jooq/impl/DefaultBinding$2
instanceKlass org/jooq/impl/QOM$Array
instanceKlass org/jooq/impl/QOM$Eq
instanceKlass org/jooq/Function2
instanceKlass org/jooq/impl/ScopeMappableWrapper
instanceKlass org/jooq/impl/Transformable
instanceKlass org/jooq/impl/QOM$And
instanceKlass org/jooq/impl/QOM$CombinedCondition
instanceKlass org/jooq/impl/QOM$UCommutativeOperator
instanceKlass org/jooq/impl/LazySupplier
instanceKlass org/jooq/impl/QOM$Ge
instanceKlass org/jooq/impl/QOM$Le
instanceKlass org/jooq/impl/QOM$CompareCondition
instanceKlass org/jooq/impl/QOM$UConvertibleOperator
instanceKlass org/jooq/impl/QOM$UReturnsNullOnNullInput
instanceKlass org/jooq/impl/QOM$UNotYetImplemented
instanceKlass org/jooq/impl/QOM$IsNotNull
instanceKlass org/jooq/tools/jdbc/JDBCUtils
instanceKlass org/jooq/tools/jdbc/JDBC41Statement
instanceKlass org/jooq/impl/QOM$StartTransaction
instanceKlass org/jooq/tools/jdbc/JDBC41Connection
instanceKlass java/util/function/IntUnaryOperator
instanceKlass org/jooq/impl/AbstractContext$DefaultVisitContext
instanceKlass org/jooq/impl/DefaultVisitListenerProvider
instanceKlass org/jooq/tools/LoggerListener$BindValueAbbreviator
instanceKlass org/jooq/VisitListener
instanceKlass org/jooq/impl/QOM$True
instanceKlass org/jooq/impl/QOM$InList
instanceKlass org/jooq/EmbeddableRecord
instanceKlass org/jooq/RenamedSchemaElement
instanceKlass org/jooq/Function3
instanceKlass org/jooq/impl/Identifiers$1
instanceKlass org/jooq/impl/Identifiers
instanceKlass org/jooq/impl/KeywordImpl$1
instanceKlass org/jooq/impl/Keywords
instanceKlass org/jooq/impl/ScopeMarker$Marker
instanceKlass org/jooq/impl/ScopeMarker$ScopeContent
instanceKlass org/jooq/impl/ScopeMarker$ReplacementRenderer
instanceKlass org/jooq/impl/QOM$UnmodifiableMap
instanceKlass org/jooq/impl/QOM$Tuple2
instanceKlass org/jooq/impl/QOM
instanceKlass org/jooq/impl/ThrowingPredicate
instanceKlass org/jooq/TableOnConditionStep
instanceKlass org/jooq/TablePartitionByStep
instanceKlass org/jooq/TableOuterJoinStep
instanceKlass org/jooq/impl/QOM$DerivedTable
instanceKlass org/jooq/impl/QOM$UOperator1
instanceKlass org/jooq/impl/ScopeStack$ScopeStackIterator
instanceKlass org/jooq/conf/SettingsTools$1
instanceKlass org/jooq/impl/ObjIntFunction
instanceKlass org/jooq/impl/ScopeStack
instanceKlass org/jooq/impl/AbstractContext$ScopeStackElement
instanceKlass org/jooq/VisitContext
instanceKlass org/jooq/impl/DefaultRenderContext$Rendered
instanceKlass org/jooq/tools/LoggerListener
instanceKlass org/jooq/impl/DefaultExecuteListener
instanceKlass org/jooq/impl/ExecuteListeners
instanceKlass org/jooq/impl/AbstractLazyScope
instanceKlass org/jooq/impl/DefaultExecuteContext$ExecuteContextConnectionProvider
instanceKlass org/jooq/impl/DefaultTransactionProvider$DefaultSavepoint
instanceKlass org/jooq/impl/DefaultTransactionProvider
instanceKlass org/jooq/impl/QOM$UEmptyCondition
instanceKlass org/jooq/impl/QOM$NotInList
instanceKlass org/jooq/impl/QOM$UOperator2
instanceKlass org/jooq/impl/QOM$UOperator
instanceKlass org/jooq/impl/Names
instanceKlass org/jooq/impl/SeparatedQueryPart
instanceKlass org/jooq/impl/QOM$UnmodifiableList
instanceKlass org/jooq/impl/QOM$UnmodifiableCollection
instanceKlass org/jooq/impl/QOM$With
instanceKlass org/jooq/DeleteResultStep
instanceKlass org/jooq/impl/QOM$UProxy
instanceKlass org/jooq/CloseableQuery
instanceKlass org/jooq/impl/QOM$Delete
instanceKlass org/jooq/DeleteConditionStep
instanceKlass org/jooq/impl/QOM$UEmptyField
instanceKlass org/jooq/LikeEscapeStep
instanceKlass org/jooq/BetweenAndStep
instanceKlass org/h2/mvstore/FileStore$PageSerializationManager
instanceKlass org/h2/mvstore/WriteBuffer
instanceKlass org/jooq/impl/TypedReference
instanceKlass org/jooq/impl/ThrowingFunction
instanceKlass org/jooq/impl/FieldsImpl$2
instanceKlass org/jooq/impl/FieldsImpl$1
instanceKlass org/jooq/impl/FieldsImpl$FieldOrIndex
instanceKlass org/jooq/impl/Mappable
instanceKlass org/jooq/TableOptions
instanceKlass org/jooq/tools/StringUtils
instanceKlass org/jooq/DivideByOnStep
instanceKlass org/jooq/QualifiedAsterisk
instanceKlass org/jooq/TableOptionalOnStep
instanceKlass org/jooq/TableOnStep
instanceKlass org/jooq/impl/QOM$Aliasable
instanceKlass org/jooq/impl/FieldsTrait
instanceKlass org/jooq/impl/SimpleCheckQueryPart
instanceKlass org/jooq/impl/ScopeNestable
instanceKlass org/jooq/impl/ScopeMappable
instanceKlass org/sonarsource/sonarlint/core/commons/storage/model/Tables
instanceKlass org/springframework/beans/factory/annotation/InitDestroyAnnotationBeanPostProcessor$LifecycleMethod
instanceKlass java/util/stream/StreamSpliterators
instanceKlass java/util/stream/StreamSpliterators$AbstractWrappingSpliterator
instanceKlass org/jooq/impl/DefaultExecuteContext
instanceKlass org/jooq/Results
instanceKlass org/jooq/tools/jdbc/MockCallable
instanceKlass org/jooq/tools/jdbc/MockRunnable
instanceKlass org/jooq/tools/jdbc/MockDataProvider
instanceKlass org/jooq/ConnectionCallable
instanceKlass org/jooq/Explain
instanceKlass org/jooq/util/xml/jaxb/InformationSchema
instanceKlass org/jooq/ContextTransactionalCallable
instanceKlass org/jooq/DDLExportConfiguration
instanceKlass org/jooq/BatchedCallable
instanceKlass org/jooq/BatchedRunnable
instanceKlass org/jooq/TransactionalPublishable
instanceKlass org/jooq/TransactionalCallable
instanceKlass org/jooq/ContextTransactionalRunnable
instanceKlass org/jooq/TransactionalRunnable
instanceKlass org/jooq/UDTRecord
instanceKlass org/jooq/UDT
instanceKlass org/jooq/Record22
instanceKlass org/jooq/Record21
instanceKlass org/jooq/Record20
instanceKlass org/jooq/Record17
instanceKlass org/jooq/Record4
instanceKlass org/jooq/Record3
instanceKlass org/jooq/Record2
instanceKlass org/jooq/Record14
instanceKlass org/jooq/Record10
instanceKlass org/jooq/Record11
instanceKlass org/jooq/Record13
instanceKlass org/jooq/Record12
instanceKlass org/jooq/Record15
instanceKlass org/jooq/Record16
instanceKlass org/jooq/Record18
instanceKlass org/jooq/Record5
instanceKlass org/jooq/Record19
instanceKlass org/jooq/Record9
instanceKlass org/jooq/Record8
instanceKlass org/jooq/Record7
instanceKlass org/jooq/Record6
instanceKlass org/jooq/ConnectionRunnable
instanceKlass org/jooq/Record1
instanceKlass org/jooq/util/yugabytedb/YugabyteDBDataType
instanceKlass org/jooq/impl/SQLDataTypes$TrinoDataType
instanceKlass org/jooq/util/sqlite/SQLiteDataType
instanceKlass org/jooq/util/postgres/PostgresDataType
instanceKlass org/jooq/util/mysql/MySQLDataType
instanceKlass org/jooq/util/mariadb/MariaDBDataType
instanceKlass org/jooq/util/ignite/IgniteDataType
instanceKlass org/jooq/util/hsqldb/HSQLDBDataType
instanceKlass org/jooq/util/h2/H2DataType
instanceKlass org/jooq/util/firebird/FirebirdDataType
instanceKlass org/jooq/impl/SQLDataTypes$DuckDBDataType
instanceKlass org/jooq/util/derby/DerbyDataType
instanceKlass org/jooq/util/cubrid/CUBRIDDataType
instanceKlass org/jooq/impl/BlobBinding
instanceKlass org/jooq/BindingSetStatementContext
instanceKlass org/jooq/ResourceManagingScope
instanceKlass org/jooq/BindingGetStatementContext
instanceKlass java/sql/SQLType
instanceKlass org/jooq/BindingSQLContext
instanceKlass org/jooq/BindingGetResultSetContext
instanceKlass org/jooq/BindingScope
instanceKlass org/jooq/EnumType
instanceKlass java/util/stream/Streams$RangeIntSpliterator
instanceKlass java/util/stream/Streams$2
instanceKlass java/util/stream/Streams$ConcatSpliterator
instanceKlass org/jooq/impl/Tools$DataKey
instanceKlass org/jooq/Source
instanceKlass org/jooq/SortField
instanceKlass org/jooq/CommonTableExpression
instanceKlass org/jooq/impl/Tools
instanceKlass org/jooq/impl/Lazy
instanceKlass org/jooq/Identity
instanceKlass org/jooq/UniqueKey
instanceKlass org/jooq/ForeignKey
instanceKlass org/jooq/Key
instanceKlass org/jooq/TableField
instanceKlass org/jooq/Check
instanceKlass org/reactivestreams/Subscriber
instanceKlass org/jooq/ConverterContext
instanceKlass org/jooq/UDTField
instanceKlass org/jooq/impl/Internal
instanceKlass org/jooq/RowId
instanceKlass org/jooq/XML
instanceKlass org/jooq/JSONB
instanceKlass org/jooq/JSON
instanceKlass org/jooq/Geography
instanceKlass org/jooq/Geometry
instanceKlass org/jooq/Spatial
instanceKlass org/jooq/types/Interval
instanceKlass org/jooq/impl/IdentityConverter
instanceKlass org/jooq/impl/AbstractConverter
instanceKlass org/jooq/ContextConverter
instanceKlass org/jooq/impl/DefaultBinding$InternalBinding
instanceKlass org/jooq/Converter
instanceKlass org/jooq/impl/DefaultBinding
instanceKlass org/jooq/Binding
instanceKlass org/jooq/impl/QOM$UTransient
instanceKlass org/jooq/WindowDefinition
instanceKlass org/jooq/DerivedColumnList
instanceKlass org/jooq/DerivedColumnList17
instanceKlass org/jooq/DerivedColumnList16
instanceKlass org/jooq/DerivedColumnList15
instanceKlass org/jooq/DerivedColumnList14
instanceKlass org/jooq/DerivedColumnList13
instanceKlass org/jooq/DerivedColumnList12
instanceKlass org/jooq/DerivedColumnList21
instanceKlass org/jooq/DerivedColumnList20
instanceKlass org/jooq/DerivedColumnList19
instanceKlass org/jooq/DerivedColumnList18
instanceKlass org/jooq/DerivedColumnList5
instanceKlass org/jooq/DerivedColumnList4
instanceKlass org/jooq/DerivedColumnList3
instanceKlass org/jooq/DerivedColumnList2
instanceKlass org/jooq/DerivedColumnList1
instanceKlass org/jooq/DerivedColumnList22
instanceKlass org/jooq/DerivedColumnList11
instanceKlass org/jooq/DerivedColumnList10
instanceKlass org/jooq/DerivedColumnList9
instanceKlass org/jooq/DerivedColumnList8
instanceKlass org/jooq/DerivedColumnList7
instanceKlass org/jooq/DerivedColumnList6
instanceKlass org/jooq/impl/SimpleQueryPart
instanceKlass org/jooq/Generator
instanceKlass org/jooq/impl/SQLDataType
instanceKlass org/reactivestreams/Subscription
instanceKlass org/jooq/TransactionContext
instanceKlass org/jooq/InsertValuesStep18
instanceKlass org/jooq/InsertValuesStep9
instanceKlass org/jooq/InsertValuesStep19
instanceKlass org/jooq/InsertValuesStep6
instanceKlass org/jooq/InsertValuesStep7
instanceKlass org/jooq/InsertValuesStep8
instanceKlass org/jooq/InsertValuesStep5
instanceKlass org/jooq/InsertValuesStep12
instanceKlass org/jooq/InsertValuesStep13
instanceKlass org/jooq/InsertValuesStep14
instanceKlass org/jooq/InsertValuesStep15
instanceKlass org/jooq/InsertValuesStep17
instanceKlass org/jooq/InsertValuesStep16
instanceKlass org/jooq/InsertValuesStep10
instanceKlass org/jooq/InsertValuesStep11
instanceKlass org/jooq/InsertValuesStep20
instanceKlass org/jooq/InsertValuesStep21
instanceKlass org/jooq/InsertValuesStep22
instanceKlass org/jooq/InsertValuesStepN
instanceKlass org/jooq/InsertValuesStep1
instanceKlass org/jooq/InsertValuesStep2
instanceKlass org/jooq/InsertValuesStep3
instanceKlass org/jooq/InsertSetStep
instanceKlass org/jooq/InsertValuesStep4
instanceKlass org/jooq/InsertOnDuplicateStep
instanceKlass org/jooq/InsertReturningStep
instanceKlass org/jooq/InsertFinalStep
instanceKlass org/jooq/Meta
instanceKlass org/jooq/Cursor
instanceKlass org/jooq/ExecuteContext
instanceKlass org/jooq/BindContext
instanceKlass org/jooq/RenderContext
instanceKlass org/jooq/Context
instanceKlass org/jooq/ExecuteScope
instanceKlass org/jooq/LoaderOptionsStep
instanceKlass org/jooq/LoaderSourceStep
instanceKlass org/jooq/Migrations
instanceKlass org/jooq/SelectQuery
instanceKlass org/jooq/DeleteQuery
instanceKlass org/jooq/InsertQuery
instanceKlass org/jooq/Insert
instanceKlass org/jooq/UpdateQuery
instanceKlass org/jooq/Update
instanceKlass org/jooq/StoreQuery
instanceKlass org/jooq/ConditionProvider
instanceKlass org/jooq/AlterTableStep
instanceKlass org/jooq/GrantOnStep
instanceKlass org/jooq/DropIndexOnStep
instanceKlass org/jooq/DropIndexCascadeStep
instanceKlass org/jooq/DropIndexFinalStep
instanceKlass org/jooq/DropTypeStep
instanceKlass org/jooq/DropTypeFinalStep
instanceKlass org/jooq/DropDomainCascadeStep
instanceKlass org/jooq/DropDomainFinalStep
instanceKlass org/jooq/DropSchemaStep
instanceKlass org/jooq/DropSchemaFinalStep
instanceKlass org/jooq/AlterTypeStep
instanceKlass org/jooq/AlterIndexOnStep
instanceKlass org/jooq/AlterIndexStep
instanceKlass org/jooq/AlterDatabaseStep
instanceKlass org/jooq/RevokeOnStep
instanceKlass org/jooq/CommentOnIsStep
instanceKlass org/jooq/CreateSchemaFinalStep
instanceKlass org/jooq/DropDatabaseFinalStep
instanceKlass org/jooq/AlterSchemaStep
instanceKlass org/jooq/DropViewFinalStep
instanceKlass org/jooq/DropSequenceFinalStep
instanceKlass org/jooq/CreateSequenceFlagsStep
instanceKlass org/jooq/CreateSequenceFinalStep
instanceKlass org/jooq/CreateDomainAsStep
instanceKlass org/jooq/AlterViewStep
instanceKlass org/jooq/CreateDatabaseFinalStep
instanceKlass org/jooq/CreateTypeStep
instanceKlass org/jooq/AlterDomainStep
instanceKlass org/jooq/CreateViewAsStep
instanceKlass org/jooq/AlterSequenceStep
instanceKlass org/jooq/AlterSequenceFlagsStep
instanceKlass org/jooq/AlterSequenceFinalStep
instanceKlass org/jooq/DropTableStep
instanceKlass org/jooq/DropTableFinalStep
instanceKlass org/jooq/CreateIndexStep
instanceKlass org/jooq/CreateTableElementListStep
instanceKlass org/jooq/CreateTableAsStep
instanceKlass org/jooq/CreateTableOnCommitStep
instanceKlass org/jooq/CreateTableCommentStep
instanceKlass org/jooq/CreateTableStorageStep
instanceKlass org/jooq/CreateTableFinalStep
instanceKlass org/jooq/DeleteUsingStep
instanceKlass org/jooq/DeleteWhereStep
instanceKlass org/jooq/DeleteOrderByStep
instanceKlass org/jooq/DeleteLimitStep
instanceKlass org/jooq/DeleteReturningStep
instanceKlass org/jooq/DeleteFinalStep
instanceKlass org/jooq/Delete
instanceKlass org/jooq/MergeKeyStep8
instanceKlass org/jooq/MergeValuesStep8
instanceKlass org/jooq/MergeKeyStep22
instanceKlass org/jooq/MergeValuesStep22
instanceKlass org/jooq/MergeKeyStep21
instanceKlass org/jooq/MergeValuesStep21
instanceKlass org/jooq/MergeKeyStep20
instanceKlass org/jooq/MergeValuesStep20
instanceKlass org/jooq/MergeKeyStep3
instanceKlass org/jooq/MergeValuesStep3
instanceKlass org/jooq/MergeKeyStep4
instanceKlass org/jooq/MergeValuesStep4
instanceKlass org/jooq/MergeKeyStep5
instanceKlass org/jooq/MergeValuesStep5
instanceKlass org/jooq/MergeKeyStep6
instanceKlass org/jooq/MergeValuesStep6
instanceKlass org/jooq/MergeKeyStep7
instanceKlass org/jooq/MergeValuesStep7
instanceKlass org/jooq/MergeKeyStep13
instanceKlass org/jooq/MergeValuesStep13
instanceKlass org/jooq/MergeKeyStep12
instanceKlass org/jooq/MergeValuesStep12
instanceKlass org/jooq/MergeKeyStep11
instanceKlass org/jooq/MergeValuesStep11
instanceKlass org/jooq/MergeKeyStep10
instanceKlass org/jooq/MergeValuesStep10
instanceKlass org/jooq/MergeKeyStep9
instanceKlass org/jooq/MergeValuesStep9
instanceKlass org/jooq/MergeKeyStep19
instanceKlass org/jooq/MergeValuesStep19
instanceKlass org/jooq/MergeKeyStep18
instanceKlass org/jooq/MergeValuesStep18
instanceKlass org/jooq/MergeKeyStep17
instanceKlass org/jooq/MergeValuesStep17
instanceKlass org/jooq/MergeKeyStep16
instanceKlass org/jooq/MergeValuesStep16
instanceKlass org/jooq/MergeKeyStep15
instanceKlass org/jooq/MergeValuesStep15
instanceKlass org/jooq/MergeKeyStep14
instanceKlass org/jooq/MergeValuesStep14
instanceKlass org/jooq/MergeUsingStep
instanceKlass org/jooq/MergeKeyStepN
instanceKlass org/jooq/MergeValuesStepN
instanceKlass org/jooq/MergeKeyStep2
instanceKlass org/jooq/MergeValuesStep2
instanceKlass org/jooq/MergeKeyStep1
instanceKlass org/jooq/MergeValuesStep1
instanceKlass org/jooq/SelectSelectStep
instanceKlass org/jooq/SelectDistinctOnStep
instanceKlass org/jooq/SelectIntoStep
instanceKlass org/jooq/SelectFromStep
instanceKlass org/jooq/SelectWhereStep
instanceKlass org/jooq/SelectConnectByStep
instanceKlass org/jooq/SelectGroupByStep
instanceKlass org/jooq/SelectHavingStep
instanceKlass org/jooq/SelectWindowStep
instanceKlass org/jooq/SelectQualifyStep
instanceKlass org/jooq/SelectOrderByStep
instanceKlass org/jooq/SelectLimitStep
instanceKlass org/jooq/SelectForUpdateStep
instanceKlass org/jooq/SelectForStep
instanceKlass org/jooq/SelectOptionStep
instanceKlass org/jooq/SelectUnionStep
instanceKlass org/jooq/SelectCorrelatedSubqueryStep
instanceKlass org/jooq/SelectFinalStep
instanceKlass org/jooq/Select
instanceKlass org/jooq/FieldLike
instanceKlass org/jooq/ResultQuery
instanceKlass org/jooq/RollbackToSavepointStep
instanceKlass org/jooq/Parser
instanceKlass org/jooq/Block
instanceKlass org/jooq/BatchBindStep
instanceKlass org/jooq/Batch
instanceKlass org/jooq/Queries
instanceKlass org/jooq/UpdateSetFirstStep
instanceKlass org/jooq/UpdateSetStep
instanceKlass org/jooq/TruncateIdentityStep
instanceKlass org/jooq/TruncateCascadeStep
instanceKlass org/jooq/TruncateFinalStep
instanceKlass org/jooq/Truncate
instanceKlass org/jooq/DDLQuery
instanceKlass org/jooq/impl/AbstractScope
instanceKlass org/jooq/Null
instanceKlass org/jooq/True
instanceKlass org/jooq/False
instanceKlass org/jooq/impl/AbstractQueryPart
instanceKlass org/jooq/QueryPartInternal
instanceKlass org/jooq/impl/QOM$UEmpty
instanceKlass org/jooq/WindowFromFirstLastStep
instanceKlass org/jooq/WindowSpecificationOrderByStep
instanceKlass org/jooq/WindowSpecificationRowsStep
instanceKlass org/jooq/WindowSpecificationFinalStep
instanceKlass org/jooq/WindowSpecification
instanceKlass org/jooq/XMLTablePassingStep
instanceKlass org/jooq/XMLTableColumnsFirstStep
instanceKlass org/jooq/XMLExistsPassingStep
instanceKlass org/jooq/JSONObjectAggNullStep
instanceKlass org/jooq/JSONObjectAggReturningStep
instanceKlass org/jooq/JSONEntry
instanceKlass org/jooq/XMLAttributes
instanceKlass org/jooq/JSONTableColumnsFirstStep
instanceKlass org/jooq/XMLQueryPassingStep
instanceKlass org/jooq/JSONExistsOnStep
instanceKlass org/jooq/JSONObjectNullStep
instanceKlass org/jooq/JSONObjectReturningStep
instanceKlass org/jooq/Collation
instanceKlass org/jooq/GroupConcatOrderByStep
instanceKlass org/jooq/GroupConcatSeparatorStep
instanceKlass org/jooq/OrderedAggregateFunction
instanceKlass org/jooq/ArrayAggOrderByStep
instanceKlass org/jooq/JSONArrayAggOrderByStep
instanceKlass org/jooq/JSONArrayAggNullStep
instanceKlass org/jooq/JSONArrayAggReturningStep
instanceKlass org/jooq/XMLAggOrderByStep
instanceKlass org/jooq/JSONArrayNullStep
instanceKlass org/jooq/JSONArrayReturningStep
instanceKlass org/jooq/Row3
instanceKlass org/jooq/Row8
instanceKlass org/jooq/Row9
instanceKlass org/jooq/Row12
instanceKlass org/jooq/Row11
instanceKlass org/jooq/Row10
instanceKlass org/jooq/Row18
instanceKlass org/jooq/Row19
instanceKlass org/jooq/Row20
instanceKlass org/jooq/Row7
instanceKlass org/jooq/Row21
instanceKlass org/jooq/Row4
instanceKlass org/jooq/Row13
instanceKlass org/jooq/RowN
instanceKlass org/jooq/Row14
instanceKlass org/jooq/Row15
instanceKlass org/jooq/Row16
instanceKlass org/jooq/Row17
instanceKlass org/jooq/Row5
instanceKlass org/jooq/Row2
instanceKlass org/jooq/Row1
instanceKlass org/jooq/Row6
instanceKlass org/jooq/Row22
instanceKlass org/jooq/Param
instanceKlass org/jooq/ParamOrVariable
instanceKlass org/jooq/CharacterSet
instanceKlass org/jooq/Privilege
instanceKlass org/jooq/Role
instanceKlass org/jooq/CloseableDSLContext
instanceKlass org/jooq/RecordType
instanceKlass org/jooq/WindowIgnoreNullsStep
instanceKlass org/jooq/JSONValueOnStep
instanceKlass org/jooq/JSONValueReturningStep
instanceKlass org/jooq/SQL
instanceKlass org/jooq/User
instanceKlass org/jooq/QuantifiedSelect
instanceKlass org/jooq/WithAsStep19
instanceKlass org/jooq/WithAsStep20
instanceKlass org/jooq/WithAsStep21
instanceKlass org/jooq/WithAsStep22
instanceKlass org/jooq/WithAsStep1
instanceKlass org/jooq/WithAsStep2
instanceKlass org/jooq/WithAsStep16
instanceKlass org/jooq/WithAsStep18
instanceKlass org/jooq/WithAsStep17
instanceKlass org/jooq/WithAsStep12
instanceKlass org/jooq/WithAsStep11
instanceKlass org/jooq/WithAsStep8
instanceKlass org/jooq/WithAsStep9
instanceKlass org/jooq/WithAsStep10
instanceKlass org/jooq/WithStep
instanceKlass org/jooq/WithAsStep13
instanceKlass org/jooq/WithAsStep14
instanceKlass org/jooq/WithAsStep
instanceKlass org/jooq/WithAsStep6
instanceKlass org/jooq/WithAsStep4
instanceKlass org/jooq/WithAsStep7
instanceKlass org/jooq/WithAsStep5
instanceKlass org/jooq/WithAsStep15
instanceKlass org/jooq/WithAsStep3
instanceKlass org/jooq/DMLQuery
instanceKlass org/jooq/RowCountQuery
instanceKlass org/jooq/Publisher
instanceKlass java/util/concurrent/Flow$Publisher
instanceKlass org/jooq/Query
instanceKlass org/jooq/AttachableQueryPart
instanceKlass org/jooq/Statement
instanceKlass org/jooq/Sequence
instanceKlass org/jooq/Condition
instanceKlass org/jooq/OrderedAggregateFunctionOfDeferredType
instanceKlass org/jooq/ConstraintTypeStep
instanceKlass org/jooq/ConstraintFinalStep
instanceKlass org/jooq/Constraint
instanceKlass org/jooq/Result
instanceKlass org/jooq/Domain
instanceKlass org/jooq/DataType
instanceKlass org/jooq/JSONEntryValueStep
instanceKlass org/jooq/Parameter
instanceKlass org/jooq/Case
instanceKlass org/jooq/AggregateFunction
instanceKlass org/jooq/AggregateFilterStep
instanceKlass org/jooq/WindowBeforeOverStep
instanceKlass org/jooq/WindowOverStep
instanceKlass org/jooq/Row
instanceKlass org/jooq/Type
instanceKlass org/jooq/Comment
instanceKlass org/jooq/ColumnElement
instanceKlass org/jooq/Name
instanceKlass org/jooq/Index
instanceKlass org/jooq/Keyword
instanceKlass org/jooq/impl/DSL
instanceKlass org/sonarsource/sonarlint/core/commons/storage/JooqDatabaseExceptionListener
instanceKlass org/jooq/impl/DefaultExecuteListenerProvider
instanceKlass org/jooq/impl/ThreadLocalTransactionProvider
instanceKlass org/jooq/impl/DataSourceConnectionProvider
instanceKlass org/jooq/Catalog
instanceKlass org/jooq/Schema
instanceKlass org/jooq/SchemaMapping
instanceKlass org/jooq/conf/SettingsBase
instanceKlass org/jooq/util/jaxb/tools/XMLAppendable
instanceKlass org/jooq/conf/SettingsTools
instanceKlass org/jooq/DiagnosticsListenerProvider
instanceKlass org/jooq/TransactionListenerProvider
instanceKlass org/jooq/VisitListenerProvider
instanceKlass org/jooq/MigrationListenerProvider
instanceKlass org/jooq/ExecuteListenerProvider
instanceKlass org/jooq/RecordListenerProvider
instanceKlass org/jooq/impl/NoTransactionProvider
instanceKlass org/jooq/impl/NoConnectionProvider
instanceKlass org/jooq/SQLDialect$ThirdParty
instanceKlass org/jooq/tools/JooqLogger
instanceKlass org/jooq/Log
instanceKlass org/jooq/CommitProvider
instanceKlass io/r2dbc/spi/ConnectionFactory
instanceKlass org/jooq/ConverterProvider
instanceKlass org/jooq/CacheProvider
instanceKlass org/jooq/MetaProvider
instanceKlass org/jooq/FormattingProvider
instanceKlass org/jooq/CharsetProvider
instanceKlass org/jooq/UnwrapperProvider
instanceKlass org/jooq/ExecutorProvider
instanceKlass org/jooq/TransactionProvider
instanceKlass org/jooq/ConnectionProvider
instanceKlass org/jooq/RecordMapperProvider
instanceKlass org/jooq/RecordUnmapperProvider
instanceKlass org/jooq/impl/AbstractConfiguration
instanceKlass java/time/Instant$1
instanceKlass java/util/stream/ReduceOps$8ReducingSink
instanceKlass java/util/stream/Sink$OfLong
instanceKlass java/util/function/LongBinaryOperator
instanceKlass java/util/stream/LongStream
instanceKlass java/util/function/ToLongFunction
instanceKlass org/flywaydb/core/api/output/MigrateOutput
instanceKlass org/h2/command/query/ForUpdate
instanceKlass org/flywaydb/core/internal/jdbc/TableLockingExecutionTemplate$1
instanceKlass org/flywaydb/core/internal/jdbc/TableLockingExecutionTemplate
instanceKlass org/flywaydb/core/api/executor/Context
instanceKlass org/flywaydb/core/internal/command/DbMigrate
instanceKlass org/flywaydb/core/internal/command/DbSchemas
instanceKlass org/flywaydb/core/api/output/OperationResultBase
instanceKlass org/flywaydb/core/internal/license/VersionPrinter
instanceKlass org/flywaydb/core/api/output/CommandResultFactory
instanceKlass org/flywaydb/core/internal/util/TimeFormat
instanceKlass org/flywaydb/core/internal/util/AbbreviationUtils
instanceKlass org/flywaydb/core/internal/util/ValidatePatternUtils
instanceKlass org/flywaydb/core/internal/info/MigrationInfoImpl
instanceKlass org/flywaydb/core/internal/info/AppliedMigrationAttributes
instanceKlass org/flywaydb/core/internal/info/MigrationInfoContext
instanceKlass org/h2/util/LegacyDateTimeUtils
instanceKlass org/h2/index/IndexSort
instanceKlass org/h2/command/query/QueryOrderBy
instanceKlass org/flywaydb/core/internal/jdbc/RowMapper
instanceKlass org/h2/result/SimpleResult$Column
instanceKlass org/h2/result/SimpleResult
instanceKlass org/flywaydb/core/internal/resolver/ResolvedMigrationComparator
instanceKlass org/flywaydb/core/internal/resolver/sql/SqlMigrationExecutor
instanceKlass java/net/URLEncoder
instanceKlass java/net/URLDecoder
instanceKlass org/flywaydb/core/internal/util/UrlUtils
instanceKlass org/flywaydb/core/internal/resolver/ResolvedMigrationImpl
instanceKlass org/flywaydb/core/api/resolver/ResolvedMigration
instanceKlass org/flywaydb/core/api/resolver/ChecksumMatcher
instanceKlass org/flywaydb/core/internal/util/IOUtils
instanceKlass org/flywaydb/core/internal/util/BomFilter
instanceKlass org/flywaydb/core/internal/resolver/ChecksumCalculator
instanceKlass org/flywaydb/core/internal/sqlscript/SqlScriptMetadata
instanceKlass org/flywaydb/core/internal/sqlscript/SqlStatement
instanceKlass org/flywaydb/core/internal/sqlscript/SqlStatementIterator
instanceKlass org/flywaydb/core/internal/util/CloseableIterator
instanceKlass org/flywaydb/core/internal/sqlscript/ParserSqlScript
instanceKlass org/flywaydb/core/api/resolver/MigrationResolver$Context
instanceKlass org/flywaydb/core/internal/proprietaryInterfaces/CherryPickConfiguration
instanceKlass org/flywaydb/core/api/MigrationInfo
instanceKlass org/flywaydb/core/internal/info/MigrationInfoServiceImpl
instanceKlass org/flywaydb/core/api/MigrationInfoService
instanceKlass org/flywaydb/core/api/InfoOutputProvider
instanceKlass org/flywaydb/core/internal/jdbc/TransactionalExecutionTemplate
instanceKlass org/flywaydb/core/internal/jdbc/ExecutionTemplateFactory
instanceKlass org/flywaydb/core/internal/util/StopWatch
instanceKlass org/h2/command/query/SelectGroups
instanceKlass org/h2/expression/aggregate/Aggregate$1
instanceKlass org/flywaydb/core/internal/command/DbValidate
instanceKlass org/flywaydb/core/api/pattern/ValidatePattern
instanceKlass org/flywaydb/core/internal/resolver/java/FixedJavaMigrationResolver
instanceKlass org/flywaydb/core/internal/resolver/java/ScanningJavaMigrationResolver
instanceKlass org/flywaydb/core/internal/resolver/sql/SqlMigrationResolver
instanceKlass org/flywaydb/core/api/callback/Statement
instanceKlass org/flywaydb/core/internal/callback/SimpleContext
instanceKlass org/flywaydb/core/internal/callback/SqlScriptCallbackFactory$ParseCallbackEvent
instanceKlass org/flywaydb/core/internal/callback/SqlScriptCallbackFactory
instanceKlass org/flywaydb/core/internal/resolver/script/ScriptMigrationResolver$ParseCallbackEvent
instanceKlass org/flywaydb/core/internal/resolver/script/ScriptMigrationResolver
instanceKlass org/flywaydb/core/api/callback/Context
instanceKlass org/flywaydb/core/internal/callback/DefaultCallbackExecutor
instanceKlass java/text/DontCareFieldPosition$1
instanceKlass java/text/Format$FieldDelegate
instanceKlass sun/util/resources/Bundles$2
instanceKlass java/util/ArrayList$SubList$1
instanceKlass sun/util/resources/LocaleData$LocaleDataResourceBundleProvider
instanceKlass java/util/spi/ResourceBundleProvider
instanceKlass org/h2/index/DualCursor
instanceKlass org/flywaydb/core/internal/database/base/SchemaObject
instanceKlass org/flywaydb/core/internal/schemahistory/SchemaHistoryFactory
instanceKlass org/flywaydb/core/internal/database/base/CommunityDatabaseType
instanceKlass org/h2/index/MetaCursor
instanceKlass jdk/internal/math/FormattedFloatingDecimal$2
instanceKlass jdk/internal/math/FormattedFloatingDecimal
instanceKlass org/h2/command/query/Query$OffsetFetch
instanceKlass org/h2/table/Plan
instanceKlass org/h2/command/query/Optimizer
instanceKlass org/h2/result/FetchedResult
instanceKlass org/h2/result/LocalResult
instanceKlass org/flywaydb/core/api/callback/Warning
instanceKlass org/flywaydb/core/internal/jdbc/JdbcTemplate
instanceKlass org/flywaydb/core/internal/database/base/Connection
instanceKlass org/flywaydb/core/internal/jdbc/JdbcConnectionFactory$ConnectionInitializer
instanceKlass org/flywaydb/core/internal/sqlscript/SqlScriptExecutorFactory
instanceKlass org/flywaydb/core/internal/strategy/RetryStrategy
instanceKlass org/flywaydb/core/internal/resource/ResourceName
instanceKlass org/flywaydb/core/extensibility/ResourceType
instanceKlass org/flywaydb/core/internal/resource/ResourceNameParser
instanceKlass org/flywaydb/core/internal/sqlscript/SqlScriptFactory
instanceKlass sun/invoke/util/VerifyAccess$1
instanceKlass java/util/AbstractList$RandomAccessSpliterator
instanceKlass org/h2/engine/Constants
instanceKlass org/flywaydb/core/internal/database/DatabaseTypeRegister
instanceKlass java/util/function/LongConsumer
instanceKlass org/h2/mvstore/FileStore$RemovedPageInfo
instanceKlass java/util/function/IntSupplier
instanceKlass org/h2/mvstore/FileStore$1
instanceKlass org/h2/util/MemoryEstimator
instanceKlass org/h2/mvstore/FreeSpaceBitSet
instanceKlass org/h2/mvstore/cache/CacheLongKeyLIRS$Entry
instanceKlass org/h2/mvstore/cache/CacheLongKeyLIRS$Segment
instanceKlass org/h2/mvstore/cache/CacheLongKeyLIRS
instanceKlass org/h2/mvstore/cache/CacheLongKeyLIRS$Config
instanceKlass org/h2/mvstore/Chunk
instanceKlass org/h2/mvstore/MVStoreTool
instanceKlass java/lang/StackTraceElement$HashedModules
instanceKlass java/lang/Throwable$PrintStreamOrWriter
instanceKlass org/h2/api/ErrorCode
instanceKlass sun/nio/fs/BasicFileAttributesHolder
instanceKlass java/nio/file/Files$2
instanceKlass sun/nio/fs/WindowsDirectoryStream$WindowsDirectoryIterator
instanceKlass java/nio/file/Files$AcceptAllFilter
instanceKlass java/nio/file/DirectoryStream$Filter
instanceKlass org/h2/value/Transfer
instanceKlass org/h2/util/SmallMap
instanceKlass org/h2/server/TcpServerThread
instanceKlass sun/nio/ch/ExtendedSocketOption$1
instanceKlass sun/nio/ch/ExtendedSocketOption
instanceKlass sun/nio/ch/OptionKey
instanceKlass sun/nio/ch/SocketOptionRegistry$LazyInitialization
instanceKlass sun/nio/ch/SocketOptionRegistry$RegistryKey
instanceKlass sun/nio/ch/SocketOptionRegistry
instanceKlass org/h2/util/Utils10
instanceKlass java/net/StandardSocketOptions$StdSocketOption
instanceKlass java/net/StandardSocketOptions
instanceKlass sun/net/spi/DefaultProxySelector$3
instanceKlass sun/net/spi/DefaultProxySelector$NonProxyInfo
instanceKlass java/net/SocksSocketImpl$3
instanceKlass java/net/SocksConsts
instanceKlass java/util/concurrent/atomic/Striped64$1
instanceKlass java/net/InetAddress$CachedAddresses
instanceKlass sun/net/InetAddressCachePolicy$2
instanceKlass sun/net/InetAddressCachePolicy$1
instanceKlass sun/net/InetAddressCachePolicy
instanceKlass java/net/InetAddress$NameServiceAddresses
instanceKlass java/net/InetAddress$Addresses
instanceKlass java/util/concurrent/ConcurrentSkipListMap$Iter
instanceKlass java/net/Socket
instanceKlass org/h2/table/PlanItem
instanceKlass org/h2/command/query/AllColumnsForPlan
instanceKlass org/h2/index/IndexCondition
instanceKlass org/h2/index/IndexCursor
instanceKlass org/h2/table/TableFilter$TableFilterVisitor
instanceKlass org/h2/table/TableFilter
instanceKlass java/sql/ParameterMetaData
instanceKlass java/sql/ResultSetMetaData
instanceKlass org/h2/expression/ExpressionVisitor
instanceKlass org/h2/result/SortOrder
instanceKlass org/h2/command/Parser$1
instanceKlass org/h2/schema/FunctionAlias$JavaMethod
instanceKlass org/h2/util/JdbcUtils
instanceKlass org/h2/engine/SessionLocal$1
instanceKlass org/h2/engine/SessionLocal$Savepoint
instanceKlass org/h2/result/ResultWithGeneratedKeys
instanceKlass org/h2/expression/function/BuiltinFunctions
instanceKlass org/h2/expression/aggregate/AggregateData
instanceKlass org/h2/command/Token
instanceKlass org/h2/command/Tokenizer
instanceKlass org/h2/expression/function/table/TableFunction
instanceKlass org/h2/expression/ParameterInterface
instanceKlass org/h2/expression/ExpressionWithFlags
instanceKlass org/h2/expression/ExpressionWithVariableParameters
instanceKlass org/h2/result/ResultTarget
instanceKlass org/h2/expression/function/NamedExpression
instanceKlass org/h2/command/dml/MergeUsing$When
instanceKlass org/h2/command/Command
instanceKlass org/h2/command/ParserBase
instanceKlass org/h2/result/ResultInterface
instanceKlass java/sql/ResultSet
instanceKlass org/h2/util/ParserUtil
instanceKlass jdk/internal/util/random/RandomSupport
instanceKlass org/h2/mvstore/StreamStore
instanceKlass org/h2/mvstore/db/LobStorageMap$BlobReference
instanceKlass org/h2/mvstore/db/NullValueDataType
instanceKlass org/h2/mvstore/db/LobStorageMap$BlobMeta
instanceKlass org/h2/mvstore/db/LobStorageMap
instanceKlass org/h2/index/SingleRowCursor
instanceKlass org/h2/command/Prepared
instanceKlass org/h2/engine/MetaRecord
instanceKlass org/h2/mvstore/tx/Snapshot
instanceKlass org/h2/mvstore/tx/TransactionMap$2
instanceKlass org/h2/mvstore/db/MVPrimaryIndex$MVStoreCursor
instanceKlass org/h2/mvstore/tx/TransactionMap$TMIterator
instanceKlass org/h2/mvstore/tx/VersionedValueType$Factory
instanceKlass org/h2/mvstore/tx/Record
instanceKlass org/h2/mvstore/tx/Transaction
instanceKlass org/h2/index/IndexType
instanceKlass org/h2/table/IndexColumn
instanceKlass org/h2/index/Cursor
instanceKlass org/h2/index/SpatialIndex
instanceKlass org/h2/table/ColumnResolver
instanceKlass org/h2/expression/Expression
instanceKlass org/h2/value/ExtTypeInfo
instanceKlass org/h2/table/Column
instanceKlass org/h2/command/ddl/CreateTableData
instanceKlass org/h2/mvstore/Cursor
instanceKlass org/h2/util/TimeZoneProvider
instanceKlass org/h2/util/DateTimeUtils
instanceKlass org/h2/table/ColumnTemplate
instanceKlass org/h2/mvstore/MVMap$4
instanceKlass org/h2/mvstore/CursorPos
instanceKlass org/h2/mvstore/MVMap$IntValueHolder
instanceKlass org/h2/mvstore/MVMap$BasicBuilder
instanceKlass org/h2/mvstore/tx/TransactionStore
instanceKlass org/h2/mvstore/RootReference
instanceKlass org/h2/mvstore/Page$PageReference
instanceKlass java/util/concurrent/atomic/AtomicLongFieldUpdater$CASUpdater$1
instanceKlass java/util/concurrent/atomic/AtomicLongFieldUpdater
instanceKlass org/h2/mvstore/Page
instanceKlass org/h2/mvstore/MVMap$DecisionMaker
instanceKlass org/h2/mvstore/DataUtils
instanceKlass java/util/concurrent/atomic/AtomicIntegerFieldUpdater$AtomicIntegerFieldUpdaterImpl$1
instanceKlass java/util/concurrent/atomic/AtomicIntegerFieldUpdater
instanceKlass org/h2/mvstore/MVStore$TxCounter
instanceKlass org/h2/mvstore/MVMap$MapBuilder
instanceKlass org/h2/mvstore/FileStore
instanceKlass org/h2/mvstore/MVStore
instanceKlass org/h2/mvstore/MVStore$Builder
instanceKlass org/h2/mvstore/db/Store
instanceKlass sun/net/NetHooks
instanceKlass jdk/net/ExtendedSocketOptions$PlatformSocketOptions$1
instanceKlass jdk/net/ExtendedSocketOptions$PlatformSocketOptions
instanceKlass jdk/net/ExtendedSocketOptions$ExtSocketOption
instanceKlass java/net/SocketOption
instanceKlass jdk/net/ExtendedSocketOptions
instanceKlass sun/net/ext/ExtendedSocketOptions
instanceKlass java/net/Inet6Address$Inet6AddressHolder
instanceKlass sun/nio/ch/Net$1
instanceKlass java/net/ProtocolFamily
instanceKlass sun/nio/ch/Net
instanceKlass java/net/InetSocketAddress$InetSocketAddressHolder
instanceKlass sun/net/PlatformSocketImpl
instanceKlass java/net/SocketImpl
instanceKlass java/net/SocketOptions
instanceKlass java/net/ServerSocket
instanceKlass java/net/InetAddress$PlatformNameService
instanceKlass java/net/InetAddress$NameService
instanceKlass java/net/Inet6AddressImpl
instanceKlass java/net/InetAddressImpl
instanceKlass java/net/InetAddressImplFactory
instanceKlass java/util/concurrent/ConcurrentSkipListMap$Node
instanceKlass java/util/concurrent/ConcurrentSkipListMap$Index
instanceKlass java/net/InetAddress$InetAddressHolder
instanceKlass java/net/InetAddress$1
instanceKlass jdk/internal/access/JavaNetInetAddressAccess
instanceKlass org/h2/util/NetUtils
instanceKlass org/h2/server/TcpServer
instanceKlass org/h2/server/Service
instanceKlass org/h2/util/Tool
instanceKlass org/h2/server/ShutdownHandler
instanceKlass java/sql/DriverInfo
instanceKlass org/h2/Driver
instanceKlass sun/util/cldr/CLDRBaseLocaleDataMetaInfo$TZCanonicalIDMapHolder
instanceKlass io/sentry/util/CollectionUtils
instanceKlass sun/util/resources/provider/NonBaseLocaleDataMetaInfo
instanceKlass sun/util/locale/provider/BaseLocaleDataMetaInfo
instanceKlass sun/util/locale/provider/TimeZoneNameUtility$TimeZoneNameGetter
instanceKlass sun/util/locale/provider/TimeZoneNameUtility
instanceKlass java/nio/channels/Channels
instanceKlass sun/security/provider/SeedGenerator
instanceKlass java/security/SecureRandomParameters
instanceKlass java/security/SecureRandomSpi
instanceKlass java/util/Random
instanceKlass java/util/random/RandomGenerator
instanceKlass org/h2/store/FileLock$1
instanceKlass org/h2/store/FileLock
instanceKlass org/h2/mvstore/db/ValueDataType$Factory
instanceKlass org/h2/value/lob/LobData
instanceKlass org/h2/mvstore/db/RowDataType$Factory
instanceKlass org/h2/mvstore/type/StatefulDataType$Factory
instanceKlass org/h2/mvstore/type/BasicDataType
instanceKlass org/h2/mvstore/type/DataType
instanceKlass org/h2/mvstore/type/StatefulDataType
instanceKlass org/h2/result/RowFactory$Holder
instanceKlass org/h2/result/RowFactory
instanceKlass org/h2/util/TempFileDeleter
instanceKlass org/h2/api/IntervalQualifier$1
instanceKlass org/h2/value/DataType
instanceKlass org/h2/engine/Mode
instanceKlass org/h2/engine/DbObject
instanceKlass org/h2/engine/Database
instanceKlass java/nio/file/FileStore
instanceKlass sun/nio/fs/WindowsSecurity
instanceKlass sun/nio/fs/AbstractAclFileAttributeView
instanceKlass java/nio/file/attribute/AclFileAttributeView
instanceKlass java/nio/file/attribute/FileOwnerAttributeView
instanceKlass sun/nio/fs/WindowsFileSystemProvider$1
instanceKlass org/h2/engine/Engine$DatabaseHolder
instanceKlass sun/nio/fs/WindowsLinkSupport
instanceKlass org/h2/compress/CompressLZF
instanceKlass org/h2/compress/Compressor
instanceKlass org/h2/store/fs/mem/FileMemData
instanceKlass org/h2/store/fs/FilePath
instanceKlass org/h2/store/fs/FileUtils
instanceKlass org/h2/engine/Engine
instanceKlass java/text/Collator
instanceKlass org/h2/value/CompareMode
instanceKlass org/h2/jdbc/meta/DatabaseMeta
instanceKlass org/h2/store/LobStorageInterface
instanceKlass org/h2/command/CommandInterface
instanceKlass org/h2/mvstore/tx/TransactionStore$RollbackListener
instanceKlass org/h2/engine/Session
instanceKlass org/h2/store/DataHandler
instanceKlass org/h2/security/SHA256
instanceKlass org/h2/engine/SettingsBase
instanceKlass org/h2/command/dml/SetTypes
instanceKlass org/h2/engine/ConnectionInfo
instanceKlass java/sql/Array
instanceKlass java/sql/NClob
instanceKlass java/sql/Clob
instanceKlass java/sql/SQLXML
instanceKlass java/sql/Blob
instanceKlass org/h2/value/VersionedValue
instanceKlass org/h2/value/Typed
instanceKlass org/h2/util/HasSQL
instanceKlass java/sql/DatabaseMetaData
instanceKlass java/sql/CallableStatement
instanceKlass java/sql/PreparedStatement
instanceKlass java/sql/Savepoint
instanceKlass org/h2/engine/CastDataProvider
instanceKlass javax/transaction/xa/XAResource
instanceKlass org/flywaydb/core/internal/strategy/BackoffStrategy
instanceKlass org/flywaydb/core/internal/jdbc/JdbcUtils
instanceKlass org/flywaydb/core/internal/configuration/resolvers/ProvisionerMode$1
instanceKlass org/flywaydb/core/internal/jdbc/JdbcConnectionFactory
instanceKlass org/flywaydb/core/internal/parser/ParsingContext
instanceKlass org/flywaydb/core/internal/scanner/classpath/JarFileClassPathLocationScanner
instanceKlass org/flywaydb/core/internal/scanner/classpath/DefaultUrlResolver
instanceKlass ch/qos/logback/core/util/StringUtil
instanceKlass ch/qos/logback/classic/spi/EventArgUtil
instanceKlass ch/qos/logback/classic/spi/IThrowableProxy
instanceKlass ch/qos/logback/classic/spi/LoggingEvent
instanceKlass org/flywaydb/core/internal/logging/buffered/BufferedLog$1
instanceKlass org/flywaydb/core/internal/scanner/Scanner
instanceKlass org/flywaydb/core/internal/util/Locations
instanceKlass org/flywaydb/core/api/output/HtmlResult
instanceKlass org/flywaydb/core/internal/jdbc/StatementInterceptor
instanceKlass org/flywaydb/core/internal/database/base/Schema
instanceKlass org/flywaydb/core/internal/schemahistory/SchemaHistory
instanceKlass org/flywaydb/core/internal/resolver/CompositeMigrationResolver
instanceKlass org/flywaydb/core/FlywayExecutor$Command
instanceKlass org/flywaydb/core/internal/nc/NativeConnectorsSupport
instanceKlass org/flywaydb/core/internal/nc/NativeConnectorsModeUtils
instanceKlass org/flywaydb/core/extensibility/EventTelemetryModel
instanceKlass org/flywaydb/core/internal/util/FlywayDbWebsiteLinks
instanceKlass org/flywaydb/core/internal/util/FileUtils
instanceKlass org/flywaydb/core/internal/license/FlywayPermit
instanceKlass org/flywaydb/core/internal/logging/multi/MultiLogger
instanceKlass org/flywaydb/core/internal/logging/slf4j/Slf4jLog
instanceKlass org/flywaydb/core/internal/logging/slf4j/Slf4jLogCreator
instanceKlass org/flywaydb/core/internal/util/ClassUtils
instanceKlass org/flywaydb/core/internal/util/FeatureDetector
instanceKlass org/flywaydb/core/internal/logging/multi/MultiLogCreator
instanceKlass org/flywaydb/core/extensibility/LicenseGuard
instanceKlass org/flywaydb/core/internal/resource/ResourceNameValidator
instanceKlass org/flywaydb/core/internal/configuration/ConfigurationValidator
instanceKlass org/flywaydb/core/api/resource/LoadableResource
instanceKlass org/flywaydb/core/api/resource/Resource
instanceKlass org/flywaydb/core/api/ClassProvider
instanceKlass org/flywaydb/core/api/ResourceProvider
instanceKlass org/flywaydb/core/FlywayExecutor
instanceKlass org/flywaydb/core/internal/logging/buffered/BufferedLog$BufferedLogMessage
instanceKlass org/flywaydb/core/api/Location
instanceKlass org/flywaydb/core/internal/util/Pair
instanceKlass org/flywaydb/core/internal/scanner/LocationParser
instanceKlass org/flywaydb/core/internal/scanner/classpath/UrlResolver
instanceKlass org/flywaydb/core/internal/scanner/classpath/ClassPathLocationScanner
instanceKlass org/flywaydb/core/internal/scanner/classpath/ClassPathScanner
instanceKlass org/flywaydb/core/internal/configuration/models/ResolvedEnvironment
instanceKlass org/flywaydb/core/internal/configuration/resolvers/ProvisionerConfiguration
instanceKlass sun/nio/cs/Surrogate
instanceKlass sun/nio/cs/Surrogate$Parser
instanceKlass org/flywaydb/core/internal/configuration/resolvers/PropertyResolverContextImpl
instanceKlass org/flywaydb/core/ProgressLoggerEmpty
instanceKlass org/flywaydb/core/internal/configuration/resolvers/PropertyResolverContext
instanceKlass org/flywaydb/core/internal/configuration/resolvers/EnvironmentResolver
instanceKlass org/flywaydb/core/internal/configuration/ConfigUtils
instanceKlass java/util/HashMap$HashMapSpliterator
instanceKlass org/flywaydb/core/extensibility/ConfigurationProvider
instanceKlass com/fasterxml/jackson/databind/deser/std/NumberDeserializers
instanceKlass com/fasterxml/jackson/databind/introspect/PotentialCreator
instanceKlass com/fasterxml/jackson/annotation/JsonCreator
instanceKlass com/fasterxml/jackson/databind/introspect/MethodGenericTypeResolver
instanceKlass com/fasterxml/jackson/databind/annotation/JacksonStdImpl
instanceKlass com/fasterxml/jackson/databind/util/LinkedNode
instanceKlass com/fasterxml/jackson/databind/deser/BasicDeserializerFactory$ContainerDefaultMappings
instanceKlass com/fasterxml/jackson/databind/type/TypeBindings$AsKey
instanceKlass com/fasterxml/jackson/databind/type/TypeBindings$TypeParamStash
instanceKlass sun/reflect/generics/tree/VoidDescriptor
instanceKlass org/flywaydb/core/internal/command/clean/SchemaModel
instanceKlass com/fasterxml/jackson/databind/deser/impl/ReadableObjectId$Referring
instanceKlass com/fasterxml/jackson/databind/deser/impl/BeanPropertyMap
instanceKlass com/fasterxml/jackson/annotation/JsonAlias
instanceKlass com/fasterxml/jackson/databind/introspect/POJOPropertyBuilder$4
instanceKlass com/fasterxml/jackson/databind/deser/impl/NullsConstantProvider
instanceKlass com/fasterxml/jackson/databind/util/IgnorePropertiesUtil
instanceKlass com/fasterxml/jackson/databind/deser/BeanDeserializerBuilder
instanceKlass com/fasterxml/jackson/databind/deser/impl/CreatorCollector
instanceKlass com/fasterxml/jackson/core/JsonLocation
instanceKlass com/fasterxml/jackson/databind/deser/ValueInstantiator
instanceKlass com/fasterxml/jackson/databind/deser/impl/JDKValueInstantiators
instanceKlass com/fasterxml/jackson/databind/annotation/JsonValueInstantiator
instanceKlass com/fasterxml/jackson/databind/jsontype/impl/SubTypeValidator
instanceKlass com/fasterxml/jackson/databind/deser/std/JdkDeserializers
instanceKlass com/fasterxml/jackson/annotation/JsonFilter
instanceKlass com/fasterxml/jackson/annotation/JsonIncludeProperties$Value
instanceKlass com/fasterxml/jackson/annotation/JsonIncludeProperties
instanceKlass com/fasterxml/jackson/annotation/JsonIgnoreProperties$Value
instanceKlass com/fasterxml/jackson/annotation/JsonIgnoreProperties
instanceKlass com/fasterxml/jackson/databind/annotation/JsonAppend
instanceKlass com/fasterxml/jackson/databind/ser/impl/PropertySerializerMap
instanceKlass com/fasterxml/jackson/databind/introspect/POJOPropertyBuilder$1
instanceKlass com/fasterxml/jackson/databind/ser/PropertyBuilder$1
instanceKlass com/fasterxml/jackson/databind/annotation/JsonTypeResolver
instanceKlass com/fasterxml/jackson/databind/BeanProperty$Std
instanceKlass com/fasterxml/jackson/databind/introspect/POJOPropertyBuilder$2
instanceKlass com/fasterxml/jackson/annotation/JsonTypeId
instanceKlass com/fasterxml/jackson/databind/introspect/POJOPropertyBuilder$3
instanceKlass com/fasterxml/jackson/annotation/JsonInclude
instanceKlass com/fasterxml/jackson/databind/ser/PropertyBuilder
instanceKlass com/fasterxml/jackson/annotation/JsonIgnoreType
instanceKlass com/fasterxml/jackson/databind/ser/BeanSerializerBuilder
instanceKlass com/fasterxml/jackson/databind/ObjectWriter
instanceKlass com/fasterxml/jackson/databind/util/BeanUtil
instanceKlass com/fasterxml/jackson/databind/ext/Java7Handlers
instanceKlass org/w3c/dom/Document
instanceKlass org/w3c/dom/Node
instanceKlass com/fasterxml/jackson/databind/ext/OptionalHandlerFactory
instanceKlass com/fasterxml/jackson/databind/PropertyMetadata
instanceKlass com/fasterxml/jackson/annotation/JsonPropertyDescription
instanceKlass com/fasterxml/jackson/annotation/JsonPropertyOrder
instanceKlass com/fasterxml/jackson/databind/annotation/JsonNaming
instanceKlass com/fasterxml/jackson/annotation/JacksonInject
instanceKlass com/fasterxml/jackson/databind/introspect/POJOPropertyBuilder$6
instanceKlass com/fasterxml/jackson/databind/introspect/POJOPropertyBuilder$5
instanceKlass com/fasterxml/jackson/databind/cfg/ConstructorDetector
instanceKlass com/fasterxml/jackson/annotation/JsonSetter
instanceKlass com/fasterxml/jackson/databind/introspect/AnnotatedMethodMap
instanceKlass com/fasterxml/jackson/annotation/JacksonAnnotation
instanceKlass com/fasterxml/jackson/databind/introspect/AnnotatedMethodCollector$MethodBuilder
instanceKlass com/fasterxml/jackson/databind/introspect/MemberKey
instanceKlass com/fasterxml/jackson/databind/introspect/POJOPropertyBuilder$Linked
instanceKlass com/fasterxml/jackson/databind/AnnotationIntrospector$ReferenceProperty
instanceKlass com/fasterxml/jackson/databind/introspect/POJOPropertyBuilder$WithMember
instanceKlass com/fasterxml/jackson/annotation/JsonIgnore
instanceKlass com/fasterxml/jackson/annotation/JsonAutoDetect$1
instanceKlass com/fasterxml/jackson/annotation/JsonProperty
instanceKlass com/fasterxml/jackson/annotation/JsonGetter
instanceKlass com/fasterxml/jackson/databind/PropertyName
instanceKlass com/fasterxml/jackson/annotation/JsonAnySetter
instanceKlass com/fasterxml/jackson/annotation/JsonAnyGetter
instanceKlass com/fasterxml/jackson/annotation/JsonValue
instanceKlass com/fasterxml/jackson/annotation/JsonKey
instanceKlass com/fasterxml/jackson/annotation/JacksonAnnotationsInside
instanceKlass com/fasterxml/jackson/databind/introspect/AnnotatedFieldCollector$FieldBuilder
instanceKlass org/flywaydb/core/internal/command/clean/CleanModel
instanceKlass com/fasterxml/jackson/databind/introspect/TypeResolutionContext$Basic
instanceKlass com/fasterxml/jackson/databind/introspect/AnnotationMap
instanceKlass com/fasterxml/jackson/databind/introspect/CollectorBase
instanceKlass com/fasterxml/jackson/databind/introspect/PotentialCreators
instanceKlass com/fasterxml/jackson/databind/util/ArrayIterator
instanceKlass com/fasterxml/jackson/annotation/JsonIdentityInfo
instanceKlass com/fasterxml/jackson/annotation/JsonAutoDetect
instanceKlass com/fasterxml/jackson/databind/introspect/POJOPropertiesCollector
instanceKlass com/fasterxml/jackson/databind/util/internal/PrivateMaxEntriesMap$AddTask
instanceKlass com/fasterxml/jackson/databind/util/internal/PrivateMaxEntriesMap$WeightedValue
instanceKlass com/fasterxml/jackson/databind/type/ClassStack
instanceKlass com/fasterxml/jackson/databind/util/internal/PrivateMaxEntriesMap$EntryIterator
instanceKlass com/fasterxml/jackson/databind/util/TypeKey
instanceKlass com/fasterxml/jackson/databind/ser/impl/ReadOnlyClassToSerializerMap$Bucket
instanceKlass com/fasterxml/jackson/databind/ser/impl/ReadOnlyClassToSerializerMap
instanceKlass com/fasterxml/jackson/core/FormatFeature
instanceKlass com/fasterxml/jackson/core/util/JacksonFeatureSet
instanceKlass com/fasterxml/jackson/core/JsonStreamContext
instanceKlass com/fasterxml/jackson/core/io/IOContext
instanceKlass com/fasterxml/jackson/core/io/ContentReference
instanceKlass com/fasterxml/jackson/core/util/TextBuffer
instanceKlass com/fasterxml/jackson/core/util/BufferRecycler
instanceKlass com/fasterxml/jackson/core/util/BufferRecyclers
instanceKlass com/fasterxml/jackson/databind/ser/BeanSerializerModifier
instanceKlass com/fasterxml/jackson/databind/ser/Serializers
instanceKlass com/fasterxml/jackson/databind/cfg/SerializerFactoryConfig
instanceKlass com/fasterxml/jackson/databind/ser/std/StdJdkSerializers
instanceKlass com/fasterxml/jackson/databind/ser/std/NumberSerializers
instanceKlass com/fasterxml/jackson/databind/deser/DeserializerCache
instanceKlass com/fasterxml/jackson/databind/KeyDeserializer
instanceKlass com/fasterxml/jackson/databind/deser/std/StdKeyDeserializers
instanceKlass com/fasterxml/jackson/databind/deser/KeyDeserializers
instanceKlass com/fasterxml/jackson/databind/deser/ValueInstantiators
instanceKlass com/fasterxml/jackson/databind/AbstractTypeResolver
instanceKlass com/fasterxml/jackson/databind/deser/BeanDeserializerModifier
instanceKlass com/fasterxml/jackson/databind/cfg/DeserializerFactoryConfig
instanceKlass com/fasterxml/jackson/databind/deser/Deserializers
instanceKlass com/fasterxml/jackson/annotation/ObjectIdGenerator
instanceKlass com/fasterxml/jackson/databind/deser/ValueInstantiator$Gettable
instanceKlass com/fasterxml/jackson/databind/deser/ContextualDeserializer
instanceKlass com/fasterxml/jackson/databind/deser/ResolvableDeserializer
instanceKlass com/fasterxml/jackson/databind/JsonDeserializer
instanceKlass com/fasterxml/jackson/databind/deser/NullValueProvider
instanceKlass com/fasterxml/jackson/databind/ser/SerializerCache
instanceKlass com/fasterxml/jackson/databind/ser/ResolvableSerializer
instanceKlass com/fasterxml/jackson/databind/ser/ContextualSerializer
instanceKlass com/fasterxml/jackson/databind/jsonschema/SchemaAware
instanceKlass com/fasterxml/jackson/databind/JsonSerializer
instanceKlass com/fasterxml/jackson/databind/jsonFormatVisitors/JsonFormatVisitable
instanceKlass com/fasterxml/jackson/databind/node/JsonNodeFactory
instanceKlass com/fasterxml/jackson/databind/node/JsonNodeCreator
instanceKlass com/fasterxml/jackson/databind/cfg/ContextAttributes
instanceKlass com/fasterxml/jackson/databind/cfg/DatatypeFeature
instanceKlass com/fasterxml/jackson/databind/cfg/DatatypeFeatures$DefaultHolder
instanceKlass com/fasterxml/jackson/databind/cfg/DatatypeFeatures
instanceKlass com/fasterxml/jackson/core/util/DefaultPrettyPrinter$NopIndenter
instanceKlass com/fasterxml/jackson/core/util/Separators
instanceKlass com/fasterxml/jackson/core/util/DefaultPrettyPrinter$Indenter
instanceKlass com/fasterxml/jackson/core/util/DefaultPrettyPrinter
instanceKlass com/fasterxml/jackson/core/util/Instantiatable
instanceKlass com/fasterxml/jackson/databind/cfg/ConfigFeature
instanceKlass com/fasterxml/jackson/databind/cfg/ConfigOverride
instanceKlass com/fasterxml/jackson/annotation/JsonFormat$Features
instanceKlass com/fasterxml/jackson/annotation/JsonFormat$Value
instanceKlass com/fasterxml/jackson/core/PrettyPrinter
instanceKlass com/fasterxml/jackson/databind/cfg/CoercionConfig
instanceKlass com/fasterxml/jackson/databind/cfg/CoercionConfigs
instanceKlass com/fasterxml/jackson/databind/introspect/VisibilityChecker$Std
instanceKlass com/fasterxml/jackson/annotation/JsonSetter$Value
instanceKlass com/fasterxml/jackson/annotation/JsonInclude$Value
instanceKlass com/fasterxml/jackson/annotation/JacksonAnnotationValue
instanceKlass com/fasterxml/jackson/databind/cfg/ConfigOverrides
instanceKlass com/fasterxml/jackson/databind/introspect/AnnotatedClass$Creators
instanceKlass com/fasterxml/jackson/databind/introspect/AnnotationCollector$NoAnnotations
instanceKlass com/fasterxml/jackson/databind/util/Annotations
instanceKlass com/fasterxml/jackson/databind/introspect/AnnotationCollector
instanceKlass com/fasterxml/jackson/databind/introspect/AnnotatedClassResolver
instanceKlass com/fasterxml/jackson/databind/BeanDescription
instanceKlass com/fasterxml/jackson/databind/cfg/MapperConfig
instanceKlass com/fasterxml/jackson/databind/introspect/SimpleMixInResolver
instanceKlass com/fasterxml/jackson/databind/introspect/ClassIntrospector$MixInResolver
instanceKlass com/fasterxml/jackson/databind/util/RootNameLookup
instanceKlass com/fasterxml/jackson/core/sym/CharsToNameCanonicalizer$Bucket
instanceKlass com/fasterxml/jackson/core/sym/CharsToNameCanonicalizer$TableInfo
instanceKlass com/fasterxml/jackson/core/sym/CharsToNameCanonicalizer
instanceKlass com/fasterxml/jackson/core/ErrorReportConfiguration
instanceKlass com/fasterxml/jackson/core/StreamWriteConstraints
instanceKlass com/fasterxml/jackson/core/StreamReadConstraints
instanceKlass com/fasterxml/jackson/core/util/RecyclerPool$WithPool
instanceKlass com/fasterxml/jackson/core/util/RecyclerPool$ThreadLocalPoolBase
instanceKlass com/fasterxml/jackson/core/util/RecyclerPool
instanceKlass com/fasterxml/jackson/core/util/JsonRecyclerPools
instanceKlass com/fasterxml/jackson/core/sym/ByteQuadsCanonicalizer$TableInfo
instanceKlass com/fasterxml/jackson/core/sym/ByteQuadsCanonicalizer
instanceKlass com/fasterxml/jackson/core/io/CharTypes
instanceKlass com/fasterxml/jackson/core/io/JsonStringEncoder
instanceKlass com/fasterxml/jackson/core/io/SerializedString
instanceKlass com/fasterxml/jackson/core/util/JacksonFeature
instanceKlass com/fasterxml/jackson/core/async/ByteArrayFeeder
instanceKlass com/fasterxml/jackson/core/async/ByteBufferFeeder
instanceKlass com/fasterxml/jackson/core/async/NonBlockingInputFeeder
instanceKlass com/fasterxml/jackson/core/TSFBuilder
instanceKlass com/fasterxml/jackson/core/SerializableString
instanceKlass com/fasterxml/jackson/databind/cfg/DefaultCacheProvider
instanceKlass com/fasterxml/jackson/databind/cfg/CacheProvider
instanceKlass com/fasterxml/jackson/databind/introspect/AccessorNamingStrategy
instanceKlass com/fasterxml/jackson/core/Base64Variant
instanceKlass com/fasterxml/jackson/core/Base64Variants
instanceKlass java/text/DigitList
instanceKlass java/text/FieldPosition
instanceKlass java/lang/StringUTF16$CharsSpliterator
instanceKlass java/util/stream/Sink$ChainedInt
instanceKlass java/util/OptionalInt
instanceKlass java/util/stream/Sink$OfInt
instanceKlass java/util/function/IntConsumer
instanceKlass java/util/function/IntPredicate
instanceKlass java/util/stream/IntStream
instanceKlass java/lang/StringLatin1$CharsSpliterator
instanceKlass java/text/DecimalFormatSymbols
instanceKlass java/text/DateFormatSymbols
instanceKlass sun/util/resources/Bundles$CacheKeyReference
instanceKlass java/util/ResourceBundle$ResourceBundleProviderHelper
instanceKlass sun/util/resources/Bundles$CacheKey
instanceKlass java/util/ResourceBundle$1
instanceKlass jdk/internal/access/JavaUtilResourceBundleAccess
instanceKlass sun/util/resources/Bundles
instanceKlass sun/util/resources/LocaleData$LocaleDataStrategy
instanceKlass sun/util/resources/Bundles$Strategy
instanceKlass sun/util/resources/LocaleData$1
instanceKlass sun/util/resources/LocaleData
instanceKlass sun/util/locale/provider/LocaleResources
instanceKlass java/util/ResourceBundle$Control
instanceKlass sun/util/locale/provider/CalendarDataUtility$CalendarWeekParameterGetter
instanceKlass sun/util/locale/provider/LocaleServiceProviderPool$LocalizedObjectGetter
instanceKlass sun/util/locale/provider/LocaleServiceProviderPool
instanceKlass java/util/Locale$Builder
instanceKlass sun/util/locale/provider/CalendarDataUtility
instanceKlass java/util/Calendar$Builder
instanceKlass sun/util/locale/provider/AvailableLanguageTags
instanceKlass sun/util/resources/cldr/provider/CLDRLocaleDataMetaInfo
instanceKlass sun/util/locale/InternalLocaleBuilder$CaseInsensitiveChar
instanceKlass sun/util/locale/InternalLocaleBuilder
instanceKlass sun/util/locale/StringTokenIterator
instanceKlass sun/util/locale/ParseStatus
instanceKlass sun/util/locale/LanguageTag
instanceKlass sun/util/cldr/CLDRBaseLocaleDataMetaInfo
instanceKlass sun/util/locale/provider/LocaleDataMetaInfo
instanceKlass sun/util/locale/provider/ResourceBundleBasedAdapter
instanceKlass sun/util/locale/provider/LocaleProviderAdapter$1
instanceKlass sun/util/locale/provider/LocaleProviderAdapter
instanceKlass java/util/spi/LocaleServiceProvider
instanceKlass java/text/AttributedCharacterIterator$Attribute
instanceKlass com/fasterxml/jackson/databind/type/TypeBindings
instanceKlass com/fasterxml/jackson/databind/type/TypeParser
instanceKlass com/fasterxml/jackson/databind/type/TypeFactory
instanceKlass com/fasterxml/jackson/databind/cfg/BaseSettings
instanceKlass com/fasterxml/jackson/databind/util/internal/Linked
instanceKlass com/fasterxml/jackson/databind/util/internal/PrivateMaxEntriesMap$Builder
instanceKlass com/fasterxml/jackson/databind/util/LRUMap
instanceKlass com/fasterxml/jackson/databind/util/LookupCache
instanceKlass java/beans/ConstructorProperties
instanceKlass java/beans/Transient
instanceKlass com/fasterxml/jackson/databind/util/ClassUtil$Ctor
instanceKlass com/fasterxml/jackson/databind/util/ClassUtil
instanceKlass com/fasterxml/jackson/databind/ext/Java7Support
instanceKlass com/fasterxml/jackson/annotation/JsonMerge
instanceKlass com/fasterxml/jackson/databind/annotation/JsonDeserialize
instanceKlass com/fasterxml/jackson/annotation/JsonManagedReference
instanceKlass com/fasterxml/jackson/annotation/JsonBackReference
instanceKlass com/fasterxml/jackson/annotation/JsonUnwrapped
instanceKlass com/fasterxml/jackson/annotation/JsonRawValue
instanceKlass com/fasterxml/jackson/annotation/JsonTypeInfo
instanceKlass com/fasterxml/jackson/annotation/JsonFormat
instanceKlass com/fasterxml/jackson/annotation/JsonView
instanceKlass com/fasterxml/jackson/databind/annotation/JsonSerialize
instanceKlass com/fasterxml/jackson/databind/introspect/ConcreteBeanPropertyBase
instanceKlass com/fasterxml/jackson/databind/BeanProperty
instanceKlass com/fasterxml/jackson/databind/introspect/BeanPropertyDefinition
instanceKlass com/fasterxml/jackson/databind/util/Named
instanceKlass com/fasterxml/jackson/databind/introspect/TypeResolutionContext
instanceKlass com/fasterxml/jackson/databind/introspect/Annotated
instanceKlass com/fasterxml/jackson/core/type/ResolvedType
instanceKlass com/fasterxml/jackson/core/JsonGenerator
instanceKlass com/fasterxml/jackson/core/JsonParser
instanceKlass com/fasterxml/jackson/databind/JsonSerializable$Base
instanceKlass com/fasterxml/jackson/databind/JsonSerializable
instanceKlass com/fasterxml/jackson/core/TreeNode
instanceKlass com/fasterxml/jackson/databind/Module$SetupContext
instanceKlass com/fasterxml/jackson/databind/jsontype/TypeResolverBuilder
instanceKlass com/fasterxml/jackson/core/util/BufferRecycler$Gettable
instanceKlass com/fasterxml/jackson/databind/introspect/VisibilityChecker
instanceKlass com/fasterxml/jackson/databind/introspect/ClassIntrospector
instanceKlass com/fasterxml/jackson/databind/jsontype/PolymorphicTypeValidator
instanceKlass com/fasterxml/jackson/databind/introspect/AccessorNamingStrategy$Provider
instanceKlass com/fasterxml/jackson/databind/AnnotationIntrospector
instanceKlass com/fasterxml/jackson/databind/ser/SerializerFactory
instanceKlass com/fasterxml/jackson/databind/deser/DeserializerFactory
instanceKlass com/fasterxml/jackson/databind/DatabindContext
instanceKlass com/fasterxml/jackson/databind/jsontype/SubtypeResolver
instanceKlass com/fasterxml/jackson/core/TokenStreamFactory
instanceKlass com/fasterxml/jackson/core/TreeCodec
instanceKlass com/fasterxml/jackson/core/Versioned
instanceKlass org/flywaydb/core/internal/callback/CallbackExecutor
instanceKlass org/flywaydb/core/internal/jdbc/ErrorOverrideInitializerStub
instanceKlass org/flywaydb/core/internal/jdbc/ErrorOverrideInitializer
instanceKlass org/flywaydb/core/internal/NullFlywayTelemetryManager
instanceKlass org/flywaydb/core/FlywayTelemetryManager
instanceKlass org/flywaydb/core/internal/scanner/filesystem/FilesystemLocationHandler
instanceKlass org/flywaydb/core/internal/scanner/ReadWriteLocationHandler
instanceKlass org/flywaydb/core/internal/scanner/classpath/ClasspathLocationHandlerImpl
instanceKlass org/flywaydb/core/internal/scanner/ClasspathLocationHandler
instanceKlass org/flywaydb/core/internal/scanner/ReadOnlyLocationHandler
instanceKlass org/flywaydb/core/internal/publishing/PublishingConfigurationExtension
instanceKlass org/flywaydb/core/internal/proprietaryStubs/OfflinePermitConfigurationExtensionStub
instanceKlass org/flywaydb/core/internal/proprietaryStubs/PATTokenConfigurationExtensionStub
instanceKlass org/flywaydb/core/internal/proprietaryStubs/PrepareCommandExtensionStub
instanceKlass org/flywaydb/core/internal/proprietaryStubs/GenerateCommandExtensionStub
instanceKlass org/flywaydb/core/internal/proprietaryStubs/DiffTextCommandExtensionStub
instanceKlass org/flywaydb/core/internal/proprietaryStubs/ModelCommandExtensionStub
instanceKlass org/flywaydb/core/internal/proprietaryStubs/DiffCommandExtensionStub
instanceKlass org/flywaydb/core/internal/proprietaryStubs/DeployCommandExtensionStub
instanceKlass org/flywaydb/core/internal/proprietaryStubs/AuthCommandExtensionStub
instanceKlass org/flywaydb/core/internal/proprietaryStubs/LicensingConfigurationExtensionStub
instanceKlass org/flywaydb/core/api/migration/baseline/BaselineResourceTypeProvider
instanceKlass org/flywaydb/core/api/executor/MigrationExecutor
instanceKlass org/flywaydb/core/api/migration/baseline/BaselineMigrationResolver
instanceKlass org/flywaydb/core/api/migration/baseline/BaselineMigrationConfigurationExtension
instanceKlass org/flywaydb/core/internal/proprietaryStubs/UndoCommandExtensionStub
instanceKlass org/flywaydb/core/internal/proprietaryStubs/CheckCommandExtensionStub
instanceKlass org/flywaydb/core/extensibility/CommandExtension
instanceKlass org/flywaydb/core/extensibility/PluginMetadata
instanceKlass org/flywaydb/core/internal/configuration/resolvers/PlaceholderPropertyResolver
instanceKlass org/flywaydb/core/internal/configuration/resolvers/EnvironmentProvisionerNone
instanceKlass org/flywaydb/core/internal/configuration/resolvers/EnvironmentProvisioner
instanceKlass org/flywaydb/core/internal/configuration/resolvers/EnvironmentVariableResolver
instanceKlass org/flywaydb/core/internal/configuration/resolvers/PropertyResolver
instanceKlass org/flywaydb/core/internal/configuration/extensions/PrepareScriptFilenameConfigurationExtension
instanceKlass org/flywaydb/core/internal/configuration/extensions/DeployScriptFilenameConfigurationExtension
instanceKlass org/flywaydb/core/internal/command/clean/CleanModeConfigurationExtension
instanceKlass org/flywaydb/core/extensibility/ConfigurationExtension
instanceKlass org/flywaydb/core/internal/resource/CoreResourceTypeProvider
instanceKlass org/flywaydb/core/extensibility/ResourceTypeProvider
instanceKlass org/flywaydb/core/extensibility/MigrationType
instanceKlass org/flywaydb/core/api/MigrationVersion
instanceKlass org/flywaydb/core/internal/schemahistory/BaseAppliedMigration
instanceKlass org/flywaydb/core/extensibility/AppliedMigration
instanceKlass org/flywaydb/core/internal/parser/Parser
instanceKlass org/flywaydb/core/internal/database/base/Database
instanceKlass org/flywaydb/core/internal/sqlscript/SqlScriptExecutor
instanceKlass org/flywaydb/core/internal/jdbc/ExecutionTemplate
instanceKlass java/sql/Statement
instanceKlass org/flywaydb/core/internal/sqlscript/SqlScript
instanceKlass org/flywaydb/core/internal/database/DatabaseExecutionStrategy
instanceKlass org/flywaydb/core/internal/database/base/BaseDatabaseType
instanceKlass org/flywaydb/core/internal/database/DatabaseType
instanceKlass org/flywaydb/core/api/callback/Callback
instanceKlass org/flywaydb/core/api/callback/GenericCallback
instanceKlass org/flywaydb/core/internal/configuration/models/PropertyResolver
instanceKlass org/flywaydb/core/internal/util/MergeUtils
instanceKlass org/flywaydb/core/internal/configuration/models/DataSourceModel
instanceKlass org/flywaydb/core/internal/scanner/LocationScannerCache
instanceKlass org/flywaydb/core/internal/scanner/ResourceNameCache
instanceKlass org/flywaydb/core/internal/scanner/classpath/ResourceAndClassScanner
instanceKlass org/flywaydb/core/internal/scanner/ClasspathClassScanner
instanceKlass org/flywaydb/core/internal/plugin/PluginRegister
instanceKlass org/flywaydb/core/api/resolver/MigrationResolver
instanceKlass org/flywaydb/core/extensibility/Plugin
instanceKlass org/flywaydb/core/api/migration/JavaMigration
instanceKlass org/flywaydb/core/internal/configuration/models/EnvironmentModel
instanceKlass org/flywaydb/core/internal/util/StringUtils
instanceKlass org/flywaydb/core/internal/configuration/models/ConfigurationModel
instanceKlass org/flywaydb/core/internal/configuration/models/FlywayEnvironmentModel
instanceKlass org/flywaydb/core/ProgressLogger
instanceKlass org/flywaydb/core/api/configuration/ClassicConfiguration
instanceKlass io/sentry/EnvelopeReader
instanceKlass io/sentry/protocol/ViewHierarchy$Deserializer
instanceKlass io/sentry/protocol/ViewHierarchy
instanceKlass io/sentry/protocol/ViewHierarchyNode$Deserializer
instanceKlass io/sentry/protocol/ViewHierarchyNode
instanceKlass org/flywaydb/core/api/configuration/FluentConfiguration
instanceKlass io/sentry/clientreport/ClientReport$Deserializer
instanceKlass io/sentry/clientreport/ClientReport
instanceKlass io/sentry/UserFeedback$Deserializer
instanceKlass io/sentry/UserFeedback
instanceKlass io/sentry/protocol/Geo$Deserializer
instanceKlass io/sentry/protocol/Geo
instanceKlass org/flywaydb/core/internal/logging/EvolvingLog
instanceKlass io/sentry/protocol/User$Deserializer
instanceKlass io/sentry/SpanStatus$Deserializer
instanceKlass org/flywaydb/core/internal/logging/buffered/BufferedLog
instanceKlass org/flywaydb/core/internal/logging/buffered/BufferedLogCreator
instanceKlass io/sentry/SpanId$Deserializer
instanceKlass org/flywaydb/core/api/logging/LogCreator
instanceKlass org/flywaydb/core/api/logging/Log
instanceKlass io/sentry/SpanContext$Deserializer
instanceKlass org/flywaydb/core/api/logging/LogFactory
instanceKlass io/sentry/Session$Deserializer
instanceKlass org/flywaydb/core/api/ErrorCode
instanceKlass org/flywaydb/core/api/callback/CallbackEvent
instanceKlass io/sentry/Session
instanceKlass org/flywaydb/core/api/output/OperationResult
instanceKlass org/flywaydb/core/api/configuration/Configuration
instanceKlass io/sentry/protocol/SentryTransaction$Deserializer
instanceKlass org/flywaydb/core/Flyway
instanceKlass io/sentry/protocol/SentryThread$Deserializer
instanceKlass io/sentry/protocol/SentryThread
instanceKlass io/sentry/SentryAppStartProfilingOptions$Deserializer
instanceKlass java/util/concurrent/ConcurrentLinkedQueue$Node
instanceKlass io/sentry/SentryAppStartProfilingOptions
instanceKlass io/sentry/protocol/SentryStackTrace$Deserializer
instanceKlass io/sentry/protocol/SentryStackTrace
instanceKlass org/h2/message/Trace
instanceKlass org/h2/util/MathUtils
instanceKlass io/sentry/protocol/SentryStackFrame$Deserializer
instanceKlass io/sentry/protocol/SentryStackFrame
instanceKlass org/h2/engine/SysProperties
instanceKlass org/h2/message/TraceSystem
instanceKlass org/h2/message/TraceWriter
instanceKlass org/h2/jdbcx/JdbcDataSourceFactory
instanceKlass javax/naming/spi/ObjectFactory
instanceKlass io/sentry/protocol/SentrySpan$Deserializer
instanceKlass io/sentry/protocol/SentrySpan
instanceKlass java/util/concurrent/atomic/AtomicReferenceArray
instanceKlass io/sentry/SentryReplayEvent$Deserializer
instanceKlass org/h2/util/StringUtils
instanceKlass io/sentry/protocol/SentryRuntime$Deserializer
instanceKlass io/sentry/protocol/SentryRuntime
instanceKlass io/sentry/protocol/SentryPackage$Deserializer
instanceKlass io/sentry/SentryLogEvents$Deserializer
instanceKlass io/sentry/SentryLogEvents
instanceKlass io/sentry/SentryLockReason$Deserializer
instanceKlass io/sentry/SentryLockReason
instanceKlass io/sentry/SentryLevel$Deserializer
instanceKlass io/sentry/SentryItemType$Deserializer
instanceKlass org/h2/util/IOUtils
instanceKlass io/sentry/protocol/SentryException$Deserializer
instanceKlass io/sentry/protocol/SentryException
instanceKlass io/sentry/SentryEvent$Deserializer
instanceKlass io/sentry/SentryEnvelopeItemHeader$Deserializer
instanceKlass io/sentry/SentryEnvelopeItemHeader
instanceKlass io/sentry/SentryEnvelopeHeader$Deserializer
instanceKlass io/sentry/SentryEnvelopeHeader
instanceKlass io/sentry/protocol/SdkVersion$Deserializer
instanceKlass io/sentry/protocol/SdkInfo$Deserializer
instanceKlass io/sentry/protocol/SdkInfo
instanceKlass org/h2/util/Utils
instanceKlass io/sentry/rrweb/RRWebVideoEvent$Deserializer
instanceKlass java/util/concurrent/atomic/AtomicReferenceFieldUpdater$AtomicReferenceFieldUpdaterImpl$1
instanceKlass java/util/concurrent/atomic/AtomicReferenceFieldUpdater
instanceKlass io/sentry/rrweb/RRWebSpanEvent$Deserializer
instanceKlass org/h2/jdbc/JdbcException
instanceKlass io/sentry/rrweb/RRWebMetaEvent$Deserializer
instanceKlass javax/sql/XAConnection
instanceKlass javax/sql/PooledConnection
instanceKlass javax/naming/RefAddr
instanceKlass org/h2/message/TraceObject
instanceKlass io/sentry/rrweb/RRWebInteractionMoveEvent$Deserializer
instanceKlass org/h2/jdbcx/JdbcDataSourceBackwardsCompat
instanceKlass javax/naming/Referenceable
instanceKlass javax/sql/XADataSource
instanceKlass javax/sql/ConnectionPoolDataSource
instanceKlass io/sentry/rrweb/RRWebInteractionEvent$Deserializer
instanceKlass org/h2/jdbcx/JdbcConnectionPool
instanceKlass org/h2/jdbcx/JdbcConnectionPoolBackwardsCompat
instanceKlass javax/sql/ConnectionEventListener
instanceKlass io/sentry/logger/SentryLogParameters
instanceKlass io/sentry/rrweb/RRWebEventType$Deserializer
instanceKlass sun/nio/fs/WindowsDirectoryStream
instanceKlass java/nio/file/DirectoryStream
instanceKlass org/jooq/ExecuteListener
instanceKlass io/sentry/rrweb/RRWebBreadcrumbEvent$Deserializer
instanceKlass javax/sql/DataSource
instanceKlass javax/sql/CommonDataSource
instanceKlass io/sentry/rrweb/RRWebEvent
instanceKlass io/sentry/CombinedScopeView$1
instanceKlass io/sentry/protocol/User
instanceKlass io/sentry/ReplayRecording$Deserializer
instanceKlass io/sentry/ReplayRecording
instanceKlass sun/nio/ch/FileKey
instanceKlass sun/nio/ch/FileLockTable
instanceKlass java/nio/channels/FileLock
instanceKlass io/sentry/protocol/Request$Deserializer
instanceKlass io/sentry/protocol/Request
instanceKlass io/sentry/PreviousSessionFinalizer
instanceKlass io/sentry/profilemeasurements/ProfileMeasurementValue$Deserializer
instanceKlass io/sentry/util/IntegrationUtils
instanceKlass io/sentry/profilemeasurements/ProfileMeasurementValue
instanceKlass io/sentry/MovePreviousSession
instanceKlass io/sentry/logger/NoOpLoggerBatchProcessor
instanceKlass io/sentry/profilemeasurements/ProfileMeasurement$Deserializer
instanceKlass io/sentry/transport/AuthenticatorWrapper
instanceKlass io/sentry/profilemeasurements/ProfileMeasurement
instanceKlass java/net/Authenticator
instanceKlass io/sentry/transport/HttpConnection
instanceKlass io/sentry/ProfilingTransactionData$Deserializer
instanceKlass io/sentry/ProfilingTransactionData
instanceKlass io/sentry/transport/ReusableCountLatch
instanceKlass io/sentry/ProfilingTraceData$Deserializer
instanceKlass io/sentry/transport/AsyncHttpTransport$AsyncConnectionThreadFactory
instanceKlass io/sentry/ProfilingTraceData
instanceKlass io/sentry/DateUtils
instanceKlass io/sentry/SentryDate
instanceKlass io/sentry/SentryInstantDateProvider
instanceKlass io/sentry/SentryAutoDateProvider
instanceKlass io/sentry/transport/CurrentDateProvider
instanceKlass io/sentry/transport/ICurrentDateProvider
instanceKlass io/sentry/ProfileContext$Deserializer
instanceKlass java/util/TimerTask
instanceKlass io/sentry/transport/RateLimiter
instanceKlass io/sentry/ProfileContext
instanceKlass io/sentry/ProfileChunk$Deserializer
instanceKlass io/sentry/ProfileChunk
instanceKlass io/sentry/transport/AsyncHttpTransport
instanceKlass io/sentry/protocol/OperatingSystem$Deserializer
instanceKlass java/net/spi/URLStreamHandlerProvider
instanceKlass io/sentry/protocol/OperatingSystem
instanceKlass java/net/URL$1
instanceKlass java/net/URL$2
instanceKlass io/sentry/RequestDetails
instanceKlass io/sentry/RequestDetailsResolver
instanceKlass io/sentry/protocol/Message$Deserializer
instanceKlass io/sentry/AsyncHttpTransportFactory
instanceKlass io/sentry/protocol/Message
instanceKlass io/sentry/SentryClient$SortBreadcrumbsByDate
instanceKlass io/sentry/protocol/Mechanism$Deserializer
instanceKlass io/sentry/protocol/Mechanism
instanceKlass io/sentry/SpanContext
instanceKlass io/sentry/logger/ILoggerBatchProcessor
instanceKlass io/sentry/SentryClient
instanceKlass io/sentry/protocol/MeasurementValue$Deserializer
instanceKlass io/sentry/protocol/MeasurementValue
instanceKlass io/sentry/protocol/Gpu$Deserializer
instanceKlass io/sentry/protocol/Gpu
instanceKlass io/sentry/ScopesAdapter
instanceKlass io/sentry/protocol/Feedback$Deserializer
instanceKlass io/sentry/protocol/Feedback
instanceKlass io/sentry/protocol/Device$DeviceOrientation$Deserializer
instanceKlass io/sentry/backpressure/BackpressureMonitor
instanceKlass io/sentry/protocol/Device$Deserializer
instanceKlass io/sentry/JavaMemoryCollector
instanceKlass io/sentry/protocol/Device
instanceKlass io/sentry/IPerformanceSnapshotCollector
instanceKlass io/sentry/util/thread/ThreadChecker
instanceKlass io/sentry/util/DebugMetaPropertiesApplier
instanceKlass io/sentry/internal/debugmeta/ResourcesDebugMetaLoader
instanceKlass io/sentry/util/ClassLoaderUtils
instanceKlass io/sentry/internal/modules/ModulesLoader
instanceKlass io/sentry/protocol/DebugMeta$Deserializer
instanceKlass io/sentry/DefaultScopesStorage$DefaultScopesLifecycleToken
instanceKlass io/sentry/protocol/DebugMeta
instanceKlass io/sentry/util/SpanUtils
instanceKlass io/sentry/DefaultScopesStorage
instanceKlass io/sentry/protocol/DebugImage$Deserializer
instanceKlass io/sentry/ScopesStorageFactory
instanceKlass io/sentry/protocol/DebugImage
instanceKlass io/sentry/opentelemetry/OpenTelemetryUtil
instanceKlass io/sentry/logger/LoggerApi
instanceKlass io/sentry/protocol/Contexts$Deserializer
instanceKlass io/sentry/protocol/Browser$Deserializer
instanceKlass io/sentry/CombinedScopeView
instanceKlass io/sentry/protocol/Browser
instanceKlass io/sentry/Breadcrumb$Deserializer
instanceKlass io/sentry/Breadcrumb
instanceKlass io/sentry/Scopes
instanceKlass io/sentry/protocol/App$Deserializer
instanceKlass io/sentry/JsonDeserializer
instanceKlass io/sentry/protocol/App
instanceKlass io/sentry/ObjectReader
instanceKlass io/sentry/JsonSerializer
instanceKlass io/sentry/CircularFifoQueue$1
instanceKlass sun/security/pkcs/ESSCertId
instanceKlass sun/security/pkcs/SigningCertificateInfo
instanceKlass java/io/FilePermission$1
instanceKlass jdk/internal/access/JavaIOFilePermissionAccess
instanceKlass jdk/internal/logger/LoggerFinderLoader
instanceKlass jdk/internal/logger/LazyLoggers$LazyLoggerFactories
instanceKlass jdk/internal/logger/LazyLoggers$1
instanceKlass jdk/internal/logger/LazyLoggers
instanceKlass io/sentry/internal/ManifestVersionReader$VersionInfoHolder
instanceKlass io/sentry/internal/ManifestVersionReader
instanceKlass io/sentry/ManifestVersionDetector
instanceKlass io/sentry/util/InitUtil
instanceKlass io/sentry/SystemOutLogger
instanceKlass io/sentry/SentryOptions$BeforeSendTransactionCallback
instanceKlass io/sentry/SentryOptions$BeforeSendCallback
instanceKlass io/sentry/FilterString
instanceKlass org/sonarsource/sonarlint/core/commons/log/FormattingTuple
instanceKlass org/sonarsource/sonarlint/core/commons/log/NormalizedParameters
instanceKlass org/sonarsource/sonarlint/core/commons/log/MessageFormatter
instanceKlass org/sonarsource/sonarlint/core/commons/SonarLintCoreVersion
instanceKlass io/sentry/protocol/SentryPackage
instanceKlass io/sentry/util/AutoClosableReentrantLock$AutoClosableReentrantLockLifecycleToken
instanceKlass io/sentry/SentryIntegrationPackageStorage
instanceKlass io/sentry/SentryRuntimeEventProcessor
instanceKlass io/sentry/DuplicateEventDetectionEventProcessor
instanceKlass io/sentry/SentryThreadFactory
instanceKlass io/sentry/SentryExceptionFactory
instanceKlass io/sentry/SentryStackTraceFactory
instanceKlass io/sentry/MainEventProcessor
instanceKlass io/sentry/EventProcessor
instanceKlass io/sentry/SpotlightIntegration
instanceKlass io/sentry/SentryOptions$BeforeEnvelopeCallback
instanceKlass io/sentry/ShutdownHookIntegration
instanceKlass io/sentry/UncaughtExceptionHandler$Adapter
instanceKlass io/sentry/UncaughtExceptionHandler
instanceKlass java/util/concurrent/ScheduledThreadPoolExecutor$DelayedWorkQueue$Itr
instanceKlass io/sentry/UncaughtExceptionHandlerIntegration
instanceKlass io/sentry/Integration
instanceKlass java/util/concurrent/TimeUnit$1
instanceKlass java/util/concurrent/RunnableScheduledFuture
instanceKlass java/util/concurrent/ScheduledFuture
instanceKlass java/util/concurrent/Delayed
instanceKlass io/sentry/SentryExecutorService$SentryExecutorServiceThreadFactory
instanceKlass java/util/concurrent/ScheduledExecutorService
instanceKlass io/sentry/SentryExecutorService
instanceKlass io/sentry/DefaultSpanFactory
instanceKlass io/sentry/util/Platform
instanceKlass io/sentry/SpanFactoryFactory
instanceKlass io/sentry/util/LoadClass
instanceKlass io/sentry/Sentry$OptionsConfiguration
instanceKlass io/sentry/ObjectWriter
instanceKlass io/sentry/logger/NoOpLoggerApi
instanceKlass io/sentry/NoOpScopesLifecycleToken
instanceKlass io/sentry/util/Random
instanceKlass io/sentry/util/SentryRandom
instanceKlass io/sentry/util/SampleRateUtils
instanceKlass io/sentry/Baggage
instanceKlass io/sentry/util/TracingUtils
instanceKlass io/sentry/SpanId
instanceKlass io/sentry/SentryUUID
instanceKlass io/sentry/PropagationContext
instanceKlass io/sentry/SynchronizedCollection
instanceKlass io/sentry/NoOpSentryClient
instanceKlass java/text/CharacterIterator
instanceKlass io/sentry/util/StringUtils
instanceKlass io/sentry/protocol/Contexts
instanceKlass io/sentry/SentryFeedbackOptions$OptionsConfigurator
instanceKlass io/sentry/protocol/SentryId
instanceKlass io/sentry/SentryFeedbackOptions$IDialogHandler
instanceKlass io/sentry/SentryFeedbackOptions
instanceKlass io/sentry/SentryReplayOptions
instanceKlass io/sentry/ExperimentalOptions
instanceKlass io/sentry/util/Objects
instanceKlass io/sentry/protocol/SdkVersion
instanceKlass io/sentry/JsonUnknown
instanceKlass io/sentry/NoOpSocketTagger
instanceKlass io/sentry/ISocketTagger
instanceKlass io/sentry/SentryOptions$Logs
instanceKlass io/sentry/NoopVersionDetector
instanceKlass io/sentry/ReplayBreadcrumbConverter
instanceKlass io/sentry/NoOpReplayController
instanceKlass io/sentry/NoOpSpanFactory
instanceKlass io/sentry/backpressure/NoOpBackpressureMonitor
instanceKlass io/sentry/NoOpConnectionStatusProvider
instanceKlass io/sentry/FullyDisplayedReporter
instanceKlass io/sentry/NoOpCompositePerformanceCollector
instanceKlass io/sentry/util/thread/NoOpThreadChecker
instanceKlass io/sentry/internal/debugmeta/NoOpDebugMetaLoader
instanceKlass io/sentry/internal/modules/NoOpModulesLoader
instanceKlass io/sentry/clientreport/AtomicClientReportStorage
instanceKlass io/sentry/clientreport/IClientReportStorage
instanceKlass io/sentry/clientreport/ClientReportRecorder
instanceKlass io/sentry/NoOpContinuousProfiler
instanceKlass io/sentry/NoOpTransactionProfiler
instanceKlass io/sentry/transport/NoOpEnvelopeCache
instanceKlass io/sentry/NoOpSentryExecutorService
instanceKlass io/sentry/transport/NoOpTransportGate
instanceKlass io/sentry/transport/ITransport
instanceKlass io/sentry/NoOpTransportFactory
instanceKlass io/sentry/NoOpLogger
instanceKlass io/sentry/Dsn
instanceKlass io/sentry/JsonSerializable
instanceKlass io/sentry/ISerializer
instanceKlass io/sentry/IEnvelopeReader
instanceKlass io/sentry/SentryDateProvider
instanceKlass io/sentry/IVersionDetector
instanceKlass io/sentry/ReplayController
instanceKlass io/sentry/IConnectionStatusProvider
instanceKlass io/sentry/CompositePerformanceCollector
instanceKlass io/sentry/clientreport/IClientReportRecorder
instanceKlass io/sentry/IContinuousProfiler
instanceKlass io/sentry/ITransactionProfiler
instanceKlass io/sentry/cache/IEnvelopeCache
instanceKlass io/sentry/transport/ITransportGate
instanceKlass io/sentry/ITransportFactory
instanceKlass io/sentry/Scope
instanceKlass io/sentry/util/LazyEvaluator$Evaluator
instanceKlass io/sentry/util/LazyEvaluator
instanceKlass io/sentry/ITransaction
instanceKlass io/sentry/logger/ILoggerApi
instanceKlass io/sentry/NoOpScopes
instanceKlass io/sentry/NoOpScopesStorage
instanceKlass io/sentry/IReplayApi
instanceKlass io/sentry/ISpan
instanceKlass io/sentry/IHub
instanceKlass io/sentry/ISentryLifecycleToken
instanceKlass io/sentry/backpressure/IBackpressureMonitor
instanceKlass io/sentry/IPerformanceCollector
instanceKlass io/sentry/util/thread/IThreadChecker
instanceKlass io/sentry/internal/debugmeta/IDebugMetaLoader
instanceKlass io/sentry/internal/modules/IModulesLoader
instanceKlass io/sentry/ILogger
instanceKlass io/sentry/ISpanFactory
instanceKlass io/sentry/ISentryExecutorService
instanceKlass io/sentry/ISentryClient
instanceKlass io/sentry/IScope
instanceKlass io/sentry/IScopes
instanceKlass io/sentry/IScopesStorage
instanceKlass io/sentry/Sentry
instanceKlass org/apache/commons/lang3/CharSequenceUtils
instanceKlass org/apache/commons/lang3/Strings
instanceKlass jdk/internal/math/FDBigInteger
instanceKlass org/apache/commons/lang3/math/NumberUtils
instanceKlass java/lang/Character$Subset
instanceKlass org/apache/commons/lang3/StringUtils
instanceKlass org/apache/commons/lang3/function/Suppliers
instanceKlass org/apache/commons/lang3/SystemProperties
instanceKlass org/apache/commons/lang3/SystemUtils
instanceKlass java/time/LocalDate$1
instanceKlass java/time/temporal/TemporalQueries$7
instanceKlass java/time/temporal/TemporalQueries$6
instanceKlass java/time/temporal/TemporalQueries$5
instanceKlass java/time/temporal/TemporalQueries$4
instanceKlass java/time/temporal/TemporalQueries$3
instanceKlass java/time/temporal/TemporalQueries$2
instanceKlass java/time/temporal/TemporalQueries$1
instanceKlass java/time/temporal/TemporalQueries
instanceKlass java/time/format/Parsed
instanceKlass java/time/format/DateTimeParseContext
instanceKlass java/text/ParsePosition
instanceKlass org/sonarsource/sonarlint/core/telemetry/ToolCallCounter
instanceKlass org/sonarsource/sonarlint/core/telemetry/TelemetryFixSuggestionResolvedStatus
instanceKlass java/lang/Class$EnclosingMethodInfo
instanceKlass org/sonarsource/sonarlint/core/telemetry/TelemetryFindingsFilteredCounter
instanceKlass org/sonarsource/sonarlint/core/telemetry/TelemetryAnalysisReportingCounter
instanceKlass org/sonarsource/sonarlint/core/telemetry/TelemetryHelpAndFeedbackCounter
instanceKlass org/sonarsource/sonarlint/core/telemetry/TelemetryNotificationsCounter
instanceKlass org/sonarsource/sonarlint/core/telemetry/TelemetryAnalyzerPerformance
instanceKlass com/google/gson/internal/ConstructorConstructor$9
instanceKlass java/nio/DirectByteBuffer$Deallocator
instanceKlass sun/nio/ch/Util$BufferCache
instanceKlass sun/nio/ch/Util
instanceKlass sun/nio/ch/IOStatus
instanceKlass sun/nio/ch/NativeThread
instanceKlass java/nio/channels/spi/AbstractInterruptibleChannel$1
instanceKlass sun/nio/ch/Interruptible
instanceKlass sun/nio/ch/FileChannelImpl$Closer
instanceKlass sun/nio/ch/NativeDispatcher
instanceKlass sun/nio/ch/NativeThreadSet
instanceKlass sun/nio/ch/IOUtil
instanceKlass sun/nio/fs/WindowsChannelFactory$2
instanceKlass sun/nio/fs/WindowsChannelFactory$Flags
instanceKlass sun/nio/fs/WindowsChannelFactory$1
instanceKlass sun/nio/fs/WindowsChannelFactory
instanceKlass com/google/gson/internal/bind/TypeAdapters$30
instanceKlass com/google/gson/InstanceCreator
instanceKlass org/sonarsource/sonarlint/core/commons/storage/local/FileStorageManager
instanceKlass org/springframework/core/SerializableTypeWrapper$TypeProxyInvocationHandler
instanceKlass sun/reflect/generics/tree/IntSignature
instanceKlass java/nio/file/WatchKey
instanceKlass java/nio/file/WatchEvent$Modifier
instanceKlass java/nio/file/WatchEvent$Kind
instanceKlass java/nio/file/WatchService
instanceKlass sun/nio/fs/WindowsSecurityDescriptor
instanceKlass java/nio/file/attribute/FileAttribute
instanceKlass sun/nio/fs/WindowsPath$1
instanceKlass org/sonarsource/sonarlint/core/commons/SonarLintUserHome
instanceKlass org/springframework/core/annotation/AnnotatedElementUtils$AnnotatedElementForAnnotations
instanceKlass sun/net/NetProperties$1
instanceKlass sun/net/NetProperties
instanceKlass sun/net/spi/DefaultProxySelector$1
instanceKlass org/springframework/util/MethodInvoker
instanceKlass org/springframework/core/SerializableTypeWrapper$SerializableTypeProxy
instanceKlass org/springframework/beans/factory/support/ConstructorResolver$ArgumentsHolder
instanceKlass org/springframework/beans/factory/support/AutowireUtils
instanceKlass org/springframework/beans/factory/support/BeanDefinitionValueResolver
instanceKlass org/springframework/beans/factory/config/ConstructorArgumentValues
instanceKlass org/springframework/beans/factory/support/InstanceSupplier
instanceKlass org/springframework/util/function/ThrowingSupplier
instanceKlass org/springframework/beans/factory/support/DefaultListableBeanFactory$3
instanceKlass org/springframework/context/weaving/LoadTimeWeaverAware
instanceKlass org/springframework/beans/factory/BeanFactoryInitializer
instanceKlass org/springframework/context/event/AbstractApplicationEventMulticaster$CachedListenerRetriever
instanceKlass org/springframework/lang/Nullable
instanceKlass org/springframework/scheduling/support/TaskUtils$LoggingErrorHandler
instanceKlass org/springframework/util/ErrorHandler
instanceKlass org/springframework/scheduling/support/TaskUtils
instanceKlass org/springframework/context/event/AbstractApplicationEventMulticaster$DefaultListenerRetriever
instanceKlass org/springframework/context/event/GenericApplicationListener
instanceKlass org/springframework/context/event/SmartApplicationListener
instanceKlass org/springframework/context/event/AbstractApplicationEventMulticaster
instanceKlass org/springframework/util/ReflectionUtils$FieldCallback
instanceKlass org/springframework/beans/factory/annotation/InjectionMetadata
instanceKlass org/springframework/beans/factory/annotation/Lookup
instanceKlass org/springframework/beans/factory/support/ConstructorResolver
instanceKlass org/springframework/context/support/MessageSourceSupport
instanceKlass org/springframework/context/HierarchicalMessageSource
instanceKlass org/springframework/jndi/JndiTemplate
instanceKlass org/springframework/jndi/JndiAccessor
instanceKlass javax/annotation/Resource
instanceKlass jakarta/annotation/Resource
instanceKlass javax/naming/InitialContext
instanceKlass javax/naming/Context
instanceKlass org/springframework/beans/factory/annotation/InitDestroyAnnotationBeanPostProcessor$LifecycleMetadata
instanceKlass jakarta/inject/Inject
instanceKlass org/springframework/beans/factory/support/MethodOverride
instanceKlass org/springframework/beans/factory/aot/BeanRegistrationAotContribution
instanceKlass org/springframework/context/support/PostProcessorRegistrationDelegate$BeanPostProcessorChecker
instanceKlass org/springframework/context/expression/BeanFactoryResolver
instanceKlass org/springframework/context/annotation/ImportAware
instanceKlass org/springframework/beans/MutablePropertyValues
instanceKlass org/springframework/context/expression/CachedExpressionEvaluator
instanceKlass org/springframework/expression/TypedValue
instanceKlass org/springframework/expression/spel/support/StandardOperatorOverloader
instanceKlass org/springframework/expression/spel/support/StandardTypeComparator
instanceKlass org/springframework/expression/OperatorOverloader
instanceKlass org/springframework/expression/TypeComparator
instanceKlass org/springframework/expression/spel/support/StandardEvaluationContext
instanceKlass org/springframework/expression/EvaluationContext
instanceKlass org/springframework/context/annotation/ConfigurationClassPostProcessor$ImportAwareBeanPostProcessor
instanceKlass org/springframework/cglib/proxy/Enhancer$EnhancerFactoryData
instanceKlass org/springframework/cglib/reflect/FastClassEmitter$2
instanceKlass org/springframework/cglib/core/Block
instanceKlass org/springframework/cglib/core/EmitUtils$7
instanceKlass org/springframework/cglib/core/EmitUtils$6
instanceKlass org/springframework/cglib/core/EmitUtils$ParameterTyper
instanceKlass org/springframework/cglib/reflect/FastClassEmitter$GetIndexCallback
instanceKlass org/springframework/cglib/reflect/FastClassEmitter$1
instanceKlass org/springframework/cglib/reflect/FastClass
instanceKlass org/springframework/cglib/proxy/MethodProxy$FastClassInfo
instanceKlass org/springframework/cglib/proxy/MethodProxy$CreateInfo
instanceKlass org/springframework/cglib/proxy/MethodProxy
instanceKlass org/springframework/cglib/core/ClassNameReader
instanceKlass org/springframework/asm/Handler
instanceKlass org/springframework/cglib/core/Local
instanceKlass java/util/LinkedList$ListItr
instanceKlass org/springframework/cglib/core/EmitUtils$3
instanceKlass java/util/DualPivotQuicksort
instanceKlass org/springframework/cglib/proxy/MethodInterceptorGenerator$1
instanceKlass org/springframework/asm/Edge
instanceKlass org/springframework/cglib/core/EmitUtils$ArrayDelimiters
instanceKlass org/springframework/cglib/core/ProcessArrayCallback
instanceKlass org/springframework/cglib/core/EmitUtils
instanceKlass org/springframework/cglib/proxy/Enhancer$4
instanceKlass org/springframework/cglib/core/LocalVariablesSorter$State
instanceKlass org/springframework/asm/Label
instanceKlass org/springframework/asm/Frame
instanceKlass org/springframework/cglib/proxy/BridgeMethodResolver
instanceKlass org/springframework/context/annotation/BeanAnnotationHelper
instanceKlass org/springframework/cglib/core/ClassEmitter$FieldInfo
instanceKlass org/springframework/cglib/core/MethodInfoTransformer
instanceKlass java/util/AbstractList$SubList$1
instanceKlass java/util/AbstractList$Itr
instanceKlass org/springframework/cglib/core/DuplicatesPredicate
instanceKlass org/springframework/cglib/core/RejectModifierPredicate
instanceKlass org/springframework/cglib/core/MethodWrapper
instanceKlass org/springframework/cglib/proxy/Factory
instanceKlass org/springframework/cglib/core/VisibilityPredicate
instanceKlass org/springframework/cglib/transform/TransformingClassGenerator
instanceKlass org/springframework/asm/ByteVector
instanceKlass org/springframework/asm/Symbol
instanceKlass org/springframework/asm/SymbolTable
instanceKlass org/springframework/asm/RecordComponentVisitor
instanceKlass org/springframework/asm/ModuleVisitor
instanceKlass org/springframework/asm/FieldVisitor
instanceKlass java/lang/invoke/DirectMethodHandle$1
instanceKlass java/lang/runtime/ObjectMethods$1
instanceKlass sun/invoke/util/ValueConversions$WrapperCache
instanceKlass java/lang/invoke/MethodHandleImpl$LoopClauses
instanceKlass java/lang/invoke/MethodHandleImpl$CasesHolder
instanceKlass java/lang/invoke/MethodHandleImpl$2
instanceKlass java/lang/invoke/MethodHandleImpl$ArrayAccessor
instanceKlass java/lang/invoke/MethodHandleImpl$Makers$2
instanceKlass java/lang/invoke/MethodHandleImpl$Makers$1
instanceKlass java/lang/invoke/MethodHandleImpl$Makers
instanceKlass java/lang/runtime/ObjectMethods
instanceKlass org/springframework/cglib/core/internal/LoadingCache
instanceKlass org/springframework/cglib/core/internal/Function
instanceKlass org/springframework/cglib/core/AbstractClassGenerator$ClassLoaderData
instanceKlass org/springframework/cglib/core/MethodInfo
instanceKlass org/springframework/cglib/core/ClassInfo
instanceKlass org/springframework/cglib/core/ReflectUtils
instanceKlass org/springframework/cglib/proxy/ProxyRefDispatcher
instanceKlass org/springframework/cglib/proxy/FixedValueGenerator
instanceKlass org/springframework/cglib/proxy/FixedValue
instanceKlass org/springframework/cglib/proxy/DispatcherGenerator
instanceKlass org/springframework/cglib/proxy/Dispatcher
instanceKlass org/springframework/cglib/proxy/LazyLoaderGenerator
instanceKlass org/springframework/cglib/proxy/LazyLoader
instanceKlass org/springframework/cglib/proxy/InvocationHandlerGenerator
instanceKlass org/springframework/cglib/proxy/InvocationHandler
instanceKlass org/springframework/cglib/proxy/MethodInterceptorGenerator
instanceKlass org/springframework/cglib/proxy/NoOpGenerator
instanceKlass org/springframework/cglib/proxy/CallbackGenerator
instanceKlass org/springframework/cglib/proxy/CallbackInfo
instanceKlass org/springframework/aot/AotDetector
instanceKlass org/springframework/cglib/core/SpringNamingPolicy
instanceKlass org/springframework/cglib/core/DefaultNamingPolicy
instanceKlass org/springframework/cglib/core/DefaultGeneratorStrategy
instanceKlass org/springframework/cglib/core/AsmApi
instanceKlass org/springframework/cglib/core/Constants
instanceKlass org/springframework/asm/Opcodes
instanceKlass org/springframework/cglib/core/Signature
instanceKlass org/springframework/cglib/core/CollectionUtils
instanceKlass org/springframework/cglib/core/TypeUtils
instanceKlass org/springframework/cglib/core/AbstractClassGenerator$Source
instanceKlass org/springframework/cglib/core/Transformer
instanceKlass org/springframework/cglib/core/ProcessSwitchCallback
instanceKlass org/springframework/cglib/proxy/CallbackGenerator$Context
instanceKlass org/springframework/cglib/core/ObjectSwitchCallback
instanceKlass org/springframework/cglib/core/Predicate
instanceKlass org/springframework/cglib/core/AbstractClassGenerator
instanceKlass org/springframework/cglib/core/ClassGenerator
instanceKlass org/springframework/context/annotation/ConfigurationClassEnhancer$EnhancedConfiguration
instanceKlass org/springframework/aop/framework/autoproxy/AutoProxyUtils
instanceKlass org/springframework/objenesis/instantiator/ObjectInstantiator
instanceKlass org/springframework/objenesis/strategy/BaseInstantiatorStrategy
instanceKlass org/springframework/objenesis/strategy/InstantiatorStrategy
instanceKlass org/springframework/objenesis/SpringObjenesis
instanceKlass org/springframework/objenesis/Objenesis
instanceKlass org/springframework/context/annotation/ConfigurationClassEnhancer$ConditionalCallbackFilter
instanceKlass org/springframework/cglib/proxy/NoOp$1
instanceKlass org/springframework/cglib/proxy/NoOp
instanceKlass org/springframework/context/annotation/ConfigurationClassEnhancer$BeanFactoryAwareMethodInterceptor
instanceKlass org/springframework/context/annotation/ConfigurationClassEnhancer$BeanMethodInterceptor
instanceKlass org/springframework/context/annotation/ConfigurationClassEnhancer$ConditionalCallback
instanceKlass org/springframework/cglib/proxy/MethodInterceptor
instanceKlass org/springframework/cglib/proxy/Callback
instanceKlass org/springframework/cglib/proxy/CallbackFilter
instanceKlass org/springframework/cglib/core/GeneratorStrategy
instanceKlass org/springframework/cglib/core/NamingPolicy
instanceKlass org/springframework/context/annotation/ConfigurationClassEnhancer
instanceKlass org/springframework/core/SerializableTypeWrapper
instanceKlass org/springframework/core/ResolvableType$DefaultVariableResolver
instanceKlass org/springframework/core/SerializableTypeWrapper$MethodParameterTypeProvider
instanceKlass org/springframework/core/MethodParameter
instanceKlass org/springframework/context/annotation/ConfigurationClassBeanDefinitionReader$TrackedConditionEvaluator
instanceKlass org/springframework/context/annotation/ConfigurationClassBeanDefinitionReader
instanceKlass org/springframework/beans/factory/annotation/Autowired
instanceKlass org/springframework/context/annotation/ConfigurationClassParser$DeferredImportSelectorGroupingHandler
instanceKlass org/sonarsource/sonarlint/core/http/HttpClient$Response
instanceKlass org/sonarsource/sonarlint/core/telemetry/payload/TelemetryPayload
instanceKlass org/sonarsource/sonarlint/core/event/LocalOnlyIssueStatusChangedEvent
instanceKlass org/sonarsource/sonarlint/core/telemetry/TelemetryLocalStorage
instanceKlass org/sonarsource/sonarlint/core/commons/storage/local/LocalStorage
instanceKlass org/sonarsource/sonarlint/core/telemetry/TelemetryLiveAttributes
instanceKlass org/springframework/context/annotation/ConfigurationMethod
instanceKlass org/springframework/core/type/classreading/SimpleAnnotationMetadata
instanceKlass org/springframework/core/annotation/MergedAnnotationsCollection
instanceKlass org/springframework/core/type/classreading/SimpleMethodMetadataReadingVisitor$Source
instanceKlass org/springframework/core/type/classreading/SimpleMethodMetadata
instanceKlass org/springframework/asm/Type
instanceKlass org/springframework/asm/AnnotationVisitor
instanceKlass org/springframework/core/type/classreading/SimpleAnnotationMetadataReadingVisitor$Source
instanceKlass org/springframework/asm/Context
instanceKlass org/springframework/asm/Attribute
instanceKlass org/springframework/asm/ClassReader
instanceKlass jdk/internal/misc/ScopedMemoryAccess$Scope
instanceKlass org/springframework/asm/MethodVisitor
instanceKlass org/springframework/asm/ClassVisitor
instanceKlass org/springframework/core/type/classreading/SimpleMetadataReader
instanceKlass org/springframework/core/type/StandardMethodMetadata
instanceKlass org/springframework/core/type/MethodMetadata
instanceKlass org/sonarsource/sonarlint/core/http/HttpClientProvider
instanceKlass org/jooq/DSLContext
instanceKlass org/jooq/Scope
instanceKlass org/sonarsource/sonarlint/core/http/ssl/CertificateStore
instanceKlass org/apache/hc/core5/util/TimeValue
instanceKlass org/sonarsource/sonarlint/core/UserPaths
instanceKlass org/sonarsource/sonarlint/core/http/ssl/SslConfig
instanceKlass org/sonarsource/sonarlint/core/commons/LineWithHash
instanceKlass org/jooq/Configuration
instanceKlass org/jooq/impl/AbstractFormattable
instanceKlass org/jooq/UpdatableRecord
instanceKlass org/jooq/TableRecord
instanceKlass org/jooq/QualifiedRecord
instanceKlass java/sql/SQLData
instanceKlass org/jooq/Record
instanceKlass org/jooq/Formattable
instanceKlass org/jooq/Attachable
instanceKlass org/jooq/Table
instanceKlass org/jooq/RecordQualifier
instanceKlass org/jooq/Qualified
instanceKlass org/jooq/Field
instanceKlass org/jooq/FieldOrConstraint
instanceKlass org/jooq/TableElement
instanceKlass org/jooq/FieldOrRowOrSelect
instanceKlass org/jooq/FieldOrRow
instanceKlass org/jooq/OrderField
instanceKlass org/jooq/GroupField
instanceKlass org/jooq/TableLike
instanceKlass org/jooq/Fields
instanceKlass org/jooq/SelectField
instanceKlass org/jooq/Typed
instanceKlass org/jooq/Named
instanceKlass org/jooq/SelectFieldOrAsterisk
instanceKlass org/jooq/QueryPart
instanceKlass org/sonarsource/sonarlint/core/serverconnection/AnalyzerConfiguration
instanceKlass org/sonarsource/sonarlint/core/serverapi/push/RuleSetChangedEvent$ActiveRule
instanceKlass org/sonarsource/sonarlint/core/serverapi/rules/ServerRule
instanceKlass org/sonarsource/sonarlint/core/serverapi/push/RuleSetChangedEvent
instanceKlass org/sonarsource/sonarlint/core/rules/RuleDetails
instanceKlass org/sonarsource/sonarlint/core/serverapi/rules/ServerActiveRule
instanceKlass org/sonarsource/sonarlint/core/serverconnection/RuleSet
instanceKlass org/sonarsource/sonarlint/core/rpc/protocol/backend/rules/EffectiveRuleDetailsDto
instanceKlass org/apache/hc/core5/http/NameValuePair
instanceKlass org/sonarsource/sonarlint/core/rpc/protocol/backend/tracking/DependencyRiskDto
instanceKlass org/sonarsource/sonarlint/core/commons/progress/Task
instanceKlass org/sonarsource/sonarlint/core/commons/progress/ProgressMonitor
instanceKlass org/sonarsource/sonarlint/core/rpc/protocol/backend/remediation/aicodefix/SuggestFixChangeDto
instanceKlass java/nio/channels/spi/AbstractInterruptibleChannel
instanceKlass java/nio/channels/InterruptibleChannel
instanceKlass java/nio/channels/ScatteringByteChannel
instanceKlass java/nio/channels/GatheringByteChannel
instanceKlass java/nio/channels/SeekableByteChannel
instanceKlass java/nio/channels/ByteChannel
instanceKlass java/nio/channels/WritableByteChannel
instanceKlass java/nio/channels/ReadableByteChannel
instanceKlass java/nio/channels/Channel
instanceKlass io/sentry/Hint
instanceKlass io/sentry/SentryBaseEvent
instanceKlass io/sentry/SentryOptions
instanceKlass org/sonarsource/sonarlint/core/tracking/streaming/Alarm
instanceKlass org/sonarsource/sonarlint/core/analysis/AnalysisStartedEvent
instanceKlass org/sonarsource/sonarlint/core/commons/KnownFinding
instanceKlass org/sonarsource/sonarlint/core/tracking/matching/MatchingResult
instanceKlass org/sonarsource/sonarlint/core/commons/MultiFileBlameResult
instanceKlass org/sonarsource/sonarlint/core/tracking/IntroductionDateProvider
instanceKlass org/sonarsource/sonarlint/core/tracking/TrackedIssue
instanceKlass org/sonarsource/sonarlint/core/tracking/matching/MatchingSession
instanceKlass org/sonarsource/sonarlint/core/tracking/matching/MatchingAttributesMapper
instanceKlass org/sonarsource/sonarlint/core/tracking/XodusKnownFindingsStore
instanceKlass org/sonarsource/sonarlint/core/analysis/api/AnalysisSchedulerConfiguration
instanceKlass org/sonarsource/sonarlint/core/analysis/ClientNodeJsPathChanged
instanceKlass org/sonarsource/sonarlint/core/analysis/api/ClientModuleFileSystem
instanceKlass org/sonarsource/sonarlint/core/ConfigurationScopeSharedContext
instanceKlass org/sonarsource/sonarlint/core/serverapi/organization/ServerOrganization
instanceKlass org/sonarsource/sonarlint/core/rpc/protocol/backend/connection/org/OrganizationDto
instanceKlass java/nio/file/PathMatcher
instanceKlass org/sonarsource/sonarlint/core/commons/SonarLintGitIgnore
instanceKlass org/sonarsource/sonarlint/core/serverconnection/prefix/FileTreeMatcher
instanceKlass javax/annotation/PreDestroy
instanceKlass org/sonarsource/sonarlint/core/rpc/protocol/common/ClientFileDto
instanceKlass org/sonarsource/sonarlint/core/serverconnection/ProjectBranches
instanceKlass org/sonarsource/sonarlint/core/event/TaintVulnerabilitiesSynchronizedEvent
instanceKlass org/sonarsource/sonarlint/core/serverapi/push/TaintVulnerabilityClosedEvent
instanceKlass org/sonarsource/sonarlint/core/event/ServerIssueStatusChangedEvent
instanceKlass org/sonarsource/sonarlint/core/serverapi/push/TaintVulnerabilityRaisedEvent
instanceKlass org/sonarsource/sonarlint/core/rpc/protocol/backend/tracking/TaintVulnerabilityDto$FlowDto
instanceKlass org/sonarsource/sonarlint/core/rpc/protocol/backend/tracking/TaintVulnerabilityDto$FlowDto$LocationDto
instanceKlass org/sonarsource/sonarlint/core/serverconnection/issues/ServerTaintIssue
instanceKlass org/sonarsource/sonarlint/core/serverapi/push/TaintVulnerabilityRaisedEvent$Location$TextRange
instanceKlass org/sonarsource/sonarlint/core/serverapi/push/TaintVulnerabilityRaisedEvent$Location
instanceKlass org/sonarsource/sonarlint/core/serverapi/push/TaintVulnerabilityRaisedEvent$Flow
instanceKlass org/sonarsource/sonarlint/core/embedded/server/RequestHandlerBindingAssistant$Callback
instanceKlass org/sonarsource/sonarlint/core/embedded/server/RequestHandlerBindingAssistant$NewBinding
instanceKlass org/sonarsource/sonarlint/core/commons/NewCodeDefinition
instanceKlass org/sonarsource/sonarlint/core/serverconnection/ConnectionStorage
instanceKlass org/sonarsource/sonarlint/core/serverconnection/SonarProjectStorage
instanceKlass org/sonarsource/sonarlint/core/local/only/XodusLocalOnlyIssueStore
instanceKlass org/sonarsource/sonarlint/core/server/event/SonarQubeEventStream
instanceKlass org/sonarsource/sonarlint/core/websocket/WebSocketManager
instanceKlass org/sonarsource/sonarlint/core/active/rules/StandaloneRulesConfigurationChanged
instanceKlass org/sonar/api/batch/rule/ActiveRule
instanceKlass org/sonarsource/sonarlint/core/sync/ConfigurationScopesSynchronizedEvent
instanceKlass org/sonarsource/sonarlint/core/analysis/api/AnalysisConfiguration
instanceKlass org/sonarsource/sonarlint/core/analysis/AnalysisScheduler
instanceKlass org/sonarsource/sonarlint/core/analysis/api/AnalysisResults
instanceKlass org/sonarsource/sonarlint/core/analysis/api/Issue
instanceKlass org/sonarsource/sonarlint/core/commons/tracing/Trace
instanceKlass org/sonarsource/sonarlint/core/nodejs/InstalledNodeJs
instanceKlass org/sonarsource/sonarlint/core/analysis/api/ClientInputFile
instanceKlass org/sonarsource/sonarlint/core/analysis/command/Command
instanceKlass java/util/function/UnaryOperator
instanceKlass org/sonarsource/sonarlint/core/rpc/protocol/backend/tracking/TaintVulnerabilityDto
instanceKlass org/sonarsource/sonarlint/core/serverapi/proto/sonarqube/ws/Issues$IssueOrBuilder
instanceKlass org/sonarsource/sonarlint/core/rpc/protocol/backend/rules/ImpactDto
instanceKlass org/sonarsource/sonarlint/core/serverconnection/issues/ServerIssue
instanceKlass org/sonarsource/sonarlint/core/serverapi/push/IssueChangedEvent$Issue
instanceKlass org/sonarsource/sonarlint/core/serverconnection/storage/ProjectServerIssueStore
instanceKlass org/sonarsource/sonarlint/core/serverconnection/issues/ServerFinding
instanceKlass org/sonarsource/sonarlint/core/serverapi/push/IssueChangedEvent
instanceKlass org/sonarsource/sonarlint/core/rpc/protocol/backend/issue/EffectiveIssueDetailsDto
instanceKlass org/sonarsource/sonarlint/core/commons/LocalOnlyIssue
instanceKlass org/sonarsource/sonarlint/core/serverapi/push/SecurityHotspotRaisedEvent
instanceKlass org/sonarsource/sonarlint/core/event/SonarServerEventReceivedEvent
instanceKlass org/sonarsource/sonarlint/core/rpc/protocol/client/issue/RaisedFindingDto
instanceKlass org/sonarsource/sonarlint/core/serverapi/hotspot/ServerHotspot
instanceKlass org/sonarsource/sonarlint/core/serverapi/push/SecurityHotspotChangedEvent
instanceKlass org/sonarsource/sonarlint/core/serverapi/push/SecurityHotspotClosedEvent
instanceKlass org/sonarsource/sonarlint/core/serverapi/push/ServerHotspotEvent
instanceKlass org/sonarsource/sonarlint/core/serverapi/push/SonarProjectEvent
instanceKlass org/sonarsource/sonarlint/core/serverapi/push/SonarServerEvent
instanceKlass org/sonarsource/sonarlint/core/serverconnection/LocalStorageSynchronizer
instanceKlass org/sonarsource/sonarlint/core/branch/MatchedSonarProjectBranchChangedEvent
instanceKlass org/sonarsource/sonarlint/core/commons/progress/ProgressIndicator
instanceKlass org/sonarsource/sonarlint/core/sync/BranchBinding
instanceKlass org/sonarsource/sonarlint/core/sync/SonarProjectBranchesChangedEvent
instanceKlass org/sonarsource/sonarlint/core/TextSearchIndex
instanceKlass org/sonarsource/sonarlint/core/BindingClueProvider$BindingProperties
instanceKlass org/sonarsource/sonarlint/core/fs/ClientFile
instanceKlass org/sonarsource/sonarlint/core/fs/FileSystemUpdatedEvent
instanceKlass org/sonarsource/sonarlint/core/BindingClueProvider$BindingClue
instanceKlass org/sonarsource/sonarlint/core/BindingClueProvider$BindingClueWithConnections
instanceKlass org/sonarsource/sonarlint/core/SonarCloudActiveEnvironment
instanceKlass org/sonarsource/sonarlint/core/rpc/protocol/client/fix/ChangesDto
instanceKlass org/sonarsource/sonarlint/core/embedded/server/handler/ShowFixSuggestionRequestHandler$ShowFixSuggestionQuery
instanceKlass org/sonarsource/sonarlint/core/serverapi/proto/sonarqube/ws/Common$TextRangeOrBuilder
instanceKlass org/sonarsource/sonarlint/core/rpc/protocol/common/FlowDto
instanceKlass org/sonarsource/sonarlint/core/serverapi/proto/sonarqube/ws/Common$FlowOrBuilder
instanceKlass org/sonarsource/sonarlint/core/rpc/protocol/common/LocationDto
instanceKlass org/sonarsource/sonarlint/core/serverapi/issue/IssueApi$ServerIssueDetails
instanceKlass org/sonarsource/sonarlint/core/serverapi/proto/sonarqube/ws/Issues$ComponentOrBuilder
instanceKlass com/google/protobuf/AbstractMessageLite
instanceKlass com/google/protobuf/Message
instanceKlass com/google/protobuf/MessageLite
instanceKlass org/sonarsource/sonarlint/core/serverapi/proto/sonarqube/ws/Common$LocationOrBuilder
instanceKlass com/google/protobuf/MessageOrBuilder
instanceKlass com/google/protobuf/MessageLiteOrBuilder
instanceKlass org/sonarsource/sonarlint/core/embedded/server/handler/ShowIssueRequestHandler$ShowIssueQuery
instanceKlass org/sonarsource/sonarlint/core/rpc/protocol/client/hotspot/HotspotDetailsDto
instanceKlass org/sonarsource/sonarlint/core/file/FilePathTranslation
instanceKlass org/sonarsource/sonarlint/core/serverapi/hotspot/ServerHotspotDetails
instanceKlass org/sonarsource/sonarlint/core/rpc/protocol/client/hotspot/HotspotDetailsDto$HotspotRule
instanceKlass org/sonarsource/sonarlint/core/serverapi/hotspot/ServerHotspotDetails$Rule
instanceKlass org/apache/hc/core5/http/ClassicHttpResponse
instanceKlass org/apache/hc/core5/http/HttpResponse
instanceKlass org/apache/hc/core5/http/ClassicHttpRequest
instanceKlass org/apache/hc/core5/http/HttpEntityContainer
instanceKlass org/apache/hc/core5/http/HttpRequest
instanceKlass org/apache/hc/core5/http/HttpMessage
instanceKlass org/apache/hc/core5/http/MessageHeaders
instanceKlass org/apache/hc/core5/http/HttpEntity
instanceKlass org/apache/hc/core5/http/EntityDetails
instanceKlass org/apache/hc/core5/http/io/HttpFilterHandler
instanceKlass org/apache/hc/core5/http/ConnectionReuseStrategy
instanceKlass org/sonarsource/sonarlint/core/rpc/protocol/backend/connection/projects/SonarProjectDto
instanceKlass org/sonarsource/sonarlint/core/commons/validation/InvalidFields
instanceKlass org/sonarsource/sonarlint/core/rpc/protocol/backend/connection/auth/HelpGenerateUserTokenParams$Utm
instanceKlass org/sonarsource/sonarlint/core/analysis/AnalysisFinishedEvent
instanceKlass jakarta/annotation/PreDestroy
instanceKlass org/sonarsource/sonarlint/core/plugin/commons/LoadedPlugins
instanceKlass org/sonarsource/sonarlint/core/commons/Version
instanceKlass org/sonarsource/sonarlint/core/plugin/skipped/SkippedPlugin
instanceKlass org/sonarsource/sonarlint/core/plugin/commons/loading/PluginRequirementsCheckResult
instanceKlass org/sonarsource/sonarlint/core/plugin/DotnetSupport
instanceKlass org/sonarsource/sonarlint/core/plugin/commons/PluginsLoadResult
instanceKlass org/sonarsource/sonarlint/core/repository/connection/AbstractConnectionConfiguration
instanceKlass org/sonarsource/sonarlint/core/rpc/protocol/common/TokenDto
instanceKlass org/sonarsource/sonarlint/core/rpc/protocol/backend/connection/common/TransientSonarQubeConnectionDto
instanceKlass org/sonarsource/sonarlint/core/rpc/protocol/backend/connection/common/TransientSonarCloudConnectionDto
instanceKlass org/sonarsource/sonarlint/core/http/HttpClient
instanceKlass org/sonarsource/sonarlint/core/rpc/protocol/common/UsernamePasswordDto
instanceKlass org/sonarsource/sonarlint/core/http/WebSocketClient
instanceKlass org/sonarsource/sonarlint/core/event/ConnectionCredentialsChangedEvent
instanceKlass org/sonarsource/sonarlint/core/serverapi/ServerApi
instanceKlass org/sonarsource/sonarlint/core/serverapi/EndpointParams
instanceKlass org/sonarsource/sonarlint/core/connection/SonarQubeClient
instanceKlass org/sonarsource/sonarlint/core/rpc/protocol/backend/rules/RuleDefinitionDto
instanceKlass org/sonarsource/sonarlint/core/rule/extractor/SonarLintRuleDefinition
instanceKlass org/sonarsource/sonarlint/core/rpc/protocol/backend/rules/RuleParamDefinitionDto
instanceKlass org/sonarsource/sonarlint/core/rule/extractor/SonarLintRuleParamDefinition
instanceKlass org/sonarsource/sonarlint/core/commons/BoundScope
instanceKlass org/springframework/aot/hint/annotation/SimpleReflectiveProcessor
instanceKlass org/springframework/aot/hint/annotation/ReflectiveProcessor
instanceKlass org/springframework/aot/hint/annotation/Reflective
instanceKlass org/springframework/context/event/EventListener
instanceKlass org/springframework/core/BridgeMethodResolver
instanceKlass javax/annotation/meta/TypeQualifier
instanceKlass org/springframework/core/annotation/AnnotatedElementUtils
instanceKlass javax/annotation/CheckForNull
instanceKlass org/apache/hc/core5/http/protocol/HttpContext
instanceKlass org/apache/hc/client5/http/auth/AuthScope
instanceKlass org/apache/hc/client5/http/auth/Credentials
instanceKlass java/net/Proxy
instanceKlass org/sonarsource/sonarlint/core/rpc/protocol/client/http/ProxyDto
instanceKlass java/net/SocketAddress
instanceKlass java/lang/FunctionalInterface
instanceKlass org/sonarsource/sonarlint/core/rpc/protocol/client/http/X509CertificateDto
instanceKlass nl/altindag/ssl/model/TrustManagerParameters
instanceKlass org/springframework/context/annotation/Bean
instanceKlass org/springframework/context/annotation/ImportBeanDefinitionRegistrar
instanceKlass org/springframework/context/annotation/ImportSelector
instanceKlass jakarta/inject/Scope
instanceKlass jakarta/inject/Singleton
instanceKlass org/springframework/context/annotation/ComponentScans
instanceKlass java/util/stream/SortedOps
instanceKlass java/util/function/ToIntFunction
instanceKlass org/springframework/core/annotation/MergedAnnotationPredicates
instanceKlass org/springframework/context/annotation/PropertySources
instanceKlass org/springframework/context/annotation/PropertySource
instanceKlass org/springframework/core/io/AbstractResource
instanceKlass org/springframework/context/annotation/ConfigurationClass
instanceKlass org/springframework/context/annotation/ComponentScanAnnotationParser
instanceKlass org/springframework/core/io/support/DefaultPropertySourceFactory
instanceKlass org/springframework/core/io/support/PropertySourceFactory
instanceKlass org/springframework/core/io/support/PropertySourceProcessor
instanceKlass org/springframework/context/annotation/PropertySourceRegistry
instanceKlass org/springframework/context/annotation/ConfigurationClassParser$SourceClass
instanceKlass org/springframework/context/annotation/ConfigurationClassParser$DeferredImportSelectorHandler
instanceKlass org/springframework/util/MultiValueMapAdapter
instanceKlass org/springframework/context/annotation/ConfigurationClassParser$DeferredImportSelectorHolder
instanceKlass org/springframework/context/annotation/Condition
instanceKlass org/springframework/context/annotation/ImportRegistry
instanceKlass org/springframework/beans/factory/parsing/Problem
instanceKlass org/springframework/context/annotation/ConfigurationClassParser
instanceKlass org/springframework/core/annotation/Order
instanceKlass org/springframework/aop/framework/AopInfrastructureBean
instanceKlass org/reactivestreams/Publisher
instanceKlass org/springframework/beans/factory/support/DisposableBeanAdapter
instanceKlass org/springframework/beans/factory/InitializingBean
instanceKlass org/springframework/context/ApplicationListener
instanceKlass java/util/EventListener
instanceKlass org/springframework/beans/factory/support/AbstractBeanFactory$BeanFactoryDefaultEditorRegistrar
instanceKlass org/springframework/beans/TypeConverterDelegate
instanceKlass org/springframework/beans/AbstractNestablePropertyAccessor$PropertyHandler
instanceKlass org/springframework/beans/PropertyEditorRegistrySupport
instanceKlass org/springframework/beans/factory/parsing/FailFastProblemReporter
instanceKlass org/springframework/beans/factory/parsing/PassThroughSourceExtractor
instanceKlass java/lang/Short$ShortCache
instanceKlass org/springframework/beans/BeanUtils
instanceKlass org/springframework/beans/factory/aot/BeanRegistrationCodeFragments
instanceKlass org/springframework/beans/factory/parsing/ProblemReporter
instanceKlass org/springframework/beans/factory/parsing/SourceExtractor
instanceKlass org/springframework/beans/factory/support/NullBean
instanceKlass org/springframework/beans/factory/support/AbstractBeanFactory$BeanPostProcessorCache
instanceKlass org/springframework/beans/factory/FactoryBean
instanceKlass org/springframework/core/ResolvableType$EmptyType
instanceKlass org/springframework/core/SerializableTypeWrapper$TypeProvider
instanceKlass org/springframework/core/ResolvableType$VariableResolver
instanceKlass org/springframework/core/ResolvableType
instanceKlass org/springframework/context/support/PostProcessorRegistrationDelegate
instanceKlass org/springframework/beans/factory/BeanFactoryUtils
instanceKlass org/springframework/context/support/ApplicationListenerDetector
instanceKlass org/springframework/context/MessageSourceAware
instanceKlass org/springframework/context/ApplicationEventPublisherAware
instanceKlass org/springframework/context/EmbeddedValueResolverAware
instanceKlass org/springframework/beans/factory/config/BeanExpressionContext
instanceKlass org/springframework/beans/factory/config/EmbeddedValueResolver
instanceKlass org/springframework/util/StringValueResolver
instanceKlass org/springframework/context/support/ApplicationContextAwareProcessor
instanceKlass java/beans/PropertyEditor
instanceKlass org/springframework/beans/support/ResourceEditorRegistrar
instanceKlass org/springframework/expression/Expression
instanceKlass org/springframework/expression/common/TemplateAwareExpressionParser
instanceKlass org/springframework/expression/spel/SpelParserConfiguration
instanceKlass org/springframework/context/expression/StandardBeanExpressionResolver$1
instanceKlass org/springframework/expression/TypeConverter
instanceKlass org/springframework/expression/TypeLocator
instanceKlass org/springframework/expression/BeanResolver
instanceKlass org/springframework/expression/PropertyAccessor
instanceKlass org/springframework/expression/TargetedAccessor
instanceKlass org/springframework/expression/ExpressionParser
instanceKlass org/springframework/expression/ParserContext
instanceKlass org/springframework/context/expression/StandardBeanExpressionResolver
instanceKlass org/springframework/beans/factory/config/BeanDefinitionCustomizer
instanceKlass org/sonarsource/sonarlint/core/promotion/campaign/CampaignService
instanceKlass org/sonarsource/sonarlint/core/promotion/LanguagePromotionService
instanceKlass org/sonarsource/sonarlint/core/promotion/PromotionSpringConfig
instanceKlass org/sonarsource/sonarlint/core/labs/IdeLabsService
instanceKlass org/sonarsource/sonarlint/core/labs/IdeLabsHttpClient
instanceKlass org/sonarsource/sonarlint/core/labs/IdeLabsSpringConfig
instanceKlass org/sonarsource/sonarlint/core/telemetry/gessie/GessieHttpClient
instanceKlass org/sonarsource/sonarlint/core/telemetry/gessie/GessieService
instanceKlass org/sonarsource/sonarlint/core/telemetry/gessie/GessieSpringConfig
instanceKlass org/sonarsource/sonarlint/core/telemetry/TelemetryServerAttributesProvider
instanceKlass org/sonarsource/sonarlint/core/telemetry/TelemetryHttpClient
instanceKlass org/sonarsource/sonarlint/core/telemetry/TelemetryLocalStorageManager
instanceKlass org/sonarsource/sonarlint/core/telemetry/TelemetryManager
instanceKlass org/sonarsource/sonarlint/core/telemetry/common/TelemetryUserSetting
instanceKlass org/sonarsource/sonarlint/core/telemetry/TelemetryService
instanceKlass org/sonarsource/sonarlint/core/telemetry/TelemetrySpringConfig
instanceKlass org/springframework/beans/factory/support/BeanDefinitionReaderUtils
instanceKlass org/springframework/context/annotation/Description
instanceKlass org/springframework/context/annotation/Role
instanceKlass org/springframework/context/annotation/DependsOn
instanceKlass org/springframework/context/annotation/Fallback
instanceKlass org/springframework/context/annotation/Primary
instanceKlass org/springframework/context/annotation/Lazy
instanceKlass java/util/stream/AbstractSpinedBuffer
instanceKlass java/util/ImmutableCollections$Access$1
instanceKlass jdk/internal/access/JavaUtilCollectionAccess
instanceKlass java/util/ImmutableCollections$Access
instanceKlass java/util/stream/DistinctOps
instanceKlass org/springframework/core/annotation/TypeMappedAnnotations$Aggregate
instanceKlass org/springframework/core/annotation/TypeMappedAnnotations$AggregatesCollector
instanceKlass org/springframework/core/annotation/TypeMappedAnnotations$AggregatesSpliterator
instanceKlass org/springframework/core/annotation/AbstractMergedAnnotation
instanceKlass org/springframework/core/annotation/MergedAnnotation
instanceKlass org/springframework/core/annotation/TypeMappedAnnotations$MergedAnnotationFinder
instanceKlass org/springframework/core/annotation/MergedAnnotationSelectors$FirstDirectlyDeclared
instanceKlass org/springframework/core/annotation/MergedAnnotationSelectors$Nearest
instanceKlass org/springframework/core/annotation/MergedAnnotationSelector
instanceKlass org/springframework/core/annotation/MergedAnnotationSelectors
instanceKlass org/springframework/context/annotation/ScopeMetadata
instanceKlass org/springframework/beans/BeanMetadataAttribute
instanceKlass org/springframework/context/annotation/ImportResource
instanceKlass org/springframework/context/annotation/ComponentScan
instanceKlass org/springframework/core/Conventions
instanceKlass org/springframework/context/annotation/ConfigurationClassUtils
instanceKlass org/springframework/core/annotation/ValueExtractor
instanceKlass org/springframework/core/annotation/AliasFor
instanceKlass org/springframework/core/annotation/AnnotationTypeMapping$MirrorSets
instanceKlass org/springframework/core/annotation/AnnotationTypeMapping$MirrorSets$MirrorSet
instanceKlass org/springframework/core/annotation/AnnotationTypeMapping
instanceKlass org/springframework/core/annotation/AnnotationTypeMappings$Cache
instanceKlass org/springframework/core/annotation/AnnotationTypeMappings
instanceKlass org/springframework/core/annotation/AnnotationsScanner$1
instanceKlass org/springframework/core/annotation/TypeMappedAnnotations$IsPresent
instanceKlass org/springframework/context/annotation/Conditional
instanceKlass org/springframework/core/annotation/AnnotationUtils
instanceKlass org/springframework/util/ConcurrentReferenceHashMap$Entry
instanceKlass org/springframework/util/ConcurrentReferenceHashMap$Entries
instanceKlass org/springframework/util/ReflectionUtils$FieldFilter
instanceKlass org/springframework/util/ReflectionUtils$MethodFilter
instanceKlass org/springframework/util/ReflectionUtils
instanceKlass org/springframework/core/annotation/AttributeMethods
instanceKlass org/sonarsource/sonarlint/core/serverconnection/issues/KnownFindingsRepository
instanceKlass org/sonarsource/sonarlint/core/storage/SonarLintDatabaseService
instanceKlass org/sonarsource/sonarlint/core/serverconnection/aicodefix/AiCodeFixRepository
instanceKlass org/sonarsource/sonarlint/core/active/rules/ActiveRulesService
instanceKlass org/sonarsource/sonarlint/core/ai/ide/AiHookService
instanceKlass org/sonarsource/sonarlint/core/ai/ide/AiAgentService
instanceKlass org/sonarsource/sonarlint/core/embedded/server/AnalyzeFileListRequestHandler
instanceKlass org/sonarsource/sonarlint/core/embedded/server/ToggleAutomaticAnalysisRequestHandler
instanceKlass org/sonarsource/sonarlint/core/sca/DependencyRiskService
instanceKlass org/sonarsource/sonarlint/core/sync/ScaSynchronizationService
instanceKlass org/sonarsource/sonarlint/core/commons/progress/TaskManager
instanceKlass org/sonarsource/sonarlint/core/remediation/aicodefix/AiCodeFixService
instanceKlass org/sonarsource/sonarlint/core/monitoring/MonitoringUserIdStore
instanceKlass org/sonarsource/sonarlint/core/monitoring/MonitoringService
instanceKlass org/sonarsource/sonarlint/core/fs/OpenFilesRepository
instanceKlass org/sonarsource/sonarlint/core/analysis/UserAnalysisPropertiesRepository
instanceKlass org/sonarsource/sonarlint/core/repository/reporting/PreviouslyRaisedFindingsRepository
instanceKlass org/sonarsource/sonarlint/core/reporting/FindingReportingService
instanceKlass org/sonarsource/sonarlint/core/sync/FindingsSynchronizationService
instanceKlass org/sonarsource/sonarlint/core/tracking/TrackingService
instanceKlass org/sonarsource/sonarlint/core/tracking/XodusKnownFindingsStorageService
instanceKlass org/sonarsource/sonarlint/core/analysis/AnalysisSchedulerCache
instanceKlass org/sonarsource/sonarlint/core/MCPServerConfigurationProvider
instanceKlass org/sonarsource/sonarlint/core/SharedConnectedModeSettingsProvider
instanceKlass org/sonarsource/sonarlint/core/BindingCandidatesFinder
instanceKlass org/sonarsource/sonarlint/core/OrganizationsCache
instanceKlass org/sonarsource/sonarlint/core/analysis/NodeJsService
instanceKlass org/sonarsource/sonarlint/core/fs/FileExclusionService
instanceKlass org/sonarsource/sonarlint/core/file/ServerFilePathsProvider
instanceKlass org/sonarsource/sonarlint/core/file/PathTranslationService
instanceKlass org/sonarsource/sonarlint/core/SonarCodeContextService
instanceKlass org/sonarsource/sonarlint/core/fs/ClientFileSystemService
instanceKlass org/sonarsource/sonarlint/core/sync/HotspotSynchronizationService
instanceKlass org/sonarsource/sonarlint/core/sync/IssueSynchronizationService
instanceKlass org/sonarsource/sonarlint/core/sync/TaintSynchronizationService
instanceKlass org/sonarsource/sonarlint/core/sync/SonarProjectBranchesSynchronizationService
instanceKlass org/sonarsource/sonarlint/core/tracking/TaintVulnerabilityTrackingService
instanceKlass org/sonarsource/sonarlint/core/embedded/server/RequestHandlerBindingAssistant
instanceKlass org/sonarsource/sonarlint/core/newcode/NewCodeService
instanceKlass org/sonarsource/sonarlint/core/mode/SeverityModeService
instanceKlass org/sonarsource/sonarlint/core/local/only/XodusLocalOnlyIssueStorageService
instanceKlass org/sonarsource/sonarlint/core/VersionSoonUnsupportedHelper
instanceKlass org/sonarsource/sonarlint/core/server/event/ServerEventsService
instanceKlass org/sonarsource/sonarlint/core/websocket/WebSocketService
instanceKlass org/sonarsource/sonarlint/core/tracking/LocalOnlyIssueRepository
instanceKlass org/sonarsource/sonarlint/core/smartnotifications/SmartNotifications
instanceKlass org/sonarsource/sonarlint/core/analysis/AnalysisService
instanceKlass org/sonarsource/sonarlint/core/issue/IssueService
instanceKlass org/sonarsource/sonarlint/core/hotspot/HotspotService
instanceKlass org/sonarsource/sonarlint/core/sync/SynchronizationService
instanceKlass org/sonarsource/sonarlint/core/branch/SonarProjectBranchTrackingService
instanceKlass org/sonarsource/sonarlint/core/SonarProjectsCache
instanceKlass org/sonarsource/sonarlint/core/BindingClueProvider
instanceKlass org/sonarsource/sonarlint/core/ConnectionSuggestionProvider
instanceKlass org/sonarsource/sonarlint/core/BindingSuggestionProvider
instanceKlass org/sonarsource/sonarlint/core/embedded/server/handler/ShowFixSuggestionRequestHandler
instanceKlass org/sonarsource/sonarlint/core/embedded/server/handler/ShowIssueRequestHandler
instanceKlass org/sonarsource/sonarlint/core/embedded/server/handler/ShowHotspotRequestHandler
instanceKlass org/sonarsource/sonarlint/core/embedded/server/AwaitingUserTokenFutureRepository
instanceKlass org/sonarsource/sonarlint/core/embedded/server/handler/GeneratedUserTokenHandler
instanceKlass org/sonarsource/sonarlint/core/embedded/server/handler/StatusRequestHandler
instanceKlass org/apache/hc/core5/http/io/HttpRequestHandler
instanceKlass org/sonarsource/sonarlint/core/embedded/server/EmbeddedServer
instanceKlass org/sonarsource/sonarlint/core/TokenGeneratorHelper
instanceKlass org/sonarsource/sonarlint/core/ConnectionService
instanceKlass org/sonarsource/sonarlint/core/languages/LanguageSupportRepository
instanceKlass org/sonarsource/sonarlint/core/plugin/skipped/SkippedPluginsRepository
instanceKlass org/sonarsource/sonarlint/core/plugin/PluginLifecycleService
instanceKlass org/sonarsource/sonarlint/core/plugin/PluginsRepository
instanceKlass org/sonarsource/sonarlint/core/plugin/PluginStatusNotifierService
instanceKlass org/sonarsource/sonarlint/core/plugin/skipped/SkippedPluginsNotifierService
instanceKlass org/sonarsource/sonarlint/core/plugin/PluginsService
instanceKlass org/sonarsource/sonarlint/core/rules/RulesExtractionHelper
instanceKlass org/sonarsource/sonarlint/core/repository/rules/RulesRepository
instanceKlass org/sonarsource/sonarlint/core/repository/connection/ConnectionConfigurationRepository
instanceKlass org/sonarsource/sonarlint/core/SonarQubeClientManager
instanceKlass org/sonarsource/sonarlint/core/rules/RulesService
instanceKlass org/sonarsource/sonarlint/core/repository/config/ConfigurationRepository
instanceKlass org/sonarsource/sonarlint/core/ConfigurationService
instanceKlass org/sonarsource/sonarlint/core/http/ClientProxyCredentialsProvider
instanceKlass org/apache/hc/client5/http/auth/CredentialsProvider
instanceKlass java/net/ProxySelector
instanceKlass org/sonarsource/sonarlint/core/http/AskClientCertificatePredicate
instanceKlass org/springframework/context/annotation/Import
instanceKlass org/springframework/context/annotation/Configuration
instanceKlass org/springframework/core/annotation/AnnotationsScanner
instanceKlass org/springframework/core/annotation/AnnotationsProcessor
instanceKlass org/springframework/core/annotation/TypeMappedAnnotations
instanceKlass org/springframework/core/annotation/MergedAnnotations$Search
instanceKlass org/springframework/core/annotation/AnnotationFilter$2
instanceKlass org/springframework/core/annotation/AnnotationFilter$1
instanceKlass java/util/ComparableTimSort
instanceKlass org/springframework/core/annotation/PackagesAnnotationFilter
instanceKlass org/springframework/core/annotation/AnnotationFilter
instanceKlass org/springframework/core/annotation/MergedAnnotations
instanceKlass org/springframework/core/annotation/RepeatableContainers
instanceKlass org/springframework/core/type/StandardClassMetadata
instanceKlass org/springframework/core/type/AnnotationMetadata
instanceKlass org/springframework/core/type/ClassMetadata
instanceKlass org/sonarsource/sonarlint/core/spring/SonarLintSpringAppConfig
instanceKlass org/springframework/context/index/CandidateComponentsIndex
instanceKlass org/springframework/context/index/CandidateComponentsIndexLoader
instanceKlass org/springframework/core/type/classreading/MetadataReader
instanceKlass org/springframework/core/type/classreading/SimpleMetadataReaderFactory
instanceKlass org/springframework/core/io/support/ResourcePatternUtils
instanceKlass jakarta/inject/Named
instanceKlass javax/annotation/ManagedBean
instanceKlass org/springframework/stereotype/Indexed
instanceKlass org/springframework/stereotype/Component
instanceKlass org/springframework/core/type/filter/AbstractTypeHierarchyTraversingFilter
instanceKlass org/springframework/core/type/filter/TypeFilter
instanceKlass org/springframework/beans/factory/support/BeanDefinitionDefaults
instanceKlass org/springframework/core/type/classreading/MetadataReaderFactory
instanceKlass org/springframework/context/annotation/ClassPathScanningCandidateComponentProvider
instanceKlass org/springframework/context/event/DefaultEventListenerFactory
instanceKlass org/springframework/context/event/EventListenerFactory
instanceKlass org/springframework/context/event/EventListenerMethodProcessor
instanceKlass org/springframework/context/ApplicationContextAware
instanceKlass org/springframework/beans/factory/SmartInitializingSingleton
instanceKlass org/springframework/beans/factory/annotation/InitDestroyAnnotationBeanPostProcessor
instanceKlass org/springframework/beans/factory/config/DestructionAwareBeanPostProcessor
instanceKlass org/springframework/beans/factory/annotation/AutowiredAnnotationBeanPostProcessor
instanceKlass org/springframework/beans/factory/support/MergedBeanDefinitionPostProcessor
instanceKlass org/springframework/beans/factory/config/SmartInstantiationAwareBeanPostProcessor
instanceKlass org/springframework/beans/factory/config/InstantiationAwareBeanPostProcessor
instanceKlass org/springframework/beans/factory/config/BeanDefinitionHolder
instanceKlass org/springframework/beans/factory/support/MethodOverrides
instanceKlass org/springframework/context/annotation/ConfigurationClassPostProcessor
instanceKlass org/springframework/context/EnvironmentAware
instanceKlass org/springframework/context/ApplicationStartupAware
instanceKlass org/springframework/context/ResourceLoaderAware
instanceKlass org/springframework/core/PriorityOrdered
instanceKlass org/springframework/core/Ordered
instanceKlass org/springframework/beans/factory/aot/BeanFactoryInitializationAotProcessor
instanceKlass org/springframework/beans/factory/aot/BeanRegistrationAotProcessor
instanceKlass org/springframework/beans/factory/support/BeanDefinitionRegistryPostProcessor
instanceKlass org/springframework/beans/factory/config/BeanFactoryPostProcessor
instanceKlass jakarta/inject/Qualifier
instanceKlass org/springframework/beans/factory/annotation/Qualifier
instanceKlass org/springframework/beans/factory/annotation/Value
instanceKlass java/lang/StrictMath
instanceKlass org/springframework/util/MultiValueMap
instanceKlass org/springframework/util/CollectionUtils
instanceKlass org/springframework/aop/TargetSource
instanceKlass org/springframework/aop/TargetClassAware
instanceKlass org/springframework/core/OrderComparator
instanceKlass javax/annotation/PostConstruct
instanceKlass jakarta/annotation/PostConstruct
instanceKlass org/springframework/context/annotation/AnnotationConfigUtils
instanceKlass org/springframework/context/annotation/ConditionEvaluator$ConditionContextImpl
instanceKlass org/springframework/context/annotation/ConditionContext
instanceKlass org/springframework/context/annotation/ConditionEvaluator
instanceKlass org/springframework/context/annotation/Scope
instanceKlass org/springframework/context/annotation/AnnotationScopeMetadataResolver
instanceKlass java/util/RegularEnumSet$EnumSetIterator
instanceKlass org/springframework/context/annotation/AnnotationBeanNameGenerator
instanceKlass org/springframework/util/PlaceholderParser
instanceKlass org/springframework/util/PropertyPlaceholderHelper
instanceKlass org/springframework/util/PropertyPlaceholderHelper$PlaceholderResolver
instanceKlass org/springframework/util/SystemPropertyUtils
instanceKlass org/springframework/core/convert/support/ConfigurableConversionService
instanceKlass org/springframework/core/convert/converter/ConverterRegistry
instanceKlass org/springframework/core/convert/ConversionService
instanceKlass org/springframework/core/env/AbstractPropertyResolver
instanceKlass org/springframework/core/env/MutablePropertySources
instanceKlass org/springframework/core/env/PropertySource
instanceKlass org/springframework/core/env/PropertySources
instanceKlass org/springframework/core/env/AbstractEnvironment
instanceKlass org/springframework/beans/factory/annotation/AnnotatedBeanDefinition
instanceKlass org/springframework/core/type/AnnotatedTypeMetadata
instanceKlass org/springframework/context/annotation/ScopeMetadataResolver
instanceKlass org/springframework/beans/factory/support/BeanNameGenerator
instanceKlass org/springframework/context/annotation/AnnotatedBeanDefinitionReader
instanceKlass org/springframework/beans/factory/support/SimpleAutowireCandidateResolver
instanceKlass org/springframework/core/SpringProperties
instanceKlass org/springframework/beans/factory/support/SimpleInstantiationStrategy
instanceKlass org/springframework/beans/factory/BeanClassLoaderAware
instanceKlass org/springframework/beans/factory/BeanFactoryAware
instanceKlass org/springframework/beans/factory/BeanNameAware
instanceKlass org/springframework/beans/factory/Aware
instanceKlass org/springframework/core/StandardReflectionParameterNameDiscoverer
instanceKlass kotlin/jvm/JvmInline
instanceKlass kotlin/Metadata
instanceKlass org/springframework/core/KotlinDetector
instanceKlass org/springframework/core/PrioritizedParameterNameDiscoverer
instanceKlass org/springframework/util/StringUtils
instanceKlass jakarta/inject/Provider
instanceKlass org/springframework/core/OrderComparator$OrderSourceProvider
instanceKlass org/springframework/beans/factory/ObjectProvider
instanceKlass org/springframework/beans/factory/ObjectFactory
instanceKlass org/springframework/beans/factory/support/AutowireCandidateResolver
instanceKlass org/springframework/util/ReflectionUtils$MethodCallback
instanceKlass org/springframework/beans/PropertyValues
instanceKlass org/springframework/core/AttributeAccessorSupport
instanceKlass org/springframework/beans/BeanWrapper
instanceKlass org/springframework/beans/ConfigurablePropertyAccessor
instanceKlass org/springframework/beans/PropertyAccessor
instanceKlass org/springframework/beans/factory/InjectionPoint
instanceKlass org/springframework/beans/factory/support/InstantiationStrategy
instanceKlass org/springframework/core/ParameterNameDiscoverer
instanceKlass org/springframework/beans/factory/DisposableBean
instanceKlass org/springframework/beans/TypeConverter
instanceKlass org/springframework/beans/PropertyEditorRegistry
instanceKlass org/springframework/core/SimpleAliasRegistry
instanceKlass org/springframework/util/AntPathMatcher$PathSeparatorPatternCache
instanceKlass org/springframework/util/AntPathMatcher
instanceKlass java/util/IdentityHashMap$EntryIterator$Entry
instanceKlass java/util/IdentityHashMap$IdentityHashMapIterator
instanceKlass org/springframework/util/ConcurrentReferenceHashMap$Reference
instanceKlass org/springframework/util/ConcurrentReferenceHashMap$ReferenceManager
instanceKlass org/springframework/util/Assert
instanceKlass org/springframework/util/ConcurrentReferenceHashMap$Task
instanceKlass org/springframework/util/ClassUtils
instanceKlass java/util/Spliterators$IteratorSpliterator
instanceKlass jdk/internal/module/SystemModules$all
instanceKlass org/springframework/core/NativeDetector
instanceKlass org/springframework/util/PathMatcher
instanceKlass org/springframework/core/io/support/PathMatchingResourcePatternResolver
instanceKlass org/springframework/core/metrics/DefaultApplicationStartup$DefaultStartupStep$DefaultTags
instanceKlass org/springframework/core/metrics/StartupStep$Tags
instanceKlass org/springframework/core/metrics/DefaultApplicationStartup$DefaultStartupStep
instanceKlass org/springframework/core/metrics/StartupStep
instanceKlass org/springframework/core/metrics/DefaultApplicationStartup
instanceKlass org/springframework/core/metrics/ApplicationStartup
instanceKlass org/springframework/util/ObjectUtils
instanceKlass org/apache/commons/logging/LogAdapter$Slf4jLog
instanceKlass org/apache/commons/logging/Log
instanceKlass org/apache/commons/logging/LogAdapter$Slf4jAdapter
instanceKlass org/apache/commons/logging/LogAdapter
instanceKlass org/apache/commons/logging/LogFactory
instanceKlass org/springframework/beans/factory/config/BeanDefinition
instanceKlass org/springframework/beans/BeanMetadataElement
instanceKlass org/springframework/core/AttributeAccessor
instanceKlass org/springframework/beans/factory/config/ConfigurableListableBeanFactory
instanceKlass org/springframework/beans/factory/config/ConfigurableBeanFactory
instanceKlass org/springframework/beans/factory/config/SingletonBeanRegistry
instanceKlass org/springframework/core/env/ConfigurableEnvironment
instanceKlass org/springframework/core/env/ConfigurablePropertyResolver
instanceKlass org/springframework/context/LifecycleProcessor
instanceKlass org/springframework/context/event/ApplicationEventMulticaster
instanceKlass org/springframework/core/ResolvableTypeProvider
instanceKlass org/springframework/beans/factory/config/AutowireCapableBeanFactory
instanceKlass java/util/EventObject
instanceKlass org/springframework/core/SmartClassLoader
instanceKlass org/springframework/beans/factory/config/BeanPostProcessor
instanceKlass org/springframework/beans/PropertyEditorRegistrar
instanceKlass org/springframework/beans/factory/config/BeanExpressionResolver
instanceKlass org/springframework/core/env/Environment
instanceKlass org/springframework/core/env/PropertyResolver
instanceKlass org/springframework/core/io/Resource
instanceKlass org/springframework/core/io/InputStreamSource
instanceKlass org/springframework/core/io/DefaultResourceLoader
instanceKlass org/springframework/beans/factory/support/BeanDefinitionRegistry
instanceKlass org/springframework/core/AliasRegistry
instanceKlass org/springframework/context/annotation/AnnotationConfigRegistry
instanceKlass com/google/gson/internal/bind/TypeAdapters$35
instanceKlass com/google/gson/internal/Streams
instanceKlass org/sonarsource/sonarlint/core/spring/SpringApplicationContextInitializer
instanceKlass com/google/gson/JsonParser
instanceKlass org/sonarsource/sonarlint/core/rpc/impl/SonarLintRpcServerImpl$1
instanceKlass org/sonarsource/sonarlint/core/log/LogService$1
instanceKlass org/sonarsource/sonarlint/core/log/LogService
instanceKlass org/eclipse/lsp4j/jsonrpc/messages/Either
instanceKlass org/eclipse/lsp4j/jsonrpc/CompletableFutures$FutureCancelChecker
instanceKlass org/sonarsource/sonarlint/core/rpc/protocol/backend/config/binding/BindingConfigurationDto
instanceKlass org/eclipse/lsp4j/jsonrpc/CompletableFutures
instanceKlass org/sonarsource/sonarlint/core/rpc/protocol/backend/config/scope/ConfigurationScopeDto
instanceKlass com/google/gson/internal/bind/ObjectTypeAdapter$2
instanceKlass com/google/gson/internal/LinkedTreeMap$Node
instanceKlass com/google/gson/internal/LinkedTreeMap$1
instanceKlass jdk/internal/vm/annotation/ForceInline
instanceKlass sun/misc/Unsafe
instanceKlass com/google/gson/internal/UnsafeAllocator
instanceKlass org/sonarsource/sonarlint/core/rpc/protocol/backend/initialize/OmnisharpRequirementsDto
instanceKlass org/sonarsource/sonarlint/core/rpc/protocol/backend/initialize/JsTsRequirementsDto
instanceKlass org/sonarsource/sonarlint/core/rpc/protocol/backend/rules/StandaloneRuleConfigDto
instanceKlass org/sonarsource/sonarlint/core/rpc/protocol/backend/connection/config/SonarCloudConnectionConfigurationDto
instanceKlass com/google/gson/internal/ConstructorConstructor$13
instanceKlass org/sonarsource/sonarlint/core/rpc/protocol/backend/connection/config/SonarQubeConnectionConfigurationDto
instanceKlass com/google/gson/internal/ConstructorConstructor$11
instanceKlass sun/reflect/misc/ReflectUtil
instanceKlass com/google/gson/internal/ConstructorConstructor$17
instanceKlass com/google/gson/internal/bind/TypeAdapters$EnumTypeAdapter$1
instanceKlass org/sonarsource/sonarlint/core/rpc/protocol/backend/initialize/SonarQubeCloudRegionDto
instanceKlass org/sonarsource/sonarlint/core/rpc/protocol/backend/initialize/SslConfigurationDto
instanceKlass com/google/gson/internal/ConstructorConstructor$18
instanceKlass java/util/concurrent/ConcurrentNavigableMap
instanceKlass com/google/gson/internal/Primitives
instanceKlass com/google/gson/annotations/SerializedName
instanceKlass com/google/gson/internal/ConstructorConstructor$19
instanceKlass org/sonarsource/sonarlint/core/rpc/protocol/backend/initialize/TelemetryMigrationDto
instanceKlass org/sonarsource/sonarlint/core/rpc/protocol/backend/initialize/LanguageSpecificRequirements
instanceKlass org/sonarsource/sonarlint/core/rpc/protocol/backend/initialize/SonarCloudAlternativeEnvironmentDto
instanceKlass org/sonarsource/sonarlint/core/rpc/protocol/backend/initialize/HttpConfigurationDto
instanceKlass org/sonarsource/sonarlint/core/rpc/protocol/backend/initialize/TelemetryClientConstantAttributesDto
instanceKlass org/sonarsource/sonarlint/core/rpc/protocol/backend/initialize/ClientConstantInfoDto
instanceKlass java/lang/reflect/AnnotatedType
instanceKlass com/google/gson/internal/reflect/ReflectionHelper$RecordHelper
instanceKlass com/google/gson/internal/reflect/ReflectionHelper
instanceKlass com/google/gson/internal/ReflectionAccessFilterHelper
instanceKlass com/google/gson/annotations/JsonAdapter
instanceKlass org/sonarsource/sonarlint/core/rpc/protocol/Lsp4jUtils
instanceKlass com/google/gson/internal/JsonReaderInternalAccess
instanceKlass java/util/concurrent/ForkJoinTask$Aux
instanceKlass org/sonarsource/sonarlint/core/backend/cli/EndOfStreamAwareInputStream$SupplierWithIOException
instanceKlass org/eclipse/lsp4j/jsonrpc/json/StreamMessageProducer$Headers
instanceKlass org/eclipse/lsp4j/jsonrpc/json/ConcurrentMessageProcessor$1
instanceKlass java/util/concurrent/Executors$RunnableAdapter
instanceKlass java/util/concurrent/FutureTask$WaitNode
instanceKlass java/util/concurrent/FutureTask
instanceKlass java/util/concurrent/RunnableFuture
instanceKlass ch/qos/logback/core/spi/AppenderAttachableImpl
instanceKlass ch/qos/logback/core/pattern/Converter
instanceKlass ch/qos/logback/core/util/COWArrayList
instanceKlass ch/qos/logback/core/spi/FilterAttachableImpl
instanceKlass java/util/logging/LogManager$CloseOnReset
instanceKlass java/util/logging/StreamHandler$1
instanceKlass java/util/logging/Handler$1
instanceKlass java/util/logging/ErrorManager
instanceKlass jdk/internal/logger/SimpleConsoleLogger$Formatting
instanceKlass sun/util/logging/PlatformLogger
instanceKlass sun/util/logging/PlatformLogger$ConfigurableBridge$LoggerConfiguration
instanceKlass java/util/logging/Formatter
instanceKlass org/eclipse/lsp4j/jsonrpc/StandardLauncher
instanceKlass org/eclipse/lsp4j/jsonrpc/json/ConcurrentMessageProcessor
instanceKlass org/eclipse/lsp4j/jsonrpc/json/StreamMessageProducer
instanceKlass org/eclipse/lsp4j/jsonrpc/services/EndpointProxy
instanceKlass org/eclipse/lsp4j/jsonrpc/messages/Message
instanceKlass org/eclipse/lsp4j/jsonrpc/RemoteEndpoint
instanceKlass javax/annotation/Nonnull
instanceKlass javax/annotation/Nullable
instanceKlass org/sonarsource/sonarlint/core/rpc/protocol/client/analysis/RawIssueFlowDto
instanceKlass org/sonarsource/sonarlint/core/analysis/api/Flow
instanceKlass org/sonarsource/sonarlint/core/rpc/protocol/client/analysis/TextEditDto
instanceKlass org/sonarsource/sonarlint/core/analysis/api/TextEdit
instanceKlass org/sonarsource/sonarlint/core/rpc/protocol/client/analysis/FileEditDto
instanceKlass org/sonarsource/sonarlint/core/analysis/api/ClientInputFileEdit
instanceKlass org/sonarsource/sonarlint/core/rpc/protocol/client/analysis/QuickFixDto
instanceKlass org/sonarsource/sonarlint/core/analysis/api/QuickFix
instanceKlass org/sonarsource/sonarlint/core/rpc/protocol/client/analysis/RawIssueLocationDto
instanceKlass org/sonarsource/sonarlint/core/analysis/api/IssueLocation
instanceKlass org/sonarsource/sonarlint/core/analysis/api/WithTextRange
instanceKlass org/sonarsource/sonarlint/core/rpc/protocol/client/analysis/RawIssueDto
instanceKlass org/sonarsource/sonarlint/core/analysis/RawIssue
instanceKlass org/sonarsource/sonarlint/core/rpc/protocol/common/TextRangeDto
instanceKlass org/sonarsource/sonarlint/core/commons/api/TextRange
instanceKlass org/sonarsource/sonarlint/core/commons/dogfood/DogfoodEnvironmentDetectionService
instanceKlass org/sonarsource/sonarlint/core/commons/progress/SonarLintCancelMonitor
instanceKlass org/sonarsource/sonarlint/core/rpc/impl/AbstractRpcServiceDelegate
instanceKlass java/util/concurrent/locks/AbstractQueuedSynchronizer$Node
instanceKlass jdk/internal/logger/DefaultLoggerFinder$1
instanceKlass java/util/logging/Logger$SystemLoggerHelper$1
instanceKlass java/util/logging/Logger$SystemLoggerHelper
instanceKlass java/util/logging/LogManager$4
instanceKlass jdk/internal/logger/BootstrapLogger$BootstrapExecutors
instanceKlass jdk/internal/logger/BootstrapLogger$RedirectedLoggers
instanceKlass java/util/concurrent/CopyOnWriteArrayList$COWIterator
instanceKlass jdk/internal/logger/BootstrapLogger$DetectBackend$1
instanceKlass jdk/internal/logger/BootstrapLogger$DetectBackend
instanceKlass jdk/internal/logger/BootstrapLogger
instanceKlass sun/util/logging/PlatformLogger$ConfigurableBridge
instanceKlass sun/util/logging/PlatformLogger$Bridge
instanceKlass java/util/stream/Streams
instanceKlass java/util/stream/Stream$Builder
instanceKlass java/util/stream/Streams$AbstractStreamBuilderImpl
instanceKlass java/util/stream/FindOps$FindOp
instanceKlass java/util/stream/FindOps$FindSink
instanceKlass java/util/stream/FindOps
instanceKlass java/util/Hashtable$Enumerator
instanceKlass java/util/Collections$SynchronizedCollection
instanceKlass java/util/Properties$EntrySet
instanceKlass java/util/Collections$3
instanceKlass java/util/logging/LogManager$LoggerContext$1
instanceKlass java/util/logging/LogManager$VisitedLoggers
instanceKlass java/util/logging/LogManager$2
instanceKlass java/lang/System$LoggerFinder
instanceKlass sun/security/util/SecurityProperties
instanceKlass sun/security/util/FilePermCompat
instanceKlass java/util/logging/LogManager$LoggingProviderAccess
instanceKlass sun/util/logging/internal/LoggingProviderImpl$LogManagerAccess
instanceKlass java/lang/Shutdown$Lock
instanceKlass java/lang/Shutdown
instanceKlass java/lang/ApplicationShutdownHooks$1
instanceKlass java/lang/ApplicationShutdownHooks
instanceKlass java/util/logging/LogManager$LogNode
instanceKlass java/util/logging/LogManager$LoggerContext
instanceKlass java/util/logging/LogManager$1
instanceKlass java/util/logging/LogManager
instanceKlass java/util/logging/Logger$ConfigurationData
instanceKlass java/util/logging/Logger$LoggerBundle
instanceKlass java/util/logging/Level
instanceKlass java/util/logging/Handler
instanceKlass java/util/logging/Logger
instanceKlass org/eclipse/lsp4j/jsonrpc/services/GenericEndpoint
instanceKlass org/sonarsource/sonarlint/core/rpc/protocol/SingleThreadedMessageConsumer
instanceKlass org/eclipse/lsp4j/jsonrpc/json/StreamMessageConsumer
instanceKlass org/eclipse/lsp4j/jsonrpc/json/MessageConstants
instanceKlass com/google/gson/internal/bind/ReflectiveTypeAdapterFactory$BoundField
instanceKlass com/google/gson/internal/bind/ReflectiveTypeAdapterFactory
instanceKlass com/google/gson/internal/bind/JsonAdapterAnnotationTypeAdapterFactory
instanceKlass com/google/gson/internal/bind/MapTypeAdapterFactory
instanceKlass com/google/gson/internal/bind/CollectionTypeAdapterFactory
instanceKlass com/google/gson/internal/bind/ArrayTypeAdapter$1
instanceKlass com/google/gson/internal/bind/DateTypeAdapter$1
instanceKlass java/util/concurrent/atomic/AtomicLongArray
instanceKlass com/google/gson/internal/bind/NumberTypeAdapter$1
instanceKlass com/google/gson/internal/bind/ObjectTypeAdapter$1
instanceKlass com/google/gson/internal/ObjectConstructor
instanceKlass com/google/gson/internal/ConstructorConstructor
instanceKlass com/google/gson/internal/sql/SqlTimestampTypeAdapter$1
instanceKlass com/google/gson/internal/sql/SqlTimeTypeAdapter$1
instanceKlass com/google/gson/internal/sql/SqlDateTypeAdapter$1
instanceKlass java/text/Format
instanceKlass com/google/gson/internal/bind/DefaultDateTypeAdapter$DateType
instanceKlass com/google/gson/internal/sql/SqlTypesSupport
instanceKlass com/google/gson/internal/bind/TypeAdapters$29
instanceKlass com/google/gson/internal/bind/TypeAdapters$33
instanceKlass java/util/Calendar
instanceKlass com/google/gson/internal/bind/TypeAdapters$34
instanceKlass java/util/concurrent/atomic/AtomicIntegerArray
instanceKlass com/google/gson/internal/bind/TypeAdapters$32
instanceKlass java/util/BitSet
instanceKlass com/google/gson/internal/bind/TypeAdapters$31
instanceKlass com/google/gson/internal/bind/TypeAdapters
instanceKlass com/google/gson/JsonDeserializer
instanceKlass com/google/gson/JsonSerializer
instanceKlass org/eclipse/lsp4j/jsonrpc/json/adapters/MessageTypeAdapter$Factory
instanceKlass org/eclipse/lsp4j/jsonrpc/json/adapters/EitherTypeAdapter$PropertyChecker
instanceKlass com/google/gson/internal/$Gson$Preconditions
instanceKlass com/google/gson/internal/$Gson$Types$ParameterizedTypeImpl
instanceKlass java/lang/reflect/WildcardType
instanceKlass com/google/gson/internal/$Gson$Types
instanceKlass org/sonarsource/sonarlint/core/rpc/protocol/common/MQRModeDetails
instanceKlass org/sonarsource/sonarlint/core/rpc/protocol/common/StandardModeDetails
instanceKlass org/sonarsource/sonarlint/core/rpc/protocol/common/Either
instanceKlass com/google/gson/reflect/TypeToken
instanceKlass org/sonarsource/sonarlint/core/rpc/protocol/adapter/CustomEitherAdapterFactory
instanceKlass org/sonarsource/sonarlint/core/rpc/protocol/adapter/EitherTypeAdapter$Factory
instanceKlass com/google/gson/stream/JsonWriter
instanceKlass com/google/gson/stream/JsonReader
instanceKlass com/google/gson/ToNumberStrategy
instanceKlass com/google/gson/Gson
instanceKlass com/google/gson/TypeAdapter
instanceKlass com/google/gson/internal/Excluder
instanceKlass com/google/gson/FieldNamingStrategy
instanceKlass com/google/gson/GsonBuilder
instanceKlass org/eclipse/lsp4j/jsonrpc/messages/CancelParams
instanceKlass com/google/gson/TypeAdapterFactory
instanceKlass com/google/gson/JsonElement
instanceKlass org/sonarsource/sonarlint/core/rpc/protocol/backend/plugin/GetPluginStatusesResponse
instanceKlass org/sonarsource/sonarlint/core/rpc/protocol/backend/plugin/GetPluginStatusesParams
instanceKlass org/sonarsource/sonarlint/core/rpc/protocol/backend/labs/JoinIdeLabsProgramResponse
instanceKlass org/sonarsource/sonarlint/core/rpc/protocol/backend/labs/JoinIdeLabsProgramParams
instanceKlass org/sonarsource/sonarlint/core/rpc/protocol/backend/log/SetLogLevelParams
instanceKlass org/sonarsource/sonarlint/core/rpc/protocol/backend/file/GetFilesStatusResponse
instanceKlass org/sonarsource/sonarlint/core/rpc/protocol/backend/file/DidCloseFileParams
instanceKlass org/sonarsource/sonarlint/core/rpc/protocol/backend/file/DidOpenFileParams
instanceKlass org/sonarsource/sonarlint/core/rpc/protocol/backend/file/GetFilesStatusParams
instanceKlass org/sonarsource/sonarlint/core/rpc/protocol/backend/file/DidUpdateFileSystemParams
instanceKlass org/sonarsource/sonarlint/core/rpc/protocol/backend/ai/GetRuleFileContentResponse
instanceKlass org/sonarsource/sonarlint/core/rpc/protocol/backend/ai/GetHookScriptContentResponse
instanceKlass org/sonarsource/sonarlint/core/rpc/protocol/backend/ai/GetRuleFileContentParams
instanceKlass org/sonarsource/sonarlint/core/rpc/protocol/backend/ai/GetHookScriptContentParams
instanceKlass org/sonarsource/sonarlint/core/rpc/protocol/backend/rules/GetEffectiveRuleDetailsResponse
instanceKlass org/sonarsource/sonarlint/core/rpc/protocol/backend/rules/GetStandaloneRuleDescriptionResponse
instanceKlass org/sonarsource/sonarlint/core/rpc/protocol/backend/rules/ListAllStandaloneRulesDefinitionsResponse
instanceKlass org/sonarsource/sonarlint/core/rpc/protocol/backend/rules/UpdateStandaloneRulesConfigurationParams
instanceKlass org/sonarsource/sonarlint/core/rpc/protocol/backend/rules/GetEffectiveRuleDetailsParams
instanceKlass org/sonarsource/sonarlint/core/rpc/protocol/backend/rules/GetStandaloneRuleDescriptionParams
instanceKlass org/sonarsource/sonarlint/core/rpc/protocol/client/binding/GetBindingSuggestionsResponse
instanceKlass org/sonarsource/sonarlint/core/rpc/protocol/backend/binding/GetSharedConnectedModeConfigFileResponse
instanceKlass org/sonarsource/sonarlint/core/rpc/protocol/backend/binding/GetBindingSuggestionParams
instanceKlass org/sonarsource/sonarlint/core/rpc/protocol/backend/binding/GetSharedConnectedModeConfigFileParams
instanceKlass org/sonarsource/sonarlint/core/rpc/protocol/backend/newcode/GetNewCodeDefinitionResponse
instanceKlass org/sonarsource/sonarlint/core/rpc/protocol/backend/newcode/GetNewCodeDefinitionParams
instanceKlass org/sonarsource/sonarlint/core/rpc/protocol/backend/hotspot/CheckLocalDetectionSupportedResponse
instanceKlass org/sonarsource/sonarlint/core/rpc/protocol/backend/hotspot/CheckStatusChangePermittedResponse
instanceKlass org/sonarsource/sonarlint/core/rpc/protocol/backend/hotspot/ChangeHotspotStatusParams
instanceKlass org/sonarsource/sonarlint/core/rpc/protocol/backend/hotspot/CheckLocalDetectionSupportedParams
instanceKlass org/sonarsource/sonarlint/core/rpc/protocol/backend/hotspot/OpenHotspotInBrowserParams
instanceKlass org/sonarsource/sonarlint/core/rpc/protocol/backend/hotspot/CheckStatusChangePermittedParams
instanceKlass org/sonarsource/sonarlint/core/rpc/protocol/backend/issue/ReopenIssueResponse
instanceKlass org/sonarsource/sonarlint/core/rpc/protocol/backend/issue/ReopenAllIssuesForFileResponse
instanceKlass org/sonarsource/sonarlint/core/rpc/protocol/backend/issue/GetEffectiveIssueDetailsResponse
instanceKlass org/sonarsource/sonarlint/core/rpc/protocol/backend/issue/CheckStatusChangePermittedResponse
instanceKlass org/sonarsource/sonarlint/core/rpc/protocol/backend/issue/CheckAnticipatedStatusChangeSupportedResponse
instanceKlass org/sonarsource/sonarlint/core/rpc/protocol/backend/issue/ChangeIssueStatusParams
instanceKlass org/sonarsource/sonarlint/core/rpc/protocol/backend/issue/ReopenIssueParams
instanceKlass org/sonarsource/sonarlint/core/rpc/protocol/backend/issue/AddIssueCommentParams
instanceKlass org/sonarsource/sonarlint/core/rpc/protocol/backend/issue/ReopenAllIssuesForFileParams
instanceKlass org/sonarsource/sonarlint/core/rpc/protocol/backend/issue/GetEffectiveIssueDetailsParams
instanceKlass org/sonarsource/sonarlint/core/rpc/protocol/backend/issue/CheckStatusChangePermittedParams
instanceKlass org/sonarsource/sonarlint/core/rpc/protocol/backend/issue/CheckAnticipatedStatusChangeSupportedParams
instanceKlass org/sonarsource/sonarlint/core/rpc/protocol/backend/analysis/GetAutoDetectedNodeJsResponse
instanceKlass org/sonarsource/sonarlint/core/rpc/protocol/backend/analysis/AnalyzeFilesResponse
instanceKlass org/sonarsource/sonarlint/core/rpc/protocol/backend/analysis/GetForcedNodeJsResponse
instanceKlass org/sonarsource/sonarlint/core/rpc/protocol/backend/analysis/GetSupportedFilePatternsResponse
instanceKlass org/sonarsource/sonarlint/core/rpc/protocol/backend/analysis/ShouldUseEnterpriseCSharpAnalyzerResponse
instanceKlass org/sonarsource/sonarlint/core/rpc/protocol/backend/analysis/ForceAnalyzeResponse
instanceKlass org/sonarsource/sonarlint/core/rpc/protocol/backend/analysis/AnalyzeFileListParams
instanceKlass org/sonarsource/sonarlint/core/rpc/protocol/backend/analysis/AnalyzeFullProjectParams
instanceKlass org/sonarsource/sonarlint/core/rpc/protocol/backend/analysis/AnalyzeOpenFilesParams
instanceKlass org/sonarsource/sonarlint/core/rpc/protocol/backend/analysis/DidChangeAutomaticAnalysisSettingParams
instanceKlass org/sonarsource/sonarlint/core/rpc/protocol/backend/analysis/AnalyzeFilesAndTrackParams
instanceKlass org/sonarsource/sonarlint/core/rpc/protocol/backend/analysis/DidChangeClientNodeJsPathParams
instanceKlass org/sonarsource/sonarlint/core/rpc/protocol/backend/analysis/GetSupportedFilePatternsParams
instanceKlass org/sonarsource/sonarlint/core/rpc/protocol/backend/analysis/ShouldUseEnterpriseCSharpAnalyzerParams
instanceKlass org/sonarsource/sonarlint/core/rpc/protocol/backend/analysis/AnalyzeVCSChangedFilesParams
instanceKlass org/sonarsource/sonarlint/core/rpc/protocol/backend/analysis/DidChangePathToCompileCommandsParams
instanceKlass org/sonarsource/sonarlint/core/rpc/protocol/backend/analysis/DidChangeAnalysisPropertiesParams
instanceKlass org/sonarsource/sonarlint/core/rpc/protocol/backend/tracking/ListAllResponse
instanceKlass org/sonarsource/sonarlint/core/rpc/protocol/backend/config/binding/DidUpdateBindingParams
instanceKlass org/sonarsource/sonarlint/core/rpc/protocol/backend/config/scope/DidRemoveConfigurationScopeParams
instanceKlass org/sonarsource/sonarlint/core/rpc/protocol/backend/config/scope/DidAddConfigurationScopesParams
instanceKlass org/sonarsource/sonarlint/core/rpc/protocol/backend/branch/GetMatchedSonarProjectBranchResponse
instanceKlass org/sonarsource/sonarlint/core/rpc/protocol/backend/branch/GetMatchedSonarProjectBranchParams
instanceKlass org/sonarsource/sonarlint/core/rpc/protocol/backend/branch/DidVcsRepositoryChangeParams
instanceKlass org/sonarsource/sonarlint/core/rpc/protocol/backend/sca/ListAllDependencyRisksResponse
instanceKlass org/sonarsource/sonarlint/core/rpc/protocol/backend/sca/CheckDependencyRiskSupportedResponse
instanceKlass org/sonarsource/sonarlint/core/rpc/protocol/backend/tracking/ListAllParams
instanceKlass org/sonarsource/sonarlint/core/rpc/protocol/backend/sca/CheckDependencyRiskSupportedParams
instanceKlass org/sonarsource/sonarlint/core/rpc/protocol/backend/sca/ChangeDependencyRiskStatusParams
instanceKlass org/sonarsource/sonarlint/core/rpc/protocol/backend/sca/OpenDependencyRiskInBrowserParams
instanceKlass org/sonarsource/sonarlint/core/rpc/protocol/backend/progress/CancelTaskParams
instanceKlass org/sonarsource/sonarlint/core/rpc/protocol/backend/dogfooding/IsDogfoodingEnvironmentResponse
instanceKlass org/sonarsource/sonarlint/core/rpc/protocol/backend/remediation/aicodefix/SuggestFixResponse
instanceKlass org/sonarsource/sonarlint/core/rpc/protocol/backend/remediation/aicodefix/SuggestFixParams
instanceKlass org/sonarsource/sonarlint/core/rpc/protocol/backend/telemetry/GetStatusResponse
instanceKlass org/sonarsource/sonarlint/core/rpc/protocol/client/telemetry/FindingsFilteredParams
instanceKlass org/sonarsource/sonarlint/core/rpc/protocol/client/telemetry/ToolCalledParams
instanceKlass org/sonarsource/sonarlint/core/rpc/protocol/client/telemetry/AddReportedRulesParams
instanceKlass org/sonarsource/sonarlint/core/rpc/protocol/client/telemetry/AcceptedBindingSuggestionParams
instanceKlass org/sonarsource/sonarlint/core/rpc/protocol/client/telemetry/AnalysisReportingTriggeredParams
instanceKlass org/sonarsource/sonarlint/core/rpc/protocol/client/telemetry/FixSuggestionResolvedParams
instanceKlass org/sonarsource/sonarlint/core/rpc/protocol/client/telemetry/McpTransportModeUsedParams
instanceKlass org/sonarsource/sonarlint/core/rpc/protocol/client/telemetry/HelpAndFeedbackClickedParams
instanceKlass org/sonarsource/sonarlint/core/rpc/protocol/client/telemetry/AddQuickFixAppliedForRuleParams
instanceKlass org/sonarsource/sonarlint/core/rpc/protocol/client/telemetry/DevNotificationsClickedParams
instanceKlass org/sonarsource/sonarlint/core/rpc/protocol/client/telemetry/AnalysisDoneOnSingleLanguageParams
instanceKlass org/sonarsource/sonarlint/core/rpc/protocol/client/telemetry/IdeLabsExternalLinkClickedParams
instanceKlass org/sonarsource/sonarlint/core/rpc/protocol/client/telemetry/IdeLabsFeedbackLinkClickedParams
instanceKlass org/sonarsource/sonarlint/core/rpc/protocol/backend/connection/projects/GetAllProjectsResponse
instanceKlass org/sonarsource/sonarlint/core/rpc/protocol/backend/connection/org/GetOrganizationResponse
instanceKlass org/sonarsource/sonarlint/core/rpc/protocol/backend/connection/validate/ValidateConnectionResponse
instanceKlass org/sonarsource/sonarlint/core/rpc/protocol/backend/connection/projects/GetProjectNamesByKeyResponse
instanceKlass org/sonarsource/sonarlint/core/rpc/protocol/backend/connection/GetConnectionSuggestionsResponse
instanceKlass org/sonarsource/sonarlint/core/rpc/protocol/backend/connection/auth/HelpGenerateUserTokenResponse
instanceKlass org/sonarsource/sonarlint/core/rpc/protocol/backend/connection/GetMCPServerConfigurationResponse
instanceKlass org/sonarsource/sonarlint/core/rpc/protocol/backend/connection/org/FuzzySearchUserOrganizationsResponse
instanceKlass org/sonarsource/sonarlint/core/rpc/protocol/backend/connection/org/ListUserOrganizationsResponse
instanceKlass org/sonarsource/sonarlint/core/rpc/protocol/backend/connection/projects/FuzzySearchProjectsResponse
instanceKlass org/sonarsource/sonarlint/core/rpc/protocol/backend/connection/projects/GetAllProjectsParams
instanceKlass org/sonarsource/sonarlint/core/rpc/protocol/backend/connection/org/GetOrganizationParams
instanceKlass org/sonarsource/sonarlint/core/rpc/protocol/backend/connection/validate/ValidateConnectionParams
instanceKlass org/sonarsource/sonarlint/core/rpc/protocol/backend/connection/projects/GetProjectNamesByKeyParams
instanceKlass org/sonarsource/sonarlint/core/rpc/protocol/client/connection/GetConnectionSuggestionsParams
instanceKlass org/sonarsource/sonarlint/core/rpc/protocol/backend/connection/config/DidUpdateConnectionsParams
instanceKlass org/sonarsource/sonarlint/core/rpc/protocol/backend/connection/auth/HelpGenerateUserTokenParams
instanceKlass org/sonarsource/sonarlint/core/rpc/protocol/backend/connection/config/DidChangeCredentialsParams
instanceKlass org/sonarsource/sonarlint/core/rpc/protocol/backend/connection/GetMCPServerConfigurationParams
instanceKlass org/sonarsource/sonarlint/core/rpc/protocol/backend/connection/org/FuzzySearchUserOrganizationsParams
instanceKlass org/sonarsource/sonarlint/core/rpc/protocol/backend/connection/org/ListUserOrganizationsParams
instanceKlass org/sonarsource/sonarlint/core/rpc/protocol/backend/connection/projects/FuzzySearchProjectsParams
instanceKlass org/sonarsource/sonarlint/core/commons/storage/SonarLintDatabase
instanceKlass org/sonarsource/sonarlint/core/rpc/impl/RpcClientLogOutput
instanceKlass org/sonarsource/sonarlint/core/storage/StorageService
instanceKlass org/sonarsource/sonarlint/core/serverconnection/issues/LocalOnlyIssuesRepository
instanceKlass org/eclipse/lsp4j/jsonrpc/CancelChecker
instanceKlass org/springframework/context/ConfigurableApplicationContext
instanceKlass org/springframework/context/Lifecycle
instanceKlass org/springframework/context/ApplicationContext
instanceKlass org/springframework/core/io/support/ResourcePatternResolver
instanceKlass org/springframework/core/io/ResourceLoader
instanceKlass org/springframework/context/ApplicationEventPublisher
instanceKlass org/springframework/context/MessageSource
instanceKlass org/springframework/beans/factory/HierarchicalBeanFactory
instanceKlass org/springframework/beans/factory/ListableBeanFactory
instanceKlass org/springframework/beans/factory/BeanFactory
instanceKlass org/springframework/core/env/EnvironmentCapable
instanceKlass org/sonarsource/sonarlint/core/rpc/protocol/backend/initialize/InitializeParams
instanceKlass org/eclipse/lsp4j/jsonrpc/json/JsonRpcMethodProvider
instanceKlass org/eclipse/lsp4j/jsonrpc/services/JsonDelegate
instanceKlass org/sonarsource/sonarlint/core/rpc/protocol/client/http/GetProxyPasswordAuthenticationResponse
instanceKlass org/sonarsource/sonarlint/core/rpc/protocol/client/telemetry/TelemetryClientLiveAttributesResponse
instanceKlass org/sonarsource/sonarlint/core/rpc/protocol/client/connection/AssistCreatingConnectionResponse
instanceKlass org/sonarsource/sonarlint/core/rpc/protocol/client/analysis/GetInferredAnalysisPropertiesResponse
instanceKlass org/sonarsource/sonarlint/core/rpc/protocol/client/branch/MatchSonarProjectBranchResponse
instanceKlass org/sonarsource/sonarlint/core/rpc/protocol/client/analysis/GetFileExclusionsResponse
instanceKlass org/sonarsource/sonarlint/core/rpc/protocol/client/fs/GetBaseDirResponse
instanceKlass org/sonarsource/sonarlint/core/rpc/protocol/client/http/CheckServerTrustedResponse
instanceKlass org/sonarsource/sonarlint/core/rpc/protocol/client/info/GetClientLiveInfoResponse
instanceKlass org/sonarsource/sonarlint/core/rpc/protocol/client/connection/GetCredentialsResponse
instanceKlass org/sonarsource/sonarlint/core/rpc/protocol/client/branch/MatchProjectBranchResponse
instanceKlass org/sonarsource/sonarlint/core/rpc/protocol/client/http/SelectProxiesResponse
instanceKlass org/sonarsource/sonarlint/core/rpc/protocol/client/binding/AssistBindingResponse
instanceKlass org/sonarsource/sonarlint/core/rpc/protocol/client/message/ShowMessageRequestResponse
instanceKlass org/eclipse/lsp4j/jsonrpc/json/ResponseJsonAdapter
instanceKlass sun/reflect/generics/reflectiveObjects/LazyReflectiveObjectGenerator
instanceKlass java/lang/reflect/TypeVariable
instanceKlass sun/reflect/generics/tree/TypeVariableSignature
instanceKlass sun/reflect/generics/tree/ClassSignature
instanceKlass sun/reflect/generics/reflectiveObjects/ParameterizedTypeImpl
instanceKlass org/sonarsource/sonarlint/core/rpc/protocol/client/fs/ListFilesResponse
instanceKlass sun/reflect/generics/tree/MethodTypeSignature
instanceKlass sun/reflect/generics/tree/Signature
instanceKlass sun/reflect/generics/tree/FormalTypeParameter
instanceKlass sun/reflect/generics/repository/AbstractRepository
instanceKlass org/eclipse/lsp4j/jsonrpc/json/JsonRpcMethod
instanceKlass java/util/stream/Nodes$ArrayNode
instanceKlass java/util/stream/Node$Builder
instanceKlass java/util/stream/Node$OfDouble
instanceKlass java/util/stream/Node$OfLong
instanceKlass java/util/stream/Node$OfInt
instanceKlass java/util/stream/Node$OfPrimitive
instanceKlass java/util/stream/Nodes$EmptyNode
instanceKlass java/util/stream/Node
instanceKlass java/util/stream/Nodes
instanceKlass java/util/function/IntFunction
instanceKlass org/eclipse/lsp4j/jsonrpc/services/JsonNotification
instanceKlass org/eclipse/lsp4j/jsonrpc/services/JsonRequest
instanceKlass org/sonarsource/sonarlint/core/rpc/protocol/client/promotion/PromoteExtraEnabledLanguagesInConnectedModeParams
instanceKlass org/sonarsource/sonarlint/core/rpc/protocol/client/taint/vulnerability/DidChangeTaintVulnerabilitiesParams
instanceKlass org/sonarsource/sonarlint/core/rpc/protocol/client/plugin/DidChangePluginStatusesParams
instanceKlass org/sonarsource/sonarlint/core/rpc/protocol/client/http/GetProxyPasswordAuthenticationParams
instanceKlass org/sonarsource/sonarlint/core/rpc/protocol/client/event/DidReceiveServerHotspotEvent
instanceKlass org/sonarsource/sonarlint/core/rpc/protocol/client/smartnotification/ShowSmartNotificationParams
instanceKlass org/sonarsource/sonarlint/core/rpc/protocol/client/connection/AssistCreatingConnectionParams
instanceKlass org/sonarsource/sonarlint/core/rpc/protocol/client/plugin/DidSkipLoadingPluginParams
instanceKlass org/sonarsource/sonarlint/core/rpc/protocol/client/analysis/GetInferredAnalysisPropertiesParams
instanceKlass org/sonarsource/sonarlint/core/rpc/protocol/client/binding/NoBindingSuggestionFoundParams
instanceKlass org/sonarsource/sonarlint/core/rpc/protocol/client/analysis/DidChangeAnalysisReadinessParams
instanceKlass org/sonarsource/sonarlint/core/rpc/protocol/client/sca/DidChangeDependencyRisksParams
instanceKlass org/sonarsource/sonarlint/core/rpc/protocol/client/embeddedserver/EmbeddedServerStartedParams
instanceKlass org/sonarsource/sonarlint/core/rpc/protocol/client/branch/DidChangeMatchedSonarProjectBranchParams
instanceKlass org/sonarsource/sonarlint/core/rpc/protocol/client/branch/MatchSonarProjectBranchParams
instanceKlass org/sonarsource/sonarlint/core/rpc/protocol/client/sync/DidSynchronizeConfigurationScopeParams
instanceKlass org/sonarsource/sonarlint/core/rpc/protocol/client/message/ShowSoonUnsupportedMessageParams
instanceKlass org/sonarsource/sonarlint/core/rpc/protocol/client/analysis/GetFileExclusionsParams
instanceKlass org/sonarsource/sonarlint/core/rpc/protocol/client/issue/RaiseIssuesParams
instanceKlass org/sonarsource/sonarlint/core/rpc/protocol/client/hotspot/RaiseHotspotsParams
instanceKlass org/sonarsource/sonarlint/core/rpc/protocol/client/fs/GetBaseDirParams
instanceKlass org/sonarsource/sonarlint/core/rpc/protocol/client/sync/InvalidTokenParams
instanceKlass org/sonarsource/sonarlint/core/rpc/protocol/client/analysis/DidDetectSecretParams
instanceKlass org/sonarsource/sonarlint/core/rpc/protocol/client/http/CheckServerTrustedParams
instanceKlass org/sonarsource/sonarlint/core/rpc/protocol/client/fix/ShowFixSuggestionParams
instanceKlass org/sonarsource/sonarlint/core/rpc/protocol/client/hotspot/ShowHotspotParams
instanceKlass org/sonarsource/sonarlint/core/rpc/protocol/client/connection/GetCredentialsParams
instanceKlass org/sonarsource/sonarlint/core/rpc/protocol/client/branch/MatchProjectBranchParams
instanceKlass org/sonarsource/sonarlint/core/rpc/protocol/client/progress/ReportProgressParams
instanceKlass org/sonarsource/sonarlint/core/rpc/protocol/client/progress/StartProgressParams
instanceKlass org/sonarsource/sonarlint/core/rpc/protocol/client/http/SelectProxiesParams
instanceKlass org/sonarsource/sonarlint/core/rpc/protocol/client/issue/ShowIssueParams
instanceKlass org/sonarsource/sonarlint/core/rpc/protocol/client/binding/AssistBindingParams
instanceKlass org/sonarsource/sonarlint/core/rpc/protocol/client/message/ShowMessageRequestParams
instanceKlass org/sonarsource/sonarlint/core/rpc/protocol/client/message/ShowMessageParams
instanceKlass org/sonarsource/sonarlint/core/rpc/protocol/client/OpenUrlInBrowserParams
instanceKlass org/sonarsource/sonarlint/core/rpc/protocol/client/connection/SuggestConnectionParams
instanceKlass org/sonarsource/sonarlint/core/rpc/protocol/client/binding/SuggestBindingParams
instanceKlass org/sonarsource/sonarlint/core/rpc/protocol/client/fs/ListFilesParams
instanceKlass org/sonarsource/sonarlint/core/rpc/protocol/client/log/LogParams
instanceKlass org/eclipse/lsp4j/jsonrpc/services/JsonSegment
instanceKlass org/eclipse/lsp4j/jsonrpc/services/AnnotationUtil
instanceKlass org/eclipse/lsp4j/jsonrpc/services/AnnotationUtil$MethodInfo
instanceKlass jdk/internal/reflect/ClassDefiner$1
instanceKlass jdk/internal/reflect/ClassDefiner
instanceKlass jdk/internal/reflect/MethodAccessorGenerator$1
instanceKlass jdk/internal/reflect/Label$PatchInfo
instanceKlass jdk/internal/reflect/Label
instanceKlass jdk/internal/reflect/UTF8
instanceKlass jdk/internal/reflect/ClassFileAssembler
instanceKlass jdk/internal/reflect/ByteVectorImpl
instanceKlass jdk/internal/reflect/ByteVector
instanceKlass jdk/internal/reflect/ByteVectorFactory
instanceKlass jdk/internal/reflect/AccessorGenerator
instanceKlass jdk/internal/reflect/ClassFileConstants
instanceKlass org/eclipse/lsp4j/jsonrpc/services/ServiceEndpoints
instanceKlass java/lang/invoke/MethodHandle$1
instanceKlass org/eclipse/lsp4j/jsonrpc/messages/ResponseError
instanceKlass org/sonarsource/sonarlint/core/rpc/protocol/SonarLintRpcClient
instanceKlass org/eclipse/lsp4j/jsonrpc/json/MessageJsonHandler
instanceKlass org/eclipse/lsp4j/jsonrpc/json/MethodProvider
instanceKlass org/eclipse/lsp4j/jsonrpc/Endpoint
instanceKlass org/eclipse/lsp4j/jsonrpc/Launcher
instanceKlass org/eclipse/lsp4j/jsonrpc/MessageProducer
instanceKlass org/eclipse/lsp4j/jsonrpc/MessageIssueHandler
instanceKlass org/eclipse/lsp4j/jsonrpc/Launcher$Builder
instanceKlass java/util/concurrent/ConcurrentLinkedDeque$Node
instanceKlass org/sonarsource/sonarlint/core/commons/log/SonarLintLogger
instanceKlass org/sonarsource/sonarlint/core/commons/progress/ExecutorServiceShutdownWatchable
instanceKlass java/util/concurrent/Executors$DelegatedExecutorService
instanceKlass java/util/concurrent/SynchronousQueue$TransferStack$SNode
instanceKlass java/util/concurrent/ForkJoinPool$ManagedBlocker
instanceKlass java/util/concurrent/SynchronousQueue$Transferer
instanceKlass java/util/concurrent/ThreadPoolExecutor$AbortPolicy
instanceKlass java/util/concurrent/RejectedExecutionHandler
instanceKlass java/util/concurrent/Executors
instanceKlass java/util/concurrent/atomic/AtomicBoolean
instanceKlass org/slf4j/helpers/Reporter
instanceKlass java/util/concurrent/atomic/AtomicReference
instanceKlass ch/qos/logback/core/util/CachingDateFormatter$CacheTuple
instanceKlass java/time/zone/Ser
instanceKlass java/io/Externalizable
instanceKlass java/time/zone/ZoneRulesProvider$1
instanceKlass java/time/zone/ZoneRulesProvider
instanceKlass sun/util/calendar/ZoneInfoFile$ZoneOffsetTransitionRule
instanceKlass sun/util/calendar/ZoneInfoFile$1
instanceKlass sun/util/calendar/ZoneInfoFile
instanceKlass ch/qos/logback/core/util/CachingDateFormatter
instanceKlass ch/qos/logback/core/util/StatusPrinter2
instanceKlass ch/qos/logback/core/util/StatusPrinter
instanceKlass ch/qos/logback/core/status/StatusUtil
instanceKlass ch/qos/logback/classic/util/LoggerNameUtil
instanceKlass ch/qos/logback/core/model/processor/DefaultProcessor$TraverseMethod
instanceKlass ch/qos/logback/core/joran/JoranConstants
instanceKlass java/util/stream/MatchOps$BooleanTerminalSink
instanceKlass java/util/stream/MatchOps$MatchOp
instanceKlass java/util/stream/MatchOps
instanceKlass java/util/Spliterators$ArraySpliterator
instanceKlass ch/qos/logback/core/subst/NodeToStringTransformer$1
instanceKlass ch/qos/logback/core/subst/Node
instanceKlass ch/qos/logback/core/subst/Parser$1
instanceKlass ch/qos/logback/core/subst/Parser
instanceKlass ch/qos/logback/core/subst/Token
instanceKlass ch/qos/logback/core/subst/Tokenizer
instanceKlass ch/qos/logback/core/subst/NodeToStringTransformer
instanceKlass ch/qos/logback/core/util/Duration
instanceKlass ch/qos/logback/core/model/processor/ChainedModelFilter$1
instanceKlass ch/qos/logback/core/model/processor/AllowAllModelFilter
instanceKlass ch/qos/logback/core/model/processor/DenyAllModelFilter
instanceKlass ch/qos/logback/core/sift/AppenderFactory
instanceKlass ch/qos/logback/core/joran/action/ImplicitModelData
instanceKlass ch/qos/logback/core/hook/ShutdownHook
instanceKlass ch/qos/logback/core/model/processor/AllowModelFilter
instanceKlass ch/qos/logback/core/model/processor/DefaultProcessor$1
instanceKlass ch/qos/logback/core/model/processor/PhaseIndicator
instanceKlass ch/qos/logback/core/model/ModelHandlerFactoryMethod
instanceKlass ch/qos/logback/core/joran/ModelClassToModelHandlerLinkerBase
instanceKlass ch/qos/logback/core/model/processor/ChainedModelFilter
instanceKlass ch/qos/logback/core/model/processor/ModelFilter
instanceKlass ch/qos/logback/core/net/ssl/SSLComponent
instanceKlass ch/qos/logback/core/net/ssl/SSLNestedComponentRegistryRules
instanceKlass ch/qos/logback/core/boolex/EventEvaluator
instanceKlass ch/qos/logback/core/joran/spi/HostClassAndPropertyDouble
instanceKlass ch/qos/logback/core/net/ssl/SecureRandomFactoryBean
instanceKlass ch/qos/logback/core/net/ssl/TrustManagerFactoryFactoryBean
instanceKlass ch/qos/logback/core/net/ssl/KeyManagerFactoryFactoryBean
instanceKlass ch/qos/logback/core/net/ssl/KeyStoreFactoryBean
instanceKlass ch/qos/logback/core/net/ssl/SSLContextFactoryBean
instanceKlass ch/qos/logback/core/Layout
instanceKlass ch/qos/logback/core/encoder/Encoder
instanceKlass ch/qos/logback/core/joran/util/ParentTag_Tag_Class_Tuple
instanceKlass ch/qos/logback/classic/model/processor/LogbackClassicDefaultNestedComponentRules
instanceKlass ch/qos/logback/core/joran/spi/DefaultNestedComponentRegistry
instanceKlass ch/qos/logback/core/spi/ContextAwarePropertyContainer
instanceKlass java/util/stream/Sink$ChainedReference
instanceKlass java/util/stream/ReduceOps$AccumulatingSink
instanceKlass java/util/stream/TerminalSink
instanceKlass java/util/stream/Sink
instanceKlass java/util/stream/ReduceOps$Box
instanceKlass java/util/stream/ReduceOps$ReduceOp
instanceKlass java/util/stream/TerminalOp
instanceKlass java/util/stream/ReduceOps
instanceKlass java/util/function/BinaryOperator
instanceKlass java/util/function/BiConsumer
instanceKlass java/util/stream/Collectors$CollectorImpl
instanceKlass java/util/stream/Collector
instanceKlass java/util/stream/Collectors
instanceKlass ch/qos/logback/core/joran/sanity/Pair
instanceKlass java/util/function/Predicate
instanceKlass java/util/ArrayList$ArrayListSpliterator
instanceKlass ch/qos/logback/core/joran/spi/EventPlayer
instanceKlass ch/qos/logback/core/joran/spi/SaxEventInterpreter
instanceKlass ch/qos/logback/core/model/INamedModel
instanceKlass ch/qos/logback/core/model/Model
instanceKlass org/xml/sax/helpers/AttributesImpl
instanceKlass org/xml/sax/helpers/LocatorImpl
instanceKlass ch/qos/logback/core/joran/event/SaxEvent
instanceKlass com/sun/org/apache/xerces/internal/impl/Constants$ArrayEnumeration
instanceKlass com/sun/org/apache/xerces/internal/impl/Constants
instanceKlass com/sun/org/apache/xerces/internal/impl/dtd/XMLContentSpec
instanceKlass com/sun/org/apache/xerces/internal/impl/dtd/models/ContentModelValidator
instanceKlass com/sun/org/apache/xerces/internal/impl/dtd/DTDGrammar
instanceKlass com/sun/org/apache/xerces/internal/xni/grammars/Grammar
instanceKlass com/sun/org/apache/xerces/internal/impl/validation/EntityState
instanceKlass com/sun/org/apache/xerces/internal/parsers/AbstractSAXParser$LocatorProxy
instanceKlass org/xml/sax/ext/Locator2
instanceKlass org/xml/sax/Locator
instanceKlass com/sun/org/apache/xerces/internal/util/XMLSymbols
instanceKlass com/sun/org/apache/xerces/internal/util/XMLChar
instanceKlass com/sun/xml/internal/stream/Entity
instanceKlass com/sun/xml/internal/stream/util/BufferAllocator
instanceKlass com/sun/xml/internal/stream/util/ThreadLocalBufferAllocator
instanceKlass com/sun/org/apache/xerces/internal/impl/XMLEntityManager$EncodingInfo
instanceKlass com/sun/org/apache/xerces/internal/util/URI
instanceKlass com/sun/org/apache/xerces/internal/utils/XMLLimitAnalyzer
instanceKlass com/sun/org/apache/xerces/internal/xni/parser/XMLInputSource
instanceKlass com/sun/org/apache/xerces/internal/util/ErrorHandlerWrapper
instanceKlass com/sun/org/apache/xerces/internal/xni/parser/XMLErrorHandler
instanceKlass com/sun/org/apache/xerces/internal/impl/ExternalSubsetResolver
instanceKlass com/sun/org/apache/xerces/internal/util/EntityResolverWrapper
instanceKlass org/xml/sax/ext/EntityResolver2
instanceKlass com/sun/org/apache/xerces/internal/parsers/AbstractSAXParser$AttributesProxy
instanceKlass org/xml/sax/ext/Attributes2
instanceKlass org/xml/sax/Attributes
instanceKlass org/xml/sax/AttributeList
instanceKlass com/sun/org/apache/xerces/internal/util/FeatureState
instanceKlass com/sun/org/apache/xerces/internal/util/PropertyState
instanceKlass com/sun/org/apache/xerces/internal/impl/msg/XMLMessageFormatter
instanceKlass com/sun/org/apache/xerces/internal/util/MessageFormatter
instanceKlass com/sun/org/apache/xerces/internal/impl/XMLVersionDetector
instanceKlass com/sun/org/apache/xerces/internal/impl/validation/ValidationManager
instanceKlass com/sun/org/apache/xerces/internal/impl/dv/dtd/NMTOKENDatatypeValidator
instanceKlass com/sun/org/apache/xerces/internal/impl/dv/dtd/NOTATIONDatatypeValidator
instanceKlass com/sun/org/apache/xerces/internal/impl/dv/dtd/ENTITYDatatypeValidator
instanceKlass com/sun/org/apache/xerces/internal/impl/dv/dtd/ListDatatypeValidator
instanceKlass com/sun/org/apache/xerces/internal/impl/dv/dtd/IDREFDatatypeValidator
instanceKlass com/sun/org/apache/xerces/internal/impl/dv/dtd/IDDatatypeValidator
instanceKlass com/sun/org/apache/xerces/internal/impl/dv/dtd/StringDatatypeValidator
instanceKlass com/sun/org/apache/xerces/internal/impl/dv/DatatypeValidator
instanceKlass com/sun/org/apache/xerces/internal/impl/dv/DTDDVFactory
instanceKlass com/sun/org/apache/xerces/internal/impl/dtd/DTDGrammarBucket
instanceKlass com/sun/org/apache/xerces/internal/impl/dtd/XMLAttributeDecl
instanceKlass com/sun/org/apache/xerces/internal/impl/dtd/XMLSimpleType
instanceKlass com/sun/org/apache/xerces/internal/impl/dtd/XMLElementDecl
instanceKlass com/sun/org/apache/xerces/internal/impl/validation/ValidationState
instanceKlass com/sun/org/apache/xerces/internal/impl/dv/ValidationContext
instanceKlass com/sun/org/apache/xerces/internal/impl/dtd/XMLDTDValidator
instanceKlass com/sun/org/apache/xerces/internal/impl/RevalidationHandler
instanceKlass com/sun/org/apache/xerces/internal/impl/dtd/XMLDTDValidatorFilter
instanceKlass com/sun/org/apache/xerces/internal/xni/parser/XMLDocumentFilter
instanceKlass com/sun/org/apache/xerces/internal/impl/dtd/XMLEntityDecl
instanceKlass com/sun/org/apache/xerces/internal/impl/dtd/XMLDTDProcessor
instanceKlass com/sun/org/apache/xerces/internal/xni/parser/XMLDTDContentModelFilter
instanceKlass com/sun/org/apache/xerces/internal/xni/parser/XMLDTDFilter
instanceKlass com/sun/org/apache/xerces/internal/xni/parser/XMLDTDScanner
instanceKlass com/sun/org/apache/xerces/internal/xni/parser/XMLDTDContentModelSource
instanceKlass com/sun/org/apache/xerces/internal/xni/parser/XMLDTDSource
instanceKlass com/sun/org/apache/xerces/internal/xni/grammars/XMLDTDDescription
instanceKlass com/sun/org/apache/xerces/internal/xni/grammars/XMLGrammarDescription
instanceKlass com/sun/org/apache/xerces/internal/impl/XMLDocumentScannerImpl$TrailingMiscDriver
instanceKlass com/sun/org/apache/xerces/internal/impl/XMLDocumentScannerImpl$PrologDriver
instanceKlass com/sun/org/apache/xerces/internal/impl/XMLDocumentScannerImpl$XMLDeclDriver
instanceKlass com/sun/org/apache/xerces/internal/util/NamespaceSupport
instanceKlass com/sun/org/apache/xerces/internal/xni/NamespaceContext
instanceKlass com/sun/org/apache/xerces/internal/util/XMLAttributesImpl$Attribute
instanceKlass com/sun/org/apache/xerces/internal/util/XMLAttributesImpl
instanceKlass com/sun/org/apache/xerces/internal/xni/XMLAttributes
instanceKlass com/sun/org/apache/xerces/internal/impl/XMLDocumentFragmentScannerImpl$FragmentContentDriver
instanceKlass com/sun/org/apache/xerces/internal/impl/XMLDocumentFragmentScannerImpl$Driver
instanceKlass com/sun/org/apache/xerces/internal/impl/XMLDocumentFragmentScannerImpl$ElementStack2
instanceKlass com/sun/org/apache/xerces/internal/xni/QName
instanceKlass com/sun/org/apache/xerces/internal/impl/XMLDocumentFragmentScannerImpl$ElementStack
instanceKlass com/sun/org/apache/xerces/internal/xni/XMLString
instanceKlass com/sun/org/apache/xerces/internal/impl/XMLScanner
instanceKlass com/sun/xml/internal/stream/XMLBufferListener
instanceKlass com/sun/org/apache/xerces/internal/impl/XMLEntityHandler
instanceKlass com/sun/org/apache/xerces/internal/xni/parser/XMLDocumentScanner
instanceKlass com/sun/org/apache/xerces/internal/xni/parser/XMLDocumentSource
instanceKlass com/sun/org/apache/xerces/internal/impl/XMLErrorReporter
instanceKlass com/sun/org/apache/xerces/internal/impl/XMLEntityScanner
instanceKlass com/sun/org/apache/xerces/internal/xni/XMLLocator
instanceKlass com/sun/xml/internal/stream/XMLEntityStorage
instanceKlass com/sun/org/apache/xerces/internal/util/AugmentationsImpl$AugmentationsItemsContainer
instanceKlass com/sun/org/apache/xerces/internal/util/AugmentationsImpl
instanceKlass com/sun/org/apache/xerces/internal/xni/Augmentations
instanceKlass com/sun/org/apache/xerces/internal/util/XMLResourceIdentifierImpl
instanceKlass com/sun/org/apache/xerces/internal/xni/XMLResourceIdentifier
instanceKlass com/sun/org/apache/xerces/internal/impl/XMLEntityManager
instanceKlass com/sun/org/apache/xerces/internal/xni/parser/XMLEntityResolver
instanceKlass com/sun/org/apache/xerces/internal/xni/parser/XMLComponent
instanceKlass com/sun/org/apache/xerces/internal/util/SymbolTable$Entry
instanceKlass com/sun/org/apache/xerces/internal/util/SymbolTable
instanceKlass jdk/xml/internal/JdkConstants
instanceKlass jdk/xml/internal/JdkXmlUtils
instanceKlass com/sun/org/apache/xerces/internal/util/ParserConfigurationSettings
instanceKlass com/sun/org/apache/xerces/internal/parsers/XML11Configurable
instanceKlass com/sun/org/apache/xerces/internal/xni/parser/XMLPullParserConfiguration
instanceKlass com/sun/org/apache/xerces/internal/xni/parser/XMLParserConfiguration
instanceKlass com/sun/org/apache/xerces/internal/xni/parser/XMLComponentManager
instanceKlass com/sun/org/apache/xerces/internal/parsers/XMLParser
instanceKlass com/sun/org/apache/xerces/internal/xni/XMLDTDContentModelHandler
instanceKlass com/sun/org/apache/xerces/internal/xni/XMLDTDHandler
instanceKlass com/sun/org/apache/xerces/internal/xni/XMLDocumentHandler
instanceKlass org/xml/sax/XMLReader
instanceKlass org/xml/sax/Parser
instanceKlass com/sun/org/apache/xerces/internal/utils/XMLSecurityPropertyManager
instanceKlass com/sun/org/apache/xerces/internal/utils/XMLSecurityManager
instanceKlass javax/xml/parsers/SAXParser
instanceKlass com/sun/org/apache/xerces/internal/xs/PSVIProvider
instanceKlass com/sun/org/apache/xerces/internal/jaxp/JAXPConstants
instanceKlass javax/xml/parsers/FactoryFinder$1
instanceKlass jdk/xml/internal/SecuritySupport
instanceKlass javax/xml/parsers/FactoryFinder
instanceKlass javax/xml/parsers/SAXParserFactory
instanceKlass ch/qos/logback/core/joran/spi/ElementPath
instanceKlass org/xml/sax/helpers/DefaultHandler
instanceKlass org/xml/sax/ErrorHandler
instanceKlass org/xml/sax/ContentHandler
instanceKlass org/xml/sax/DTDHandler
instanceKlass org/xml/sax/EntityResolver
instanceKlass ch/qos/logback/core/spi/ConfigurationEventListener
instanceKlass ch/qos/logback/core/spi/ConfigurationEvent
instanceKlass org/xml/sax/InputSource
instanceKlass ch/qos/logback/core/joran/util/ConfigurationWatchListUtil
instanceKlass ch/qos/logback/core/joran/sanity/SanityChecker
instanceKlass ch/qos/logback/core/joran/spi/RuleStore
instanceKlass java/lang/invoke/LambdaFormEditor$1
instanceKlass java/lang/invoke/MethodHandles$1
instanceKlass ch/qos/logback/core/spi/ContextAwareBase
instanceKlass java/util/zip/ZipFile$ZipEntryIterator
instanceKlass ch/qos/logback/classic/util/ClassicEnvUtil
instanceKlass ch/qos/logback/core/status/StatusListener
instanceKlass ch/qos/logback/core/util/StatusListenerConfigHelper
instanceKlass ch/qos/logback/core/status/StatusBase
instanceKlass java/util/Formattable
instanceKlass java/util/Formatter$Flags
instanceKlass java/util/Formatter$FormatSpecifier
instanceKlass java/util/Formatter$Conversion
instanceKlass java/util/Formatter$FixedString
instanceKlass java/util/Formatter$FormatString
instanceKlass java/util/Formatter
instanceKlass ch/qos/logback/core/util/VersionUtil
instanceKlass ch/qos/logback/core/util/OptionHelper
instanceKlass ch/qos/logback/core/util/Loader
instanceKlass ch/qos/logback/classic/spi/Configurator
instanceKlass ch/qos/logback/core/spi/ContextAwareImpl
instanceKlass ch/qos/logback/classic/util/ContextInitializer$1
instanceKlass ch/qos/logback/classic/util/ContextInitializer
instanceKlass org/slf4j/MDC
instanceKlass ch/qos/logback/classic/util/LogbackMDCAdapter
instanceKlass ch/qos/logback/classic/Level
instanceKlass ch/qos/logback/classic/spi/ILoggingEvent
instanceKlass ch/qos/logback/core/spi/DeferredProcessingAware
instanceKlass org/slf4j/spi/LoggingEventBuilder
instanceKlass ch/qos/logback/classic/Logger
instanceKlass ch/qos/logback/core/spi/AppenderAttachable
instanceKlass org/slf4j/spi/LoggingEventAware
instanceKlass org/slf4j/spi/LocationAwareLogger
instanceKlass ch/qos/logback/classic/spi/LoggerContextVO
instanceKlass ch/qos/logback/core/spi/LogbackLock
instanceKlass ch/qos/logback/core/helpers/CyclicBuffer
instanceKlass ch/qos/logback/core/BasicStatusManager
instanceKlass ch/qos/logback/core/status/Status
instanceKlass ch/qos/logback/core/status/StatusManager
instanceKlass ch/qos/logback/core/ContextBase
instanceKlass java/util/ServiceLoader$ProviderImpl
instanceKlass java/util/ServiceLoader$Provider
instanceKlass ch/qos/logback/core/Context
instanceKlass ch/qos/logback/core/spi/PropertyContainer
instanceKlass java/util/ServiceLoader$1
instanceKlass ch/qos/logback/classic/spi/LogbackServiceProvider
instanceKlass sun/net/www/MessageHeader
instanceKlass sun/net/www/protocol/jar/JarFileFactory
instanceKlass sun/net/www/protocol/jar/URLJarFile$URLJarFileCloseController
instanceKlass java/net/URLConnection
instanceKlass jdk/internal/loader/URLClassPath$1
instanceKlass java/lang/CompoundEnumeration
instanceKlass jdk/internal/loader/BuiltinClassLoader$1
instanceKlass java/util/Collections$EmptyEnumeration
instanceKlass jdk/internal/loader/BuiltinClassLoader$2
instanceKlass java/util/ServiceLoader$3
instanceKlass java/util/ServiceLoader$2
instanceKlass java/util/ServiceLoader$LazyClassPathLookupIterator
instanceKlass java/util/Spliterators$1Adapter
instanceKlass java/util/EnumMap$1
instanceKlass java/util/stream/StreamOpFlag$MaskBuilder
instanceKlass java/util/stream/PipelineHelper
instanceKlass java/util/stream/StreamSupport
instanceKlass java/util/Spliterator$OfDouble
instanceKlass java/util/Spliterator$OfLong
instanceKlass java/util/Spliterator$OfInt
instanceKlass java/util/Spliterator$OfPrimitive
instanceKlass java/util/Spliterator
instanceKlass java/util/Spliterators$EmptySpliterator
instanceKlass java/util/Spliterators
instanceKlass java/util/ServiceLoader$ModuleServicesLookupIterator
instanceKlass java/util/ServiceLoader
instanceKlass org/slf4j/helpers/Util
instanceKlass org/slf4j/helpers/NOPMDCAdapter
instanceKlass org/slf4j/helpers/NOPLoggerFactory
instanceKlass org/slf4j/helpers/NOP_FallbackServiceProvider
instanceKlass org/slf4j/helpers/ThreadLocalMapOfStacks
instanceKlass org/slf4j/helpers/BasicMDCAdapter
instanceKlass org/slf4j/Marker
instanceKlass org/slf4j/helpers/BasicMarkerFactory
instanceKlass java/util/concurrent/LinkedBlockingQueue$Node
instanceKlass java/util/concurrent/locks/AbstractQueuedSynchronizer$ConditionObject
instanceKlass java/util/concurrent/locks/Condition
instanceKlass java/util/concurrent/BlockingQueue
instanceKlass org/slf4j/Logger
instanceKlass org/slf4j/helpers/SubstituteLoggerFactory
instanceKlass org/slf4j/ILoggerFactory
instanceKlass org/slf4j/spi/MDCAdapter
instanceKlass org/slf4j/IMarkerFactory
instanceKlass org/slf4j/helpers/SubstituteServiceProvider
instanceKlass org/slf4j/event/LoggingEvent
instanceKlass org/slf4j/spi/SLF4JServiceProvider
instanceKlass org/slf4j/LoggerFactory
instanceKlass org/eclipse/lsp4j/jsonrpc/MessageConsumer
instanceKlass org/sonarsource/sonarlint/core/rpc/protocol/backend/plugin/PluginRpcService
instanceKlass org/sonarsource/sonarlint/core/rpc/protocol/backend/labs/IdeLabsRpcService
instanceKlass org/sonarsource/sonarlint/core/rpc/protocol/backend/log/LogRpcService
instanceKlass org/sonarsource/sonarlint/core/rpc/protocol/backend/file/FileRpcService
instanceKlass org/sonarsource/sonarlint/core/rpc/protocol/backend/ai/AiAgentRpcService
instanceKlass org/sonarsource/sonarlint/core/rpc/protocol/backend/rules/RulesRpcService
instanceKlass org/sonarsource/sonarlint/core/rpc/protocol/backend/binding/BindingRpcService
instanceKlass org/sonarsource/sonarlint/core/rpc/protocol/backend/newcode/NewCodeRpcService
instanceKlass org/sonarsource/sonarlint/core/rpc/protocol/backend/hotspot/HotspotRpcService
instanceKlass org/sonarsource/sonarlint/core/rpc/protocol/backend/issue/IssueRpcService
instanceKlass org/sonarsource/sonarlint/core/rpc/protocol/backend/analysis/AnalysisRpcService
instanceKlass org/sonarsource/sonarlint/core/rpc/protocol/backend/tracking/TaintVulnerabilityTrackingRpcService
instanceKlass org/sonarsource/sonarlint/core/rpc/protocol/backend/config/ConfigurationRpcService
instanceKlass org/sonarsource/sonarlint/core/rpc/protocol/backend/branch/SonarProjectBranchRpcService
instanceKlass org/sonarsource/sonarlint/core/rpc/protocol/backend/sca/DependencyRiskRpcService
instanceKlass sun/security/util/ManifestEntryVerifier$SunProviderHolder
instanceKlass java/util/Base64$Encoder
instanceKlass java/util/Base64$Decoder
instanceKlass java/util/Base64
instanceKlass javax/crypto/SecretKey
instanceKlass sun/security/util/Length
instanceKlass sun/security/util/KeyUtil
instanceKlass java/security/interfaces/XECKey
instanceKlass java/security/interfaces/ECKey
instanceKlass sun/security/util/JarConstraintsParameters
instanceKlass sun/security/util/ConstraintsParameters
instanceKlass java/security/Timestamp
instanceKlass sun/security/timestamp/TimestampToken
instanceKlass java/security/cert/CertPath
instanceKlass java/math/MutableBigInteger
instanceKlass sun/security/rsa/RSAPadding
instanceKlass sun/security/rsa/RSACore
instanceKlass java/security/interfaces/RSAPrivateCrtKey
instanceKlass sun/security/pkcs/PKCS8Key
instanceKlass java/security/interfaces/RSAPrivateKey
instanceKlass java/security/PrivateKey
instanceKlass javax/security/auth/Destroyable
instanceKlass sun/security/jca/ServiceId
instanceKlass java/security/Signature$1
instanceKlass jdk/internal/access/JavaSecuritySignatureAccess
instanceKlass java/security/SignatureSpi
instanceKlass jdk/internal/icu/util/CodePointTrie$Data
instanceKlass jdk/internal/icu/util/CodePointTrie$1
instanceKlass jdk/internal/icu/util/CodePointMap
instanceKlass jdk/internal/icu/util/VersionInfo
instanceKlass jdk/internal/module/Resources
instanceKlass jdk/internal/icu/impl/ICUBinary$1
instanceKlass jdk/internal/icu/impl/ICUBinary
instanceKlass jdk/internal/icu/impl/NormalizerImpl$IsAcceptable
instanceKlass jdk/internal/icu/impl/ICUBinary$Authenticate
instanceKlass jdk/internal/icu/impl/NormalizerImpl
instanceKlass jdk/internal/icu/impl/Norm2AllModes$Norm2AllModesSingleton
instanceKlass jdk/internal/icu/impl/Norm2AllModes$NFKCSingleton
instanceKlass jdk/internal/icu/impl/Norm2AllModes
instanceKlass jdk/internal/icu/text/Normalizer2
instanceKlass jdk/internal/icu/text/NormalizerBase$ModeImpl
instanceKlass jdk/internal/icu/text/NormalizerBase$NFKDModeImpl
instanceKlass jdk/internal/icu/text/NormalizerBase$1
instanceKlass jdk/internal/icu/text/NormalizerBase$Mode
instanceKlass jdk/internal/icu/text/NormalizerBase
instanceKlass java/text/Normalizer
instanceKlass sun/security/x509/AVAKeyword
instanceKlass sun/security/util/SignatureUtil
instanceKlass java/lang/constant/DynamicConstantDesc
instanceKlass java/lang/constant/DirectMethodHandleDesc$1
instanceKlass java/lang/constant/DirectMethodHandleDescImpl$1
instanceKlass java/lang/constant/DirectMethodHandleDescImpl
instanceKlass java/lang/constant/DirectMethodHandleDesc
instanceKlass java/lang/constant/MethodHandleDesc$1
instanceKlass java/lang/constant/MethodHandleDesc
instanceKlass java/lang/constant/MethodTypeDescImpl
instanceKlass java/lang/constant/MethodTypeDesc
instanceKlass java/lang/constant/ReferenceClassDescImpl
instanceKlass java/lang/constant/ConstantUtils
instanceKlass java/lang/constant/ClassDesc
instanceKlass java/lang/constant/ConstantDescs
instanceKlass java/lang/invoke/VarHandle$2
instanceKlass java/lang/invoke/VarHandle$TypesAndInvokers
instanceKlass java/lang/invoke/VarHandle$AccessDescriptor
instanceKlass java/lang/invoke/VarHandleByteArrayBase
instanceKlass sun/security/provider/ByteArrayAccess$BE
instanceKlass sun/security/provider/ByteArrayAccess
instanceKlass sun/security/util/MessageDigestSpi2
instanceKlass java/security/MessageDigestSpi
instanceKlass java/lang/Byte$ByteCache
instanceKlass sun/security/pkcs/PKCS9Attribute
instanceKlass sun/security/pkcs/PKCS9Attributes
instanceKlass java/time/zone/ZoneOffsetTransition
instanceKlass java/time/zone/ZoneOffsetTransitionRule
instanceKlass sun/security/util/DisabledAlgorithmConstraints$Constraints$Holder
instanceKlass sun/security/util/DisabledAlgorithmConstraints$1
instanceKlass sun/security/util/DisabledAlgorithmConstraints$Constraint
instanceKlass java/security/spec/ECFieldF2m
instanceKlass java/security/spec/ECParameterSpec
instanceKlass java/security/spec/ECPoint
instanceKlass java/security/spec/EllipticCurve
instanceKlass java/security/spec/ECFieldFp
instanceKlass java/security/spec/ECField
instanceKlass sun/security/util/CurveDB
instanceKlass sun/security/util/DisabledAlgorithmConstraints$Constraints
instanceKlass sun/security/util/AbstractAlgorithmConstraints$1
instanceKlass sun/security/util/AlgorithmDecomposer
instanceKlass sun/security/util/DisabledAlgorithmConstraints$JarHolder
instanceKlass sun/security/util/AbstractAlgorithmConstraints
instanceKlass java/security/AlgorithmConstraints
instanceKlass sun/security/pkcs/SignerInfo
instanceKlass java/security/cert/PolicyQualifierInfo
instanceKlass sun/security/x509/RFC822Name
instanceKlass sun/security/x509/CertificatePolicyId
instanceKlass sun/security/x509/PolicyInformation
instanceKlass sun/security/x509/DistributionPoint
instanceKlass sun/security/x509/DNSName
instanceKlass sun/security/x509/URIName
instanceKlass sun/security/x509/GeneralName
instanceKlass sun/security/x509/AccessDescription
instanceKlass sun/security/x509/GeneralNames
instanceKlass java/lang/System$Logger
instanceKlass jdk/internal/event/EventHelper
instanceKlass sun/security/jca/JCAUtil
instanceKlass sun/security/util/MemoryCache$CacheEntry
instanceKlass sun/security/x509/X509AttributeName
instanceKlass sun/security/x509/KeyIdentifier
instanceKlass sun/security/x509/OIDMap$OIDInfo
instanceKlass sun/security/x509/PKIXExtensions
instanceKlass sun/security/x509/OIDMap
instanceKlass sun/security/x509/Extension
instanceKlass java/security/cert/Extension
instanceKlass java/util/Collections$SynchronizedMap
instanceKlass sun/security/x509/CertificateExtensions
instanceKlass sun/security/rsa/RSAUtil
instanceKlass sun/security/util/IOUtils
instanceKlass java/security/interfaces/RSAPublicKey
instanceKlass java/security/interfaces/RSAKey
instanceKlass java/security/spec/PSSParameterSpec
instanceKlass java/security/spec/AlgorithmParameterSpec
instanceKlass java/security/spec/RSAPrivateKeySpec
instanceKlass java/security/spec/RSAPublicKeySpec
instanceKlass java/security/KeyFactorySpi
instanceKlass sun/security/rsa/SunRsaSignEntries
instanceKlass sun/security/jca/ProviderList$ServiceList$1
instanceKlass java/security/KeyFactory
instanceKlass java/security/spec/EncodedKeySpec$1
instanceKlass jdk/internal/access/JavaSecuritySpecAccess
instanceKlass java/security/spec/EncodedKeySpec
instanceKlass java/security/spec/KeySpec
instanceKlass sun/security/util/BitArray
instanceKlass sun/security/x509/X509Key
instanceKlass java/security/PublicKey
instanceKlass java/security/Key
instanceKlass sun/security/x509/CertificateX509Key
instanceKlass sun/util/calendar/CalendarUtils
instanceKlass sun/util/calendar/CalendarDate
instanceKlass sun/security/x509/CertificateValidity
instanceKlass sun/security/x509/AVA
instanceKlass sun/security/x509/RDN
instanceKlass javax/security/auth/x500/X500Principal
instanceKlass sun/security/x509/X500Name$1
instanceKlass sun/security/x509/X500Name
instanceKlass sun/security/x509/GeneralNameInterface
instanceKlass sun/security/x509/CertificateAlgorithmId
instanceKlass sun/security/x509/SerialNumber
instanceKlass sun/security/x509/CertificateSerialNumber
instanceKlass sun/security/x509/CertificateVersion
instanceKlass sun/security/x509/X509CertInfo
instanceKlass sun/security/x509/CertAttrSet
instanceKlass sun/security/util/Cache$EqualByteArray
instanceKlass java/security/cert/X509Extension
instanceKlass sun/security/jca/GetInstance$Instance
instanceKlass sun/security/util/Cache
instanceKlass jdk/internal/event/Event
instanceKlass sun/security/jca/GetInstance
instanceKlass java/security/cert/CertificateFactorySpi
instanceKlass java/security/cert/CertificateFactory
instanceKlass sun/security/x509/AlgorithmId
instanceKlass sun/security/util/ByteArrayTagOrder
instanceKlass sun/security/util/ByteArrayLexOrder
instanceKlass sun/security/util/DerEncoder
instanceKlass sun/security/util/DerValue
instanceKlass sun/security/util/ObjectIdentifier
instanceKlass sun/security/pkcs/ContentInfo
instanceKlass sun/security/util/DerInputStream
instanceKlass sun/security/pkcs/PKCS7
instanceKlass sun/security/util/SecurityProviderConstants
instanceKlass java/security/Provider$UString
instanceKlass java/security/Provider$Service
instanceKlass sun/security/provider/NativePRNG$NonBlocking
instanceKlass sun/security/provider/NativePRNG$Blocking
instanceKlass sun/security/provider/NativePRNG
instanceKlass sun/security/provider/SunEntries$1
instanceKlass sun/security/provider/SunEntries
instanceKlass sun/security/util/SecurityConstants
instanceKlass java/security/Security$2
instanceKlass jdk/internal/access/JavaSecurityPropertiesAccess
instanceKlass java/util/concurrent/ConcurrentHashMap$MapEntry
instanceKlass java/io/FileInputStream$1
instanceKlass java/util/Properties$LineReader
instanceKlass java/security/Security$1
instanceKlass java/security/Security
instanceKlass sun/security/jca/ProviderList$2
instanceKlass jdk/internal/math/FloatingDecimal$ASCIIToBinaryBuffer
instanceKlass jdk/internal/math/FloatingDecimal$PreparedASCIIToBinaryBuffer
instanceKlass jdk/internal/math/FloatingDecimal$ASCIIToBinaryConverter
instanceKlass jdk/internal/math/FloatingDecimal$BinaryToASCIIBuffer
instanceKlass jdk/internal/math/FloatingDecimal$ExceptionalBinaryToASCIIBuffer
instanceKlass jdk/internal/math/FloatingDecimal$BinaryToASCIIConverter
instanceKlass jdk/internal/math/FloatingDecimal
instanceKlass java/security/Provider$EngineDescription
instanceKlass java/security/Provider$ServiceKey
instanceKlass sun/security/jca/ProviderConfig
instanceKlass sun/security/jca/ProviderList
instanceKlass sun/security/jca/Providers
instanceKlass sun/security/util/ManifestDigester$Section
instanceKlass sun/security/util/ManifestDigester$Entry
instanceKlass sun/security/util/ManifestDigester$Position
instanceKlass sun/security/util/ManifestDigester
instanceKlass org/sonarsource/sonarlint/core/commons/log/LogOutput
instanceKlass org/sonarsource/sonarlint/core/rpc/protocol/backend/progress/TaskProgressRpcService
instanceKlass org/sonarsource/sonarlint/core/rpc/protocol/backend/dogfooding/DogfoodingRpcService
instanceKlass org/sonarsource/sonarlint/core/rpc/protocol/backend/remediation/aicodefix/AiCodeFixRpcService
instanceKlass org/sonarsource/sonarlint/core/rpc/protocol/backend/telemetry/TelemetryRpcService
instanceKlass org/sonarsource/sonarlint/core/rpc/protocol/backend/connection/ConnectionRpcService
instanceKlass ch/qos/logback/core/Appender
instanceKlass ch/qos/logback/core/spi/FilterAttachable
instanceKlass ch/qos/logback/core/spi/ContextAware
instanceKlass ch/qos/logback/core/spi/LifeCycle
instanceKlass org/sonarsource/sonarlint/core/rpc/impl/BackendJsonRpcLauncher
instanceKlass java/util/concurrent/ForkJoinTask
instanceKlass java/util/concurrent/CompletableFuture$AsynchronousCompletionTask
instanceKlass java/util/concurrent/ForkJoinPool$WorkQueue
instanceKlass java/util/concurrent/ForkJoinPool$DefaultCommonPoolForkJoinWorkerThreadFactory
instanceKlass java/util/concurrent/ForkJoinPool$1
instanceKlass java/util/concurrent/ForkJoinPool$DefaultForkJoinWorkerThreadFactory
instanceKlass java/util/concurrent/ForkJoinPool$ForkJoinWorkerThreadFactory
instanceKlass java/lang/invoke/VarForm
instanceKlass java/lang/invoke/VarHandleGuards
instanceKlass jdk/internal/util/Preconditions$1
instanceKlass java/lang/invoke/VarHandle$1
instanceKlass java/lang/invoke/VarHandles
instanceKlass java/util/concurrent/AbstractExecutorService
instanceKlass java/util/concurrent/ExecutorService
instanceKlass java/util/concurrent/Executor
instanceKlass java/util/concurrent/CompletableFuture$AltResult
instanceKlass java/util/concurrent/CompletableFuture
instanceKlass java/util/concurrent/CompletionStage
instanceKlass java/util/concurrent/Future
instanceKlass picocli/CommandLine$ParseResult$GroupValidationResult
instanceKlass jdk/internal/reflect/UnsafeFieldAccessorFactory
instanceKlass picocli/CommandLine$ParseResult$GroupMatch
instanceKlass picocli/CommandLine$ParseResult$GroupMatchContainer
instanceKlass picocli/CommandLine$ParseResult$Builder
instanceKlass picocli/CommandLine$ParseResult
instanceKlass java/util/Collections$UnmodifiableMap$UnmodifiableEntrySet$1
instanceKlass java/util/Collections$ReverseComparator2
instanceKlass java/util/Collections$ReverseComparator
instanceKlass picocli/CommandLine$Help$ShortestFirst
instanceKlass picocli/CommandLine$PositionalParametersSorter
instanceKlass java/util/Collections$UnmodifiableCollection$1
instanceKlass java/util/ResourceBundle
instanceKlass picocli/CommandLine$Model$Messages
instanceKlass java/lang/ProcessEnvironment$CheckedEntry
instanceKlass java/lang/ProcessEnvironment$CheckedEntrySet$1
instanceKlass java/lang/ProcessEnvironment$EntryComparator
instanceKlass java/lang/ProcessEnvironment$NameComparator
instanceKlass picocli/CommandLine$Model$ObjectBinding
instanceKlass picocli/CommandLine$Model$ArgSpec$Builder
instanceKlass picocli/CommandLine$Model$FieldBinding
instanceKlass picocli/CommandLine$Model$ObjectScope
instanceKlass java/lang/reflect/ParameterizedType
instanceKlass picocli/CommandLine$Model$RuntimeTypeInfo
instanceKlass picocli/CommandLine$Model$ITypeInfo
instanceKlass picocli/CommandLine$Range
instanceKlass picocli/CommandLine$NullParameterConsumer
instanceKlass picocli/CommandLine$IParameterConsumer
instanceKlass picocli/CommandLine$NoCompletionCandidates
instanceKlass picocli/CommandLine$AutoHelpMixin
instanceKlass org/sonarsource/sonarlint/core/rpc/impl/SonarLintRpcServerImpl
instanceKlass org/sonarsource/sonarlint/core/rpc/protocol/SonarLintRpcServer
instanceKlass picocli/CommandLine$Model
instanceKlass java/util/Collections$EmptyIterator
instanceKlass picocli/CommandLine$NoOpModelTransformer
instanceKlass picocli/CommandLine$IModelTransformer
instanceKlass picocli/CommandLine$NoVersionProvider
instanceKlass picocli/CommandLine$IVersionProvider
instanceKlass picocli/CommandLine$NoDefaultProvider
instanceKlass picocli/CommandLine$IDefaultValueProvider
instanceKlass picocli/CommandLine$ParentCommand
instanceKlass picocli/CommandLine$Spec
instanceKlass picocli/CommandLine$Mixin
instanceKlass picocli/CommandLine$Unmatched
instanceKlass picocli/CommandLine$ArgGroup
instanceKlass picocli/CommandLine$Parameters
instanceKlass picocli/CommandLine$Option
instanceKlass picocli/CommandLine$Model$MethodBinding
instanceKlass picocli/CommandLine$Model$IScoped
instanceKlass picocli/CommandLine$Model$TypedMember
instanceKlass picocli/CommandLine$Model$IExtensible
instanceKlass picocli/CommandLine$3
instanceKlass jdk/internal/vm/annotation/IntrinsicCandidate
instanceKlass java/lang/annotation/Target
instanceKlass java/lang/reflect/Proxy$ProxyBuilder$1
instanceKlass jdk/internal/org/objectweb/asm/Edge
instanceKlass java/lang/reflect/ProxyGenerator$PrimitiveTypeInfo
instanceKlass java/util/StringJoiner
instanceKlass java/lang/reflect/ProxyGenerator$ProxyMethod
instanceKlass java/lang/WeakPairMap$Pair$Lookup
instanceKlass java/lang/WeakPairMap$Pair
instanceKlass java/lang/WeakPairMap
instanceKlass java/lang/Module$ReflectionData
instanceKlass java/util/function/Consumer
instanceKlass jdk/internal/module/Checks
instanceKlass java/lang/module/ModuleDescriptor$Builder
instanceKlass java/lang/PublicMethods
instanceKlass java/lang/reflect/Proxy$ProxyBuilder
instanceKlass java/util/function/BiFunction
instanceKlass java/lang/ClassValue$Version
instanceKlass java/lang/ClassValue$Identity
instanceKlass java/lang/ClassValue
instanceKlass java/lang/reflect/Proxy
instanceKlass sun/reflect/annotation/AnnotationInvocationHandler
instanceKlass sun/reflect/annotation/AnnotationParser$1
instanceKlass java/lang/Class$3
instanceKlass java/lang/annotation/Documented
instanceKlass java/lang/annotation/Inherited
instanceKlass java/lang/annotation/Retention
instanceKlass sun/reflect/annotation/ExceptionProxy
instanceKlass sun/reflect/annotation/AnnotationType$1
instanceKlass sun/reflect/annotation/AnnotationType
instanceKlass java/lang/reflect/GenericArrayType
instanceKlass java/lang/Deprecated
instanceKlass sun/reflect/generics/visitor/Reifier
instanceKlass sun/reflect/generics/visitor/TypeTreeVisitor
instanceKlass sun/reflect/generics/factory/CoreReflectionFactory
instanceKlass sun/reflect/generics/factory/GenericsFactory
instanceKlass sun/reflect/generics/scope/AbstractScope
instanceKlass sun/reflect/generics/scope/Scope
instanceKlass sun/reflect/generics/tree/ClassTypeSignature
instanceKlass sun/reflect/generics/tree/SimpleClassTypeSignature
instanceKlass sun/reflect/generics/tree/FieldTypeSignature
instanceKlass sun/reflect/generics/tree/BaseType
instanceKlass sun/reflect/generics/tree/TypeSignature
instanceKlass sun/reflect/generics/tree/ReturnType
instanceKlass sun/reflect/generics/tree/TypeArgument
instanceKlass sun/reflect/generics/tree/TypeTree
instanceKlass sun/reflect/generics/tree/Tree
instanceKlass sun/reflect/generics/parser/SignatureParser
instanceKlass java/lang/Class$AnnotationData
instanceKlass sun/reflect/annotation/AnnotationParser
instanceKlass java/util/Vector$Itr
instanceKlass picocli/CommandLine$NoOpParameterPreprocessor
instanceKlass java/util/regex/CharPredicates
instanceKlass picocli/CommandLine$RegexTransformer$Builder
instanceKlass picocli/CommandLine$Model$UsageMessageSpec$19
instanceKlass picocli/CommandLine$Model$UsageMessageSpec$18
instanceKlass picocli/CommandLine$Model$UsageMessageSpec$17
instanceKlass picocli/CommandLine$Model$UsageMessageSpec$16
instanceKlass picocli/CommandLine$Model$UsageMessageSpec$15
instanceKlass picocli/CommandLine$Model$UsageMessageSpec$14
instanceKlass picocli/CommandLine$Model$UsageMessageSpec$13
instanceKlass picocli/CommandLine$Model$UsageMessageSpec$12
instanceKlass picocli/CommandLine$Model$UsageMessageSpec$11
instanceKlass picocli/CommandLine$Model$UsageMessageSpec$10
instanceKlass picocli/CommandLine$Model$UsageMessageSpec$9
instanceKlass picocli/CommandLine$Model$UsageMessageSpec$8
instanceKlass picocli/CommandLine$Model$UsageMessageSpec$7
instanceKlass picocli/CommandLine$Model$UsageMessageSpec$6
instanceKlass picocli/CommandLine$Model$UsageMessageSpec$5
instanceKlass picocli/CommandLine$Model$UsageMessageSpec$4
instanceKlass picocli/CommandLine$Model$UsageMessageSpec$3
instanceKlass picocli/CommandLine$Model$UsageMessageSpec$2
instanceKlass picocli/CommandLine$IHelpSectionRenderer
instanceKlass picocli/CommandLine$IHelpFactory
instanceKlass picocli/CommandLine$Model$UsageMessageSpec
instanceKlass picocli/CommandLine$Model$Interpolator$4
instanceKlass picocli/CommandLine$Model$Interpolator$3
instanceKlass picocli/CommandLine$Model$Interpolator$2
instanceKlass picocli/CommandLine$Model$Interpolator$1
instanceKlass picocli/CommandLine$Model$Interpolator$ILookup
instanceKlass picocli/CommandLine$Model$Interpolator
instanceKlass picocli/CommandLine$Model$ParserSpec
instanceKlass java/lang/reflect/InvocationHandler
instanceKlass picocli/CommandLine$Model$CommandUserObject
instanceKlass picocli/CommandLine$Model$IAnnotatedElement
instanceKlass picocli/CommandLine$Model$Predicate
instanceKlass picocli/CommandLine$Command
instanceKlass picocli/CommandLine$Model$IScope
instanceKlass picocli/CommandLine$Model$ISetter
instanceKlass picocli/CommandLine$Model$IGetter
instanceKlass picocli/CommandLine$Model$CommandReflection
instanceKlass picocli/CommandLine$IParameterPreprocessor
instanceKlass picocli/CommandLine$Model$CommandSpec
instanceKlass java/time/zone/ZoneRules
instanceKlass java/time/YearMonth
instanceKlass java/time/Year
instanceKlass jdk/internal/org/objectweb/asm/ClassReader
instanceKlass java/util/regex/ASCII
instanceKlass java/util/regex/Pattern$BitClass
instanceKlass java/util/regex/Pattern$BmpCharPredicate
instanceKlass java/util/regex/Pattern$CharPredicate
instanceKlass java/io/ObjectOutput
instanceKlass java/time/format/DateTimeFormatterBuilder$TextPrinterParser
instanceKlass java/util/TimSort
instanceKlass java/util/Arrays$LegacyMergeSort
instanceKlass java/time/format/DateTimeTextProvider$1
instanceKlass java/time/format/DateTimeTextProvider
instanceKlass java/util/LinkedHashMap$LinkedHashIterator
instanceKlass java/util/Collections$1
instanceKlass java/util/AbstractMap$SimpleImmutableEntry
instanceKlass java/time/format/DateTimeTextProvider$LocaleStore
instanceKlass java/lang/Long$LongCache
instanceKlass java/time/format/DateTimeFormatterBuilder$InstantPrinterParser
instanceKlass java/time/format/DateTimeFormatterBuilder$ZoneIdPrinterParser
instanceKlass java/time/format/DateTimeFormatterBuilder$OffsetIdPrinterParser
instanceKlass java/time/format/DecimalStyle
instanceKlass java/time/format/DateTimeFormatterBuilder$CompositePrinterParser
instanceKlass java/time/format/DateTimeFormatterBuilder$CharLiteralPrinterParser
instanceKlass java/time/format/DateTimeFormatterBuilder$NumberPrinterParser
instanceKlass java/time/format/DateTimeFormatterBuilder$StringLiteralPrinterParser
instanceKlass java/time/format/DateTimeFormatterBuilder$DateTimePrinterParser
instanceKlass java/time/temporal/JulianFields
instanceKlass java/time/temporal/IsoFields
instanceKlass java/lang/Character$CharacterCache
instanceKlass java/lang/invoke/MethodHandles$Lookup$ClassDefiner
instanceKlass java/lang/invoke/MethodHandles$Lookup$ClassFile
instanceKlass jdk/internal/org/objectweb/asm/Handler
instanceKlass jdk/internal/org/objectweb/asm/Attribute
instanceKlass jdk/internal/org/objectweb/asm/FieldVisitor
instanceKlass java/lang/invoke/InvokerBytecodeGenerator$ClassData
instanceKlass jdk/internal/org/objectweb/asm/AnnotationVisitor
instanceKlass jdk/internal/org/objectweb/asm/Frame
instanceKlass jdk/internal/org/objectweb/asm/Label
instanceKlass jdk/internal/org/objectweb/asm/MethodVisitor
instanceKlass java/lang/invoke/LambdaFormBuffer
instanceKlass java/lang/invoke/LambdaFormEditor$TransformKey
instanceKlass java/lang/invoke/LambdaFormEditor
instanceKlass sun/invoke/util/Wrapper$1
instanceKlass java/lang/invoke/DelegatingMethodHandle$Holder
instanceKlass java/lang/invoke/DirectMethodHandle$2
instanceKlass sun/invoke/empty/Empty
instanceKlass sun/invoke/util/VerifyType
instanceKlass java/lang/invoke/ClassSpecializer$Factory
instanceKlass java/lang/invoke/ClassSpecializer$SpeciesData
instanceKlass java/lang/invoke/ClassSpecializer$1
instanceKlass java/lang/invoke/ClassSpecializer
instanceKlass java/lang/invoke/InnerClassLambdaMetafactory$1
instanceKlass java/lang/invoke/LambdaProxyClassArchive
instanceKlass jdk/internal/org/objectweb/asm/ByteVector
instanceKlass jdk/internal/org/objectweb/asm/Symbol
instanceKlass jdk/internal/org/objectweb/asm/SymbolTable
instanceKlass jdk/internal/org/objectweb/asm/ClassVisitor
instanceKlass java/lang/invoke/InfoFromMemberName
instanceKlass java/lang/invoke/MethodHandleInfo
instanceKlass jdk/internal/org/objectweb/asm/ConstantDynamic
instanceKlass sun/invoke/util/BytecodeDescriptor
instanceKlass jdk/internal/org/objectweb/asm/Handle
instanceKlass sun/security/action/GetBooleanAction
instanceKlass jdk/internal/org/objectweb/asm/Type
instanceKlass java/lang/invoke/AbstractValidatingLambdaMetafactory
instanceKlass java/lang/invoke/MethodHandleImpl$1
instanceKlass jdk/internal/access/JavaLangInvokeAccess
instanceKlass java/lang/invoke/Invokers$Holder
instanceKlass java/lang/invoke/BootstrapMethodInvoker
instanceKlass java/lang/invoke/InvokerBytecodeGenerator$2
instanceKlass java/lang/invoke/InvokerBytecodeGenerator
instanceKlass java/lang/invoke/LambdaForm$Holder
instanceKlass java/lang/invoke/LambdaForm$Name
instanceKlass java/lang/invoke/Invokers
instanceKlass java/lang/invoke/MethodHandleImpl
instanceKlass sun/invoke/util/ValueConversions
instanceKlass java/lang/invoke/DirectMethodHandle$Holder
instanceKlass java/lang/invoke/LambdaForm$NamedFunction
instanceKlass sun/invoke/util/Wrapper$Format
instanceKlass java/lang/invoke/MethodTypeForm
instanceKlass java/lang/invoke/MethodType$ConcurrentWeakInternSet
instanceKlass java/lang/invoke/LambdaMetafactory
instanceKlass java/time/format/DateTimeFormatterBuilder
instanceKlass java/time/MonthDay
instanceKlass java/time/OffsetTime
instanceKlass java/time/LocalTime
instanceKlass java/time/chrono/Era
instanceKlass java/time/chrono/AbstractChronology
instanceKlass java/time/chrono/Chronology
instanceKlass java/time/Period
instanceKlass java/time/chrono/ChronoPeriod
instanceKlass java/time/format/DateTimeFormatter
instanceKlass java/time/LocalDate
instanceKlass java/time/chrono/ChronoLocalDate
instanceKlass java/time/ZonedDateTime
instanceKlass java/time/chrono/ChronoZonedDateTime
instanceKlass java/time/OffsetDateTime
instanceKlass java/time/ZoneId
instanceKlass java/time/Clock
instanceKlass java/time/InstantSource
instanceKlass java/time/temporal/ValueRange
instanceKlass java/time/temporal/TemporalQuery
instanceKlass java/time/temporal/TemporalField
instanceKlass java/io/ObjectStreamConstants
instanceKlass java/io/ObjectInput
instanceKlass java/time/temporal/TemporalUnit
instanceKlass java/time/Duration
instanceKlass java/time/temporal/TemporalAmount
instanceKlass java/time/Instant
instanceKlass java/time/LocalDateTime
instanceKlass java/time/chrono/ChronoLocalDateTime
instanceKlass java/time/temporal/TemporalAdjuster
instanceKlass java/time/temporal/Temporal
instanceKlass java/time/temporal/TemporalAccessor
instanceKlass picocli/CommandLine$BuiltIn$ReflectionConverter
instanceKlass java/sql/DriverAction
instanceKlass java/util/stream/Stream
instanceKlass java/util/stream/BaseStream
instanceKlass java/sql/Driver
instanceKlass java/sql/DriverManager
instanceKlass java/sql/Connection
instanceKlass java/sql/Wrapper
instanceKlass picocli/CommandLine$BuiltIn$ISO8601TimeConverter
instanceKlass sun/util/calendar/CalendarSystem$GregorianHolder
instanceKlass sun/util/calendar/CalendarSystem
instanceKlass jdk/internal/jimage/ImageLocation
instanceKlass jdk/internal/jimage/decompressor/Decompressor
instanceKlass jdk/internal/jimage/ImageStringsReader
instanceKlass jdk/internal/jimage/ImageStrings
instanceKlass jdk/internal/jimage/ImageHeader
instanceKlass jdk/internal/jimage/NativeImageBuffer$1
instanceKlass jdk/internal/jimage/NativeImageBuffer
instanceKlass jdk/internal/jimage/BasicImageReader$1
instanceKlass jdk/internal/jimage/BasicImageReader
instanceKlass jdk/internal/jimage/ImageReader
instanceKlass jdk/internal/jimage/ImageReaderFactory$1
instanceKlass java/nio/file/Paths
instanceKlass jdk/internal/jimage/ImageReaderFactory
instanceKlass jdk/internal/module/SystemModuleFinders$SystemImage
instanceKlass jdk/internal/module/ModulePatcher$PatchedModuleReader
instanceKlass jdk/internal/module/SystemModuleFinders$SystemModuleReader
instanceKlass java/lang/module/ModuleReader
instanceKlass jdk/internal/loader/BuiltinClassLoader$5
instanceKlass java/util/regex/IntHashSet
instanceKlass java/util/regex/Matcher
instanceKlass java/util/regex/MatchResult
instanceKlass java/util/regex/Pattern$TreeInfo
instanceKlass java/util/regex/Pattern$Node
instanceKlass picocli/CommandLine$BuiltIn
instanceKlass picocli/CommandLine$BuiltIn$NetworkInterfaceConverter
instanceKlass java/net/NetworkInterface
instanceKlass picocli/CommandLine$BuiltIn$ClassConverter
instanceKlass picocli/CommandLine$BuiltIn$ByteOrderConverter
instanceKlass picocli/CommandLine$BuiltIn$TimeZoneConverter
instanceKlass java/util/TimeZone
instanceKlass picocli/CommandLine$BuiltIn$CurrencyConverter
instanceKlass java/util/Currency
instanceKlass picocli/CommandLine$BuiltIn$UUIDConverter
instanceKlass java/util/UUID
instanceKlass picocli/CommandLine$BuiltIn$PatternConverter
instanceKlass java/util/regex/Pattern
instanceKlass picocli/CommandLine$BuiltIn$InetAddressConverter
instanceKlass java/net/InetAddress
instanceKlass picocli/CommandLine$BuiltIn$CharsetConverter
instanceKlass picocli/CommandLine$BuiltIn$BigIntegerConverter
instanceKlass picocli/CommandLine$BuiltIn$BigDecimalConverter
instanceKlass picocli/CommandLine$BuiltIn$ISO8601DateConverter
instanceKlass java/util/Date
instanceKlass picocli/CommandLine$BuiltIn$URLConverter
instanceKlass picocli/CommandLine$BuiltIn$URIConverter
instanceKlass picocli/CommandLine$BuiltIn$FileConverter
instanceKlass picocli/CommandLine$BuiltIn$DoubleConverter
instanceKlass picocli/CommandLine$BuiltIn$FloatConverter
instanceKlass picocli/CommandLine$BuiltIn$LongConverter
instanceKlass picocli/CommandLine$BuiltIn$IntegerConverter
instanceKlass picocli/CommandLine$BuiltIn$ShortConverter
instanceKlass picocli/CommandLine$BuiltIn$CharacterConverter
instanceKlass picocli/CommandLine$BuiltIn$BooleanConverter
instanceKlass picocli/CommandLine$BuiltIn$ByteConverter
instanceKlass picocli/CommandLine$BuiltIn$CharSequenceConverter
instanceKlass picocli/CommandLine$BuiltIn$CharArrayConverter
instanceKlass picocli/CommandLine$BuiltIn$StringBuilderConverter
instanceKlass picocli/CommandLine$BuiltIn$StringConverter
instanceKlass java/io/StreamTokenizer
instanceKlass picocli/CommandLine$ITypeConverter
instanceKlass picocli/CommandLine$Interpreter
instanceKlass picocli/CommandLine$2
instanceKlass picocli/CommandLine$1
instanceKlass picocli/CommandLine$AbstractHandler
instanceKlass picocli/CommandLine$IParseResultHandler
instanceKlass picocli/CommandLine$Help$ColorScheme$1
instanceKlass picocli/CommandLine$Help$ColorScheme
instanceKlass picocli/CommandLine$Help$Ansi$IStyle
instanceKlass picocli/CommandLine$Assert
instanceKlass picocli/CommandLine$Help$ColorScheme$Builder
instanceKlass picocli/CommandLine$Help$IOptionRenderer
instanceKlass picocli/CommandLine$Help$IParameterRenderer
instanceKlass picocli/CommandLine$Help$IParamLabelRenderer
instanceKlass picocli/CommandLine$Model$IOrdered
instanceKlass picocli/CommandLine$Model$ArgSpec
instanceKlass picocli/CommandLine$RegexTransformer
instanceKlass picocli/CommandLine$INegatableOptionTransformer
instanceKlass picocli/CommandLine$Help
instanceKlass picocli/CommandLine$Help$Ansi$Text
instanceKlass picocli/CommandLine$DefaultFactory
instanceKlass picocli/CommandLine$Tracer
instanceKlass picocli/CommandLine$IExceptionHandler
instanceKlass picocli/CommandLine$IExceptionHandler2
instanceKlass picocli/CommandLine$IParseResultHandler2
instanceKlass picocli/CommandLine$IExecutionExceptionHandler
instanceKlass picocli/CommandLine$IParameterExceptionHandler
instanceKlass picocli/CommandLine$IExecutionStrategy
instanceKlass picocli/CommandLine$IFactory
instanceKlass picocli/CommandLine
instanceKlass java/lang/Void
instanceKlass java/lang/PublicMethods$Key
instanceKlass java/lang/PublicMethods$MethodList
instanceKlass org/sonarsource/sonarlint/core/backend/cli/SonarLintServerCli
instanceKlass java/util/concurrent/Callable
instanceKlass java/security/SecureClassLoader$DebugHolder
instanceKlass java/security/PermissionCollection
instanceKlass java/security/SecureClassLoader$1
instanceKlass java/security/SecureClassLoader$CodeSourceKey
instanceKlass java/util/zip/Checksum$1
instanceKlass java/util/zip/CRC32
instanceKlass java/util/zip/Checksum
instanceKlass sun/nio/ByteBuffered
instanceKlass java/lang/Package$VersionInfo
instanceKlass java/lang/NamedPackage
instanceKlass sun/security/util/ManifestEntryVerifier
instanceKlass jdk/internal/loader/Resource
instanceKlass java/util/StringTokenizer
instanceKlass java/security/CodeSigner
instanceKlass java/util/jar/JarVerifier
instanceKlass java/util/ArrayList$Itr
instanceKlass java/util/LinkedList$Node
instanceKlass java/nio/charset/CoderResult
instanceKlass java/io/Reader
instanceKlass java/lang/Readable
instanceKlass java/util/jar/Attributes$Name
instanceKlass java/util/jar/Attributes
instanceKlass java/util/TreeMap$PrivateEntryIterator
instanceKlass java/util/TreeMap$Entry
instanceKlass java/util/NavigableMap
instanceKlass java/util/SortedMap
instanceKlass java/util/NavigableSet
instanceKlass java/util/SortedSet
instanceKlass sun/security/action/GetIntegerAction
instanceKlass sun/security/util/Debug
instanceKlass sun/security/util/SignatureFileVerifier
instanceKlass java/util/zip/ZipFile$InflaterCleanupAction
instanceKlass java/util/zip/Inflater$InflaterZStreamRef
instanceKlass java/util/zip/Inflater
instanceKlass java/util/zip/ZipEntry
instanceKlass jdk/internal/util/jar/JarIndex
instanceKlass java/nio/Bits$1
instanceKlass jdk/internal/misc/VM$BufferPool
instanceKlass java/nio/Bits
instanceKlass sun/nio/ch/DirectBuffer
instanceKlass jdk/internal/perf/PerfCounter$CoreCounters
instanceKlass jdk/internal/perf/Perf
instanceKlass jdk/internal/perf/Perf$GetPerfAction
instanceKlass jdk/internal/perf/PerfCounter
instanceKlass java/nio/file/attribute/FileTime
instanceKlass java/util/zip/ZipUtils
instanceKlass java/util/zip/ZipFile$Source$End
instanceKlass java/io/RandomAccessFile$2
instanceKlass jdk/internal/access/JavaIORandomAccessFileAccess
instanceKlass java/io/RandomAccessFile
instanceKlass java/io/DataInput
instanceKlass java/io/DataOutput
instanceKlass sun/nio/fs/WindowsNativeDispatcher$CompletionStatus
instanceKlass sun/nio/fs/WindowsNativeDispatcher$AclInformation
instanceKlass sun/nio/fs/WindowsNativeDispatcher$Account
instanceKlass sun/nio/fs/WindowsNativeDispatcher$DiskFreeSpace
instanceKlass sun/nio/fs/WindowsNativeDispatcher$VolumeInformation
instanceKlass sun/nio/fs/WindowsNativeDispatcher$FirstStream
instanceKlass sun/nio/fs/WindowsNativeDispatcher$FirstFile
instanceKlass java/util/Enumeration
instanceKlass java/util/concurrent/ConcurrentHashMap$Traverser
instanceKlass java/util/concurrent/ConcurrentHashMap$CollectionView
instanceKlass jdk/internal/loader/NativeLibraries$NativeLibraryImpl
instanceKlass jdk/internal/loader/NativeLibrary
instanceKlass java/util/ArrayDeque$DeqIterator
instanceKlass jdk/internal/loader/NativeLibraries$1
instanceKlass jdk/internal/loader/NativeLibraries$LibraryPaths
instanceKlass sun/nio/fs/WindowsNativeDispatcher
instanceKlass sun/nio/fs/NativeBuffer$Deallocator
instanceKlass sun/nio/fs/NativeBuffer
instanceKlass java/lang/ThreadLocal$ThreadLocalMap
instanceKlass sun/nio/fs/NativeBuffers
instanceKlass sun/nio/fs/WindowsFileAttributes
instanceKlass java/nio/file/attribute/DosFileAttributes
instanceKlass sun/nio/fs/AbstractBasicFileAttributeView
instanceKlass sun/nio/fs/DynamicFileAttributeView
instanceKlass sun/nio/fs/WindowsFileAttributeViews
instanceKlass sun/nio/fs/Util
instanceKlass java/nio/file/attribute/BasicFileAttributeView
instanceKlass java/nio/file/attribute/FileAttributeView
instanceKlass java/nio/file/attribute/AttributeView
instanceKlass java/nio/file/Files
instanceKlass java/nio/file/CopyOption
instanceKlass java/nio/file/attribute/BasicFileAttributes
instanceKlass sun/nio/fs/WindowsPath
instanceKlass java/nio/file/Path
instanceKlass java/nio/file/Watchable
instanceKlass java/net/URI$Parser
instanceKlass sun/nio/fs/WindowsPathParser$Result
instanceKlass sun/nio/fs/WindowsPathParser
instanceKlass java/util/Collections$UnmodifiableCollection
instanceKlass java/util/Arrays$ArrayItr
instanceKlass java/nio/file/FileSystem
instanceKlass java/nio/file/OpenOption
instanceKlass java/nio/file/spi/FileSystemProvider
instanceKlass sun/nio/fs/DefaultFileSystemProvider
instanceKlass java/nio/file/FileSystems$DefaultFileSystemHolder$1
instanceKlass java/nio/file/FileSystems$DefaultFileSystemHolder
instanceKlass java/nio/file/FileSystems
instanceKlass java/util/zip/ZipFile$Source$Key
instanceKlass java/util/zip/ZipFile$Source
instanceKlass java/lang/ref/Cleaner$Cleanable
instanceKlass jdk/internal/ref/CleanerImpl
instanceKlass java/lang/ref/Cleaner$1
instanceKlass java/lang/ref/Cleaner
instanceKlass jdk/internal/ref/CleanerFactory$1
instanceKlass java/util/concurrent/ThreadFactory
instanceKlass jdk/internal/ref/CleanerFactory
instanceKlass java/util/zip/ZipCoder
instanceKlass java/util/zip/ZipFile$CleanableResource
instanceKlass java/lang/Runtime$Version
instanceKlass java/util/jar/JavaUtilJarAccessImpl
instanceKlass jdk/internal/access/JavaUtilJarAccess
instanceKlass jdk/internal/loader/FileURLMapper
instanceKlass jdk/internal/loader/URLClassPath$JarLoader$1
instanceKlass java/util/zip/ZipFile$1
instanceKlass jdk/internal/access/JavaUtilZipFileAccess
instanceKlass java/util/zip/ZipFile
instanceKlass java/util/zip/ZipConstants
instanceKlass jdk/internal/loader/URLClassPath$Loader
instanceKlass jdk/internal/loader/URLClassPath$3
instanceKlass java/security/PrivilegedExceptionAction
instanceKlass sun/util/locale/LocaleObjectCache
instanceKlass sun/util/locale/BaseLocale$Key
instanceKlass sun/util/locale/LocaleUtils
instanceKlass sun/util/locale/BaseLocale
instanceKlass java/util/Locale
instanceKlass sun/net/util/URLUtil
instanceKlass java/lang/StringCoding
instanceKlass sun/nio/cs/ArrayDecoder
instanceKlass java/nio/charset/CharsetDecoder
instanceKlass sun/launcher/LauncherHelper
instanceKlass java/lang/reflect/Array
instanceKlass java/lang/invoke/StringConcatFactory$3
instanceKlass java/lang/invoke/StringConcatFactory$2
instanceKlass java/lang/invoke/StringConcatFactory$1
instanceKlass java/lang/invoke/StringConcatFactory
instanceKlass java/lang/ModuleLayer$Controller
instanceKlass java/util/concurrent/CopyOnWriteArrayList
instanceKlass jdk/internal/module/ServicesCatalog$ServiceProvider
instanceKlass jdk/internal/loader/AbstractClassLoaderValue$Memoizer
instanceKlass java/util/ImmutableCollections$ListItr
instanceKlass java/util/ListIterator
instanceKlass java/lang/ModuleLayer
instanceKlass jdk/internal/module/ModuleLoaderMap$Modules
instanceKlass jdk/internal/module/ModuleLoaderMap$Mapper
instanceKlass java/util/function/Function
instanceKlass jdk/internal/module/ModuleLoaderMap
instanceKlass java/util/ImmutableCollections$Set12$1
instanceKlass java/util/AbstractMap$1$1
instanceKlass java/lang/module/ResolvedModule
instanceKlass java/lang/module/Configuration
instanceKlass java/util/ImmutableCollections$SetN$SetNIterator
instanceKlass jdk/internal/loader/BuiltinClassLoader$LoadedModule
instanceKlass jdk/internal/loader/AbstractClassLoaderValue
instanceKlass jdk/internal/module/ServicesCatalog
instanceKlass jdk/internal/util/Preconditions
instanceKlass sun/net/util/IPAddressUtil
instanceKlass java/net/URLStreamHandler
instanceKlass java/util/HexFormat
instanceKlass sun/net/www/ParseUtil
instanceKlass java/net/URL$3
instanceKlass jdk/internal/access/JavaNetURLAccess
instanceKlass java/net/URL$DefaultFactory
instanceKlass java/net/URLStreamHandlerFactory
instanceKlass jdk/internal/loader/URLClassPath
instanceKlass java/security/Principal
instanceKlass java/security/ProtectionDomain$Key
instanceKlass java/security/ProtectionDomain$JavaSecurityAccessImpl
instanceKlass jdk/internal/access/JavaSecurityAccess
instanceKlass java/lang/ClassLoader$ParallelLoaders
instanceKlass java/security/cert/Certificate
instanceKlass jdk/internal/loader/ArchivedClassLoaders
instanceKlass java/util/Deque
instanceKlass java/util/Queue
instanceKlass jdk/internal/loader/ClassLoaderHelper
instanceKlass jdk/internal/loader/NativeLibraries
instanceKlass jdk/internal/loader/BootLoader
instanceKlass java/util/Optional
instanceKlass jdk/internal/module/SystemModuleFinders$SystemModuleFinder
instanceKlass java/lang/module/ModuleFinder
instanceKlass jdk/internal/module/SystemModuleFinders$3
instanceKlass jdk/internal/module/ModuleHashes$HashSupplier
instanceKlass jdk/internal/module/SystemModuleFinders$2
instanceKlass java/util/function/Supplier
instanceKlass java/lang/module/ModuleReference
instanceKlass jdk/internal/module/ModuleResolution
instanceKlass java/util/Collections$UnmodifiableMap
instanceKlass jdk/internal/module/ModuleHashes$Builder
instanceKlass jdk/internal/module/ModuleHashes
instanceKlass jdk/internal/module/ModuleTarget
instanceKlass java/lang/Enum
instanceKlass java/lang/module/ModuleDescriptor$Version
instanceKlass java/lang/module/ModuleDescriptor$Provides
instanceKlass java/lang/module/ModuleDescriptor$Opens
instanceKlass java/lang/module/ModuleDescriptor$Exports
instanceKlass java/lang/module/ModuleDescriptor$Requires
instanceKlass jdk/internal/module/Builder
instanceKlass jdk/internal/module/SystemModules$default
instanceKlass jdk/internal/module/SystemModules
instanceKlass jdk/internal/module/SystemModulesMap
instanceKlass java/net/URI$1
instanceKlass jdk/internal/access/JavaNetUriAccess
instanceKlass java/net/URI
instanceKlass jdk/internal/module/SystemModuleFinders
instanceKlass jdk/internal/module/ArchivedModuleGraph
instanceKlass jdk/internal/module/ArchivedBootLayer
instanceKlass jdk/internal/module/ModuleBootstrap$Counters
instanceKlass jdk/internal/module/ModulePatcher
instanceKlass java/io/FileSystem
instanceKlass java/io/DefaultFileSystem
instanceKlass java/io/File
instanceKlass java/lang/module/ModuleDescriptor$1
instanceKlass jdk/internal/access/JavaLangModuleAccess
instanceKlass sun/invoke/util/VerifyAccess
instanceKlass java/lang/module/ModuleDescriptor
instanceKlass jdk/internal/module/ModuleBootstrap
instanceKlass java/lang/invoke/MethodHandleStatics
instanceKlass java/util/Collections
instanceKlass sun/io/Win32ErrorMode
instanceKlass jdk/internal/misc/OSEnvironment
instanceKlass jdk/internal/misc/Signal$NativeHandler
instanceKlass java/util/Hashtable$Entry
instanceKlass jdk/internal/misc/Signal
instanceKlass java/lang/Terminator$1
instanceKlass jdk/internal/misc/Signal$Handler
instanceKlass java/lang/Terminator
instanceKlass java/nio/ByteOrder
instanceKlass java/nio/Buffer$1
instanceKlass jdk/internal/access/JavaNioAccess
instanceKlass jdk/internal/misc/ScopedMemoryAccess
instanceKlass java/nio/charset/CodingErrorAction
instanceKlass sun/nio/cs/SingleByte
instanceKlass java/lang/StringUTF16
instanceKlass sun/nio/cs/MS1252$Holder
instanceKlass sun/nio/cs/ArrayEncoder
instanceKlass java/nio/charset/CharsetEncoder
instanceKlass java/lang/reflect/Modifier
instanceKlass java/lang/Class$1
instanceKlass java/lang/Class$Atomic
instanceKlass java/lang/Class$ReflectionData
instanceKlass jdk/internal/util/ArraysSupport
instanceKlass java/nio/charset/StandardCharsets
instanceKlass sun/nio/cs/HistoricallyNamedCharset
instanceKlass sun/security/action/GetPropertyAction
instanceKlass java/lang/ThreadLocal
instanceKlass java/nio/charset/spi/CharsetProvider
instanceKlass java/nio/charset/Charset
instanceKlass java/io/Writer
instanceKlass java/io/OutputStream
instanceKlass java/io/Flushable
instanceKlass java/io/FileDescriptor$1
instanceKlass jdk/internal/access/JavaIOFileDescriptorAccess
instanceKlass java/io/FileDescriptor
instanceKlass jdk/internal/util/StaticProperty
instanceKlass java/util/HashMap$HashIterator
instanceKlass java/lang/Integer$IntegerCache
instanceKlass java/lang/CharacterData
instanceKlass java/util/Arrays
instanceKlass java/lang/VersionProps
instanceKlass java/lang/StringConcatHelper
instanceKlass jdk/internal/misc/VM
instanceKlass jdk/internal/util/SystemProps$Raw
instanceKlass jdk/internal/util/SystemProps
instanceKlass java/lang/System$2
instanceKlass jdk/internal/access/JavaLangAccess
instanceKlass java/lang/ref/Reference$1
instanceKlass jdk/internal/access/JavaLangRefAccess
instanceKlass java/lang/ref/ReferenceQueue$Lock
instanceKlass java/lang/ref/ReferenceQueue
instanceKlass jdk/internal/reflect/ReflectionFactory
instanceKlass jdk/internal/reflect/ReflectionFactory$GetReflectionFactoryAction
instanceKlass java/security/PrivilegedAction
instanceKlass java/util/concurrent/locks/LockSupport
instanceKlass java/util/concurrent/ConcurrentHashMap$Node
instanceKlass java/util/concurrent/ConcurrentHashMap$CounterCell
instanceKlass java/util/concurrent/locks/ReentrantLock
instanceKlass java/util/concurrent/locks/Lock
instanceKlass java/lang/Runtime
instanceKlass java/util/HashMap$Node
instanceKlass java/util/KeyValueHolder
instanceKlass java/util/Map$Entry
instanceKlass java/util/ImmutableCollections$MapN$MapNIterator
instanceKlass java/lang/Math
instanceKlass jdk/internal/reflect/Reflection
instanceKlass java/lang/invoke/MethodHandles$Lookup
instanceKlass java/lang/StringLatin1
instanceKlass java/security/Permission
instanceKlass java/security/Guard
instanceKlass java/lang/invoke/MemberName$Factory
instanceKlass java/lang/invoke/MethodHandles
instanceKlass jdk/internal/access/SharedSecrets
instanceKlass java/lang/reflect/ReflectAccess
instanceKlass jdk/internal/access/JavaLangReflectAccess
instanceKlass java/util/ImmutableCollections
instanceKlass java/util/Objects
instanceKlass java/util/Set
instanceKlass jdk/internal/misc/CDS
instanceKlass java/lang/Module$ArchivedData
instanceKlass java/lang/String$CaseInsensitiveComparator
instanceKlass java/util/Comparator
instanceKlass java/io/ObjectStreamField
instanceKlass jdk/internal/vm/vector/VectorSupport$VectorPayload
instanceKlass jdk/internal/vm/vector/VectorSupport
instanceKlass java/lang/reflect/RecordComponent
instanceKlass java/util/Iterator
instanceKlass java/lang/Number
instanceKlass java/lang/Character
instanceKlass java/lang/Boolean
instanceKlass java/util/concurrent/locks/AbstractOwnableSynchronizer
instanceKlass java/lang/LiveStackFrame
instanceKlass java/lang/StackFrameInfo
instanceKlass java/lang/StackWalker$StackFrame
instanceKlass java/lang/StackStreamFactory$AbstractStackWalker
instanceKlass java/lang/StackWalker
instanceKlass java/nio/Buffer
instanceKlass java/lang/StackTraceElement
instanceKlass java/util/RandomAccess
instanceKlass java/util/List
instanceKlass java/util/AbstractCollection
instanceKlass java/util/Collection
instanceKlass java/lang/Iterable
instanceKlass java/util/concurrent/ConcurrentMap
instanceKlass java/util/AbstractMap
instanceKlass java/security/CodeSource
instanceKlass jdk/internal/loader/ClassLoaders
instanceKlass java/util/jar/Manifest
instanceKlass java/net/URL
instanceKlass java/io/InputStream
instanceKlass java/io/Closeable
instanceKlass java/lang/AutoCloseable
instanceKlass jdk/internal/module/Modules
instanceKlass jdk/internal/misc/Unsafe
instanceKlass jdk/internal/misc/UnsafeConstants
instanceKlass java/lang/AbstractStringBuilder
instanceKlass java/lang/Appendable
instanceKlass java/lang/AssertionStatusDirectives
instanceKlass java/lang/invoke/MethodHandleNatives$CallSiteContext
instanceKlass jdk/internal/invoke/NativeEntryPoint
instanceKlass java/lang/invoke/CallSite
instanceKlass java/lang/invoke/MethodType
instanceKlass java/lang/invoke/TypeDescriptor$OfMethod
instanceKlass java/lang/invoke/LambdaForm
instanceKlass java/lang/invoke/MethodHandleNatives
instanceKlass java/lang/invoke/ResolvedMethodName
instanceKlass java/lang/invoke/MemberName
instanceKlass java/lang/invoke/VarHandle
instanceKlass java/lang/invoke/MethodHandle
instanceKlass jdk/internal/reflect/CallerSensitive
instanceKlass java/lang/annotation/Annotation
instanceKlass jdk/internal/reflect/FieldAccessor
instanceKlass jdk/internal/reflect/ConstantPool
instanceKlass jdk/internal/reflect/ConstructorAccessor
instanceKlass jdk/internal/reflect/MethodAccessor
instanceKlass jdk/internal/reflect/MagicAccessorImpl
instanceKlass java/lang/reflect/Parameter
instanceKlass java/lang/reflect/Member
instanceKlass java/lang/reflect/AccessibleObject
instanceKlass java/lang/Module
instanceKlass java/util/Map
instanceKlass java/util/Dictionary
instanceKlass java/lang/ThreadGroup
instanceKlass java/lang/Thread$UncaughtExceptionHandler
instanceKlass java/lang/Thread
instanceKlass java/lang/Runnable
instanceKlass java/lang/ref/Reference
instanceKlass java/lang/Record
instanceKlass java/security/AccessController
instanceKlass java/security/AccessControlContext
instanceKlass java/security/ProtectionDomain
instanceKlass java/lang/SecurityManager
instanceKlass java/lang/Throwable
instanceKlass java/lang/System
instanceKlass java/lang/ClassLoader
instanceKlass java/lang/Cloneable
instanceKlass java/lang/Class
instanceKlass java/lang/invoke/TypeDescriptor$OfField
instanceKlass java/lang/invoke/TypeDescriptor
instanceKlass java/lang/reflect/Type
instanceKlass java/lang/reflect/GenericDeclaration
instanceKlass java/lang/reflect/AnnotatedElement
instanceKlass java/lang/String
instanceKlass java/lang/constant/ConstantDesc
instanceKlass java/lang/constant/Constable
instanceKlass java/lang/CharSequence
instanceKlass java/lang/Comparable
instanceKlass java/io/Serializable
ciInstanceKlass java/lang/Object 1 1 79 1 7 1 1 1 1 1 1 1 1 1 1 1 1 1 7 1 1 1 7 12 10 12 10 1 7 1 12 10 1 1 12 10 1 8 12 10 1 7 1 1 12 10 12 10 1 1 1 1 7 1 12 10 1 1 100 1 8 1 12 10 3 1 8 5 0 1 1 7 1 1 1 1 1 1 1 1 1
ciInstanceKlass java/lang/Class 1 1 1462 1 7 1 1 7 1 100 1 7 1 100 1 100 1 100 1 100 1 7 1 7 1 7 1 100 1 7 1 100 1 7 1 1 1 1 7 1 7 1 1 7 1 7 1 1 1 7 1 7 1 1 100 1 1 100 1 100 1 1 100 1 100 1 1 1 3 1 3 1 3 1 1 1 1 1 1 1 1 1 1 1 1 1 1 1 1 1 1 1 1 1 1 1 1 1 1 1 1 5 0 1 1 1 1 1 1 1 1 1 1 1 1 1 1 1 1 1 1 1 1 1 12 10 12 9 12 9 1 1 1 7 10 1 1 12 10 1 8 1 12 10 1 8 1 8 1 7 1 1 12 10 1 12 10 12 10 1 10 1 12 10 1 1 12 10 1 1 12 10 1 7 1 12 10 1 12 10 1 12 10 1 12 10 1 8 1 12 10 1 8 1 12 10 1 8 1 8 1 1 12 10 1 7 1 1 12 10 1 16 1 1 12 10 15 16 1 7 1 1 12 10 15 1 1 12 18 1 7 1 1 12 11 1 8 1 8 1 8 1 7 1 1 12 10 1 1 12 11 1 100 1 8 1 12 10 1 1 100 1 1 12 11 1 1 12 10 11 1 100 1 8 1 12 11 15 1 16 18 1 8 1 12 10 1 1 1 1 7 1 1 7 1 12 10 1 7 1 1 12 10 1 1 12 10 1 1 1 7 1 1 12 10 1 100 1 1 12 9 1 100 1 1 12 10 1 1 1 1 7 1 12 10 1 1 12 10 1 16 1 7 1 12 10 15 16 1 1 12 18 1 7 1 1 12 10 1 12 10 1 7 10 1 1 1 7 1 7 1 1 1 1 7 1 100 1 1 12 10 12 9 1 8 1 12 10 1 100 1 1 12 10 1 1 12 10 1 1 12 10 1 12 10 10 1 1 12 10 1 12 10 1 100 1 1 12 10 1 1 12 10 1 1 12 10 1 1 1 1 1 1 12 9 1 12 10 1 1 12 10 1 12 10 12 9 1 12 9 1 1 1 12 10 1 7 10 1 1 1 1 12 10 12 10 1 1 1 1 12 10 10 1 100 1 12 9 1 12 10 1 8 1 1 12 10 1 1 12 10 1 12 10 1 1 1 1 12 10 1 1 12 10 1 12 10 1 12 9 7 1 12 10 1 12 10 1 12 10 1 1 1 1 1 1 1 1 7 1 1 12 10 1 12 10 1 12 10 1 1 12 10 1 100 1 1 12 10 1 12 10 1 1 12 10 1 12 10 1 12 10 1 1 12 10 1 100 1 7 10 10 10 1 1 12 10 1 1 12 10 12 10 1 1 12 10 1 100 1 8 10 1 12 10 7 12 10 1 1 100 1 12 11 1 7 1 12 10 1 12 10 1 1 1 1 12 10 1 100 1 12 10 10 1 1 12 10 1 7 1 8 1 1 12 10 1 1 12 10 1 8 1 1 12 9 1 12 10 12 10 1 12 10 12 10 1 100 1 1 12 9 1 12 10 1 12 9 12 10 1 12 10 1 12 10 10 1 12 10 1 12 10 1 1 12 10 1 1 1 12 10 1 12 10 1 12 10 1 1 12 10 1 1 1 12 10 1 1 12 10 1 1 1 12 10 1 1 12 10 1 1 1 1 1 12 10 1 1 1 7 1 12 10 10 1 7 1 1 12 10 1 1 1 1 12 10 1 1 12 10 10 1 1 1 1 1 12 10 1 1 1 12 10 1 1 1 12 10 1 1 1 1 1 12 10 1 1 1 12 10 1 1 1 1 7 10 1 100 12 10 1 12 11 1 1 1 1 100 1 1 12 10 1 12 10 1 7 1 1 12 10 1 1 12 10 10 1 1 12 10 1 100 10 1 1 12 10 1 100 1 1 12 10 1 100 1 100 1 12 10 12 10 1 1 10 1 12 10 12 10 1 1 12 10 1 12 10 1 100 1 1 12 10 1 7 1 12 11 1 12 10 1 12 10 1 1 1 12 9 1 12 10 1 12 10 12 9 1 7 10 1 1 12 9 12 10 1 7 1 12 10 1 1 1 12 9 1 100 1 1 12 10 12 10 1 12 10 1 100 1 12 10 1 12 10 12 10 1 1 12 10 1 1 1 1 100 10 1 8 1 12 10 11 1 1 12 11 1 7 1 12 11 1 12 11 1 8 1 12 10 1 1 12 10 1 12 9 12 9 1 7 1 12 10 1 12 9 1 1 12 10 1 10 1 12 10 1 1 12 10 1 1 7 1 12 10 1 7 1 12 10 12 9 12 10 1 12 9 1 12 10 1 1 1 1 1 12 10 1 1 1 1 12 9 1 12 9 7 1 12 10 1 1 12 10 1 12 9 1 7 10 1 1 12 10 1 1 12 10 1 1 7 11 1 1 12 9 1 12 9 1 12 10 1 12 9 1 12 9 1 12 10 1 1 12 10 1 12 9 10 1 1 12 10 10 1 1 12 10 12 10 10 1 12 10 12 9 1 1 12 10 1 12 10 1 1 1 12 10 1 12 10 1 8 1 10 1 1 1 8 1 1 12 10 15 16 18 1 8 1 8 1 1 12 10 1 12 9 1 12 9 12 10 1 7 1 7 12 10 12 9 10 1 1 1 12 10 10 12 9 1 8 12 10 1 12 10 1 1 12 10 1 100 1 1 12 9 1 100 1 8 10 1 7 4 10 12 10 1 1 12 11 1 1 12 10 1 100 1 1 12 10 10 1 8 1 8 1 1 1 1 1 1 1 12 10 1 12 9 12 11 1 7 1 1 12 11 1 1 1 1 12 9 1 100 1 1 12 10 1 1 1 7 1 12 10 1 1 1 1 12 10 1 12 9 9 1 1 12 10 1 1 12 10 12 10 12 10 1 1 12 10 1 12 11 1 12 11 1 7 1 1 12 10 1 12 10 1 100 1 12 11 1 100 1 1 12 10 1 12 10 10 1 12 11 1 1 12 11 1 12 10 1 1 1 12 10 1 1 12 9 1 1 1 1 1 100 1 12 9 12 10 1 100 1 1 12 10 1 1 1 1 12 10 1 1 12 10 1 12 10 1 1 12 10 1 1 7 1 1 12 10 1 12 10 1 8 12 10 1 12 10 1 12 10 1 1 1 1 1 100 1 12 10 1 100 1 1 12 11 1 1 12 10 1 1 12 10 16 1 12 10 15 16 1 1 12 18 1 1 12 11 1 12 10 15 18 1 12 11 1 16 1 1 12 10 15 16 1 12 18 1 12 11 12 10 1 12 10 1 12 10 12 10 1 8 1 12 10 1 7 12 9 1 1 1 1 1 1 1 1 1 1
staticfield java/lang/Class EMPTY_CLASS_ARRAY [Ljava/lang/Class; 0 [Ljava/lang/Class;
staticfield java/lang/Class serialPersistentFields [Ljava/io/ObjectStreamField; 0 [Ljava/io/ObjectStreamField;
ciMethod java/lang/Class isArray ()Z 512 0 256 0 -1
ciMethod java/lang/Class isPrimitive ()Z 512 0 256 0 -1
ciInstanceKlass java/io/Serializable 1 0 5 1 100 1 100
instanceKlass jdk/internal/vm/vector/VectorSupport$VectorShuffle
instanceKlass jdk/internal/vm/vector/VectorSupport$VectorMask
instanceKlass jdk/internal/vm/vector/VectorSupport$Vector
ciInstanceKlass jdk/internal/vm/vector/VectorSupport$VectorPayload 0 0 26 1 100 1 100 1 100 1 1 1 1 1 1 12 10 12 9 1 1 1 1 12 10 1 1 1
ciInstanceKlass jdk/internal/vm/vector/VectorSupport$VectorShuffle 0 0 18 1 100 1 1 100 1 100 1 1 1 1 12 10 1 1 1 1
ciInstanceKlass jdk/internal/vm/vector/VectorSupport$VectorMask 0 0 18 1 100 1 1 100 1 100 1 1 1 1 12 10 1 1 1 1
ciInstanceKlass jdk/internal/vm/vector/VectorSupport$Vector 0 0 18 1 100 1 1 100 1 100 1 1 1 1 12 10 1 1 1 1
ciInstanceKlass jdk/internal/vm/vector/VectorSupport 0 0 367 1 100 1 100 1 100 1 100 1 100 1 100 1 100 1 100 1 100 1 100 1 100 1 100 1 100 1 100 1 100 1 100 1 100 1 100 1 100 1 100 1 100 1 100 1 100 1 100 1 1 1 1 1 1 1 1 1 1 1 1 1 1 1 1 1 1 1 1 1 1 1 1 1 1 3 1 3 1 3 1 3 1 3 1 3 1 3 1 3 1 3 1 3 1 3 1 3 1 3 1 3 1 3 1 3 1 3 1 3 1 3 1 3 1 3 1 3 1 3 1 3 1 3 1 3 1 3 1 3 1 3 1 3 1 3 1 3 1 3 1 3 1 3 1 3 1 3 1 3 1 3 1 1 1 1 1 3 1 1 1 1 1 1 3 1 1 1 1 1 1 1 1 1 1 1 1 12 10 1 1 1 1 12 9 1 1 12 10 1 100 1 12 10 1 1 12 11 1 1 1 1 1 12 11 1 1 1 1 12 11 1 1 1 1 1 12 11 1 1 1 1 100 11 1 100 1 1 12 10 1 1 1 1 12 11 1 1 1 1 12 11 1 1 1 1 1 1 1 100 1 12 11 1 1 1 1 12 11 1 1 1 1 12 11 1 1 1 1 12 11 1 1 1 1 12 11 1 1 1 1 12 11 1 1 1 1 100 1 1 12 10 1 1 1 1 12 11 1 1 1 1 12 11 1 1 1 1 12 11 1 1 1 1 12 11 1 1 1 11 1 1 12 9 1 100 1 12 10 1 1 1 1 12 11 1 1 1 1 1 12 10 1 100 1 1 12 10 1 1 1 1 12 10 12 10 1 1 12 10 1 1 1 1 1 1 1
ciInstanceKlass java/lang/reflect/RecordComponent 1 1 186 1 7 1 100 1 100 1 100 1 100 1 1 1 1 1 1 1 1 1 1 1 1 1 1 1 1 1 1 1 1 1 1 12 10 1 1 12 9 1 1 1 12 9 1 12 9 1 1 12 10 1 1 12 10 1 100 12 10 12 10 12 9 1 1 12 10 1 1 12 10 1 12 10 1 100 1 12 10 1 100 1 12 10 1 1 12 9 1 100 1 1 12 10 1 100 1 1 12 11 10 1 1 12 9 1 100 1 1 12 10 1 1 12 9 1 1 1 1 100 1 1 12 10 1 12 10 1 100 1 12 11 1 100 1 12 10 1 100 1 12 9 12 9 12 9 1 100 1 1 12 10 1 100 1 1 1 12 10 1 1 12 10 1 1 100 10 1 12 10 1 1 12 10 1 8 12 10 12 10 12 9 1 1 1 1
ciInstanceKlass java/util/Iterator 1 1 42 1 7 1 1 100 1 1 1 1 1 1 1 1 100 8 1 1 12 10 1 1 1 1 7 1 1 12 10 12 11 12 11 1 7 1 1 12 11 1 1 1
ciInstanceKlass java/lang/System 1 1 733 1 7 1 100 1 100 1 100 1 100 1 100 1 7 1 100 1 1 1 1 7 1 7 1 1 1 100 1 100 1 1 1 1 1 1 1 1 3 1 3 1 1 1 1 1 1 1 1 1 1 1 1 1 1 1 1 12 10 1 12 9 1 1 1 12 10 1 12 10 1 1 1 12 10 1 1 12 10 1 1 12 9 1 7 1 1 12 10 1 100 12 11 1 100 1 100 1 1 1 100 1 100 1 1 12 10 12 10 1 1 12 10 1 100 1 8 1 12 10 1 100 1 1 12 10 1 1 1 1 7 1 1 12 10 1 16 1 7 1 1 12 10 15 16 1 100 1 1 12 10 15 1 1 12 18 1 100 1 1 12 10 1 100 1 1 12 10 1 100 1 1 12 10 1 100 1 100 1 1 1 1 1 1 1 12 10 1 7 1 1 12 10 1 1 12 9 1 100 1 1 12 10 1 1 12 11 12 10 1 1 12 10 1 100 10 1 1 12 10 1 8 1 12 10 1 8 1 12 10 1 7 12 9 1 8 1 7 1 1 12 10 1 12 10 1 100 1 8 10 1 100 12 9 1 8 1 1 12 10 1 100 1 1 12 10 1 8 1 12 10 1 12 10 8 1 12 10 1 1 12 10 12 10 1 1 1 1 1 1 1 1 1 1 1 12 10 12 9 12 9 1 1 1 7 1 1 12 10 1 7 1 1 12 10 1 1 12 10 1 1 1 12 10 1 12 10 1 7 12 10 1 12 10 1 1 100 1 8 1 12 10 1 12 10 1 1 12 10 1 100 1 8 10 1 12 10 1 100 1 8 10 1 1 8 1 7 12 10 1 1 8 12 10 1 1 1 100 1 8 10 1 1 12 10 1 7 1 12 10 1 1 100 1 1 12 10 15 1 16 1 12 18 1 100 1 1 12 9 1 12 10 1 1 12 10 1 1 12 10 1 1 1 7 1 1 12 10 12 10 1 12 10 1 12 10 1 1 1 12 10 1 1 12 10 1 1 1 1 100 1 7 1 12 10 1 12 10 1 12 10 1 1 1 7 1 1 12 10 1 100 1 8 10 12 9 12 9 1 12 10 1 12 10 1 12 10 1 1 12 10 1 100 1 8 1 1 12 10 1 8 1 1 12 11 12 10 1 1 12 11 1 7 1 1 12 11 1 7 1 12 11 1 12 11 1 12 11 1 12 10 1 8 1 1 12 10 1 8 1 8 1 8 1 8 1 12 11 1 12 10 1 1 12 10 1 12 10 1 7 1 12 10 1 8 1 7 1 7 1 12 9 1 12 10 1 7 12 9 10 12 9 1 7 12 10 1 8 12 10 1 8 1 7 1 12 10 1 12 10 1 7 1 1 12 10 1 1 12 10 1 7 1 1 12 10 12 10 1 1 1 100 1 7 1 1 12 10 12 9 1 8 12 10 1 1 7 1 1 12 10 1 7 1 1 12 10 1 8 10 1 8 1 8 1 8 1 8 10 1 7 1 12 10 1 1 12 10 1 1 12 10 1 1 12 10 1 12 10 1 100 1 1 12 10 1 100 10 1 8 10 10 1 1 12 10 1 1 12 10 1 8 1 12 10 1 8 1 12 10 1 1 12 10 10 1 12 10 1 12 10 12 9 1 1 1 1 1 1 1 1 1 1
staticfield java/lang/System in Ljava/io/InputStream; java/io/ByteArrayInputStream
staticfield java/lang/System out Ljava/io/PrintStream; java/io/PrintStream
staticfield java/lang/System err Ljava/io/PrintStream; java/io/PrintStream
instanceKlass org/springframework/core/DecoratingClassLoader
instanceKlass jdk/internal/reflect/DelegatingClassLoader
instanceKlass java/security/SecureClassLoader
ciInstanceKlass java/lang/ClassLoader 1 1 978 1 7 1 7 1 7 1 100 1 1 100 1 100 1 1 1 1 1 1 1 1 1 1 1 1 1 1 1 1 1 1 1 1 1 1 1 1 1 1 1 1 1 1 1 1 1 1 1 1 1 1 1 1 1 12 9 1 7 1 1 12 10 1 7 1 100 1 1 12 9 1 7 1 1 12 10 1 7 1 1 12 10 1 1 12 10 12 9 1 1 12 10 1 100 12 10 1 1 1 12 10 1 7 1 1 12 10 1 100 1 8 1 12 10 1 7 1 1 12 10 1 100 12 10 1 10 10 1 7 1 7 7 1 12 10 1 12 10 12 9 10 1 7 1 1 12 10 12 9 12 9 12 9 12 9 12 9 12 9 1 7 1 12 10 12 9 1 1 12 10 1 1 12 10 12 9 12 9 1 100 12 9 1 12 10 12 9 1 1 12 10 1 7 10 1 8 1 1 12 10 1 12 10 10 1 7 1 1 12 10 1 7 1 1 12 10 1 8 1 12 10 12 10 1 1 12 10 1 1 1 1 7 1 12 10 1 1 1 12 10 1 12 10 1 1 12 10 1 12 10 1 12 10 1 100 1 1 12 10 1 1 12 10 1 12 10 1 12 10 1 12 10 1 12 10 1 12 10 1 1 10 1 12 10 1 12 10 1 1 1 1 100 1 12 10 1 1 12 10 1 100 12 10 1 12 10 1 12 10 1 100 1 12 10 1 100 1 1 12 10 10 1 1 1 1 1 7 1 1 1 1 12 10 1 1 1 1 1 1 12 10 1 100 1 8 10 1 8 1 12 10 1 12 10 1 100 1 8 1 1 12 10 1 1 12 10 10 1 1 12 10 1 1 12 10 1 1 1 1 12 10 1 7 10 1 12 10 1 1 12 10 1 1 12 10 1 12 10 12 10 1 1 12 10 12 10 1 1 1 7 1 1 12 10 1 12 10 1 12 10 1 1 12 10 1 12 10 1 12 10 1 12 10 1 1 12 10 1 1 1 1 1 1 12 10 1 1 12 10 1 8 12 9 1 1 12 10 1 8 1 8 1 7 1 12 10 1 100 10 1 12 10 1 12 10 1 12 10 1 1 12 10 1 1 1 7 1 12 10 1 1 7 1 12 10 12 10 1 7 10 1 1 1 1 7 12 10 1 100 1 12 10 10 1 7 1 12 10 1 1 1 1 16 1 1 12 10 15 1 16 1 100 1 1 12 10 15 1 12 18 1 100 1 1 12 10 1 100 1 1 12 10 1 1 1 7 1 12 10 1 1 12 10 1 12 10 1 1 1 1 1 1 1 12 10 1 100 1 12 10 1 1 1 12 10 1 1 1 7 1 12 10 1 12 10 1 8 1 100 10 1 12 10 12 9 1 7 1 12 10 1 12 10 1 1 100 1 100 1 8 1 12 10 10 1 8 1 8 1 1 12 10 1 1 12 10 1 1 12 10 1 100 1 1 12 10 1 100 1 1 12 10 1 100 1 100 1 12 10 1 12 10 1 1 1 1 12 10 1 1 1 1 12 10 1 12 10 12 10 1 100 1 1 12 9 1 1 12 10 1 1 1 1 12 10 1 12 10 1 12 10 1 12 10 1 8 1 12 10 1 7 16 1 1 12 10 15 1 16 1 1 12 18 1 1 12 10 1 1 12 10 1 12 10 1 1 12 10 1 1 1 8 1 12 10 1 1 1 12 10 1 16 1 1 12 10 15 16 1 12 18 1 100 1 1 12 11 1 100 1 1 12 10 12 10 10 1 1 1 12 11 10 1 12 10 15 18 1 1 1 12 10 1 100 12 11 16 1 1 12 10 15 16 1 12 18 1 1 12 11 1 1 1 1 12 10 1 1 12 10 12 10 1 100 1 100 1 8 10 1 1 12 10 1 8 1 8 1 100 1 12 10 12 10 1 100 10 1 12 10 1 8 1 8 1 8 1 12 10 1 1 1 1 12 10 1 1 1 12 10 1 1 1 100 1 1 12 10 1 100 1 12 11 1 1 1 100 10 1 11 1 12 10 1 12 10 1 1 12 10 1 100 1 12 9 1 1 12 9 12 9 1 12 9 1 12 9 1 1 1 12 9 8 1 1 12 10 1 7 1 1 12 10 1 1 12 10 1 1 12 10 1 1 12 10 10 12 10 1 1 12 11 1 100 1 1 12 10 1 100 1 12 10 1 12 10 12 10 1 1 1 1 1 1 1 1 1
staticfield java/lang/ClassLoader nocerts [Ljava/security/cert/Certificate; 0 [Ljava/security/cert/Certificate;
staticfield java/lang/ClassLoader $assertionsDisabled Z 1
ciInstanceKlass jdk/internal/reflect/DelegatingClassLoader 1 1 10 1 100 1 7 1 1 12 10 1
instanceKlass java/net/URLClassLoader
instanceKlass jdk/internal/loader/BuiltinClassLoader
ciInstanceKlass java/security/SecureClassLoader 1 1 81 1 7 1 7 1 7 1 100 1 7 1 1 1 1 1 1 1 12 10 1 7 1 12 10 12 9 1 12 10 1 12 10 1 1 1 1 1 12 10 1 12 10 1 1 1 12 10 1 1 1 7 10 1 12 10 1 12 10 1 7 1 1 12 11 1 7 1 1 12 11 1 1 1 12 10 1 1 1 1 1
instanceKlass jdk/internal/loader/ClassLoaders$BootClassLoader
instanceKlass jdk/internal/loader/ClassLoaders$PlatformClassLoader
instanceKlass jdk/internal/loader/ClassLoaders$AppClassLoader
ciInstanceKlass jdk/internal/loader/BuiltinClassLoader 1 1 654 1 7 1 7 1 100 1 7 1 7 1 100 1 100 1 7 1 7 1 1 7 1 100 1 1 7 1 7 1 1 100 1 7 1 1 1 100 1 100 1 1 1 1 1 1 1 1 1 1 1 1 1 1 1 1 1 1 1 1 12 9 1 1 1 7 1 1 12 10 1 7 1 7 1 7 1 12 10 12 9 12 9 1 7 1 12 10 12 9 1 12 10 12 9 1 1 1 12 10 1 1 1 1 1 1 1 7 1 1 12 10 1 1 12 10 1 7 1 1 12 11 1 100 1 100 10 1 1 12 10 1 8 1 12 10 12 10 1 12 10 1 1 12 10 1 7 1 1 12 11 1 7 1 12 11 1 1 12 11 1 8 1 8 10 12 9 1 7 1 12 10 1 1 1 1 12 11 1 1 1 100 1 12 10 1 100 1 1 12 10 1 1 12 10 1 1 1 7 1 1 12 10 12 10 1 1 12 10 1 7 1 1 12 10 1 7 1 1 12 11 1 7 1 12 10 1 7 1 1 12 10 1 12 10 1 8 1 1 12 10 10 1 8 1 1 12 10 1 1 12 10 1 1 12 10 1 7 1 12 11 1 12 11 1 1 1 1 7 10 1 1 12 11 11 1 12 10 1 12 10 1 1 100 1 7 12 10 1 12 10 1 12 10 1 7 1 1 12 10 1 1 12 10 1 100 1 100 1 12 11 1 100 1 12 10 1 1 12 10 1 100 1 12 10 1 12 10 16 1 12 10 15 16 1 100 1 1 12 10 15 1 1 12 18 1 12 10 1 12 10 1 12 10 15 1 16 18 1 100 1 7 1 12 10 1 1 1 1 7 10 1 1 12 10 1 1 12 10 1 7 1 12 10 1 1 1 12 10 12 9 1 100 10 1 1 1 1 12 10 1 1 12 10 1 12 10 1 100 12 10 1 1 12 10 1 100 1 1 12 10 1 1 12 10 1 12 10 1 1 1 12 10 1 12 10 15 1 16 1 12 18 1 1 12 10 1 12 10 1 1 12 10 1 12 10 1 7 1 12 10 1 1 12 10 1 1 12 10 1 12 10 1 7 1 12 11 1 12 10 1 7 1 100 1 12 10 1 12 10 1 1 12 11 1 1 1 12 10 1 1 12 10 1 1 12 10 1 1 12 10 1 12 10 1 12 10 1 12 10 1 7 1 12 10 1 8 1 1 12 10 1 12 10 1 12 10 1 100 1 8 1 8 10 1 12 10 1 8 1 8 1 7 1 1 12 10 1 7 1 1 12 11 1 1 12 9 1 1 12 10 1 12 9 1 12 9 1 12 9 1 12 9 1 12 9 1 12 9 1 7 1 1 12 10 1 8 1 12 10 1 1 1 7 12 10 1 12 10 10 1 1 12 11 12 10 1 12 10 1 12 10 1 12 10 1 12 10 10 1 1 1 12 10 1 12 10 1 8 1 7 1 12 10 12 10 1 1 1 1 1 1 1 1
staticfield jdk/internal/loader/BuiltinClassLoader packageToModule Ljava/util/Map; java/util/concurrent/ConcurrentHashMap
staticfield jdk/internal/loader/BuiltinClassLoader $assertionsDisabled Z 1
ciInstanceKlass java/security/AccessController 1 1 258 1 7 1 100 1 1 1 1 3 1 100 1 1 1 1 1 12 10 1 1 1 1 1 7 1 1 12 10 1 1 12 10 1 1 1 12 10 12 10 1 7 1 1 12 10 1 1 12 10 1 12 10 1 1 1 12 10 1 1 1 12 10 1 100 1 8 1 12 10 1 7 1 12 10 1 100 1 1 12 10 1 1 1 100 1 100 1 100 1 12 10 1 7 1 1 12 10 12 10 1 12 10 1 1 1 1 12 10 1 7 1 1 12 10 1 1 12 10 1 100 1 1 12 9 1 100 1 1 12 10 1 12 10 1 12 10 1 1 12 9 1 1 1 1 1 1 1 12 10 1 1 12 10 12 9 10 1 100 10 1 7 1 1 12 11 1 7 1 12 10 1 11 1 1 12 10 1 1 1 1 12 10 1 12 10 1 1 1 100 1 8 1 1 12 10 1 8 1 100 1 1 12 10 1 8 1 100 10 1 1 12 10 1 12 10 1 1 12 10 1 12 10 1 100 1 8 1 100 1 12 10 1 8 1 8 1 12 10 1 8 1 12 10 12 10 1 1 12 10 1 1 1 1 1 1 1 1
staticfield java/security/AccessController $assertionsDisabled Z 1
instanceKlass jdk/internal/reflect/GeneratedConstructorAccessor55
instanceKlass jdk/internal/reflect/GeneratedConstructorAccessor54
instanceKlass jdk/internal/reflect/GeneratedConstructorAccessor53
instanceKlass jdk/internal/reflect/GeneratedConstructorAccessor52
instanceKlass jdk/internal/reflect/GeneratedConstructorAccessor51
instanceKlass jdk/internal/reflect/GeneratedConstructorAccessor50
instanceKlass jdk/internal/reflect/GeneratedConstructorAccessor49
instanceKlass jdk/internal/reflect/GeneratedConstructorAccessor48
instanceKlass jdk/internal/reflect/GeneratedConstructorAccessor47
instanceKlass jdk/internal/reflect/GeneratedConstructorAccessor46
instanceKlass jdk/internal/reflect/GeneratedConstructorAccessor45
instanceKlass jdk/internal/reflect/GeneratedConstructorAccessor44
instanceKlass jdk/internal/reflect/GeneratedConstructorAccessor43
instanceKlass jdk/internal/reflect/GeneratedConstructorAccessor42
instanceKlass jdk/internal/reflect/GeneratedConstructorAccessor41
instanceKlass jdk/internal/reflect/GeneratedConstructorAccessor40
instanceKlass jdk/internal/reflect/GeneratedConstructorAccessor39
instanceKlass jdk/internal/reflect/GeneratedConstructorAccessor38
instanceKlass jdk/internal/reflect/GeneratedConstructorAccessor37
instanceKlass jdk/internal/reflect/GeneratedConstructorAccessor36
instanceKlass jdk/internal/reflect/GeneratedConstructorAccessor35
instanceKlass jdk/internal/reflect/GeneratedConstructorAccessor34
instanceKlass jdk/internal/reflect/GeneratedConstructorAccessor33
instanceKlass jdk/internal/reflect/GeneratedConstructorAccessor32
instanceKlass jdk/internal/reflect/GeneratedConstructorAccessor31
instanceKlass jdk/internal/reflect/GeneratedConstructorAccessor30
instanceKlass jdk/internal/reflect/GeneratedConstructorAccessor29
instanceKlass jdk/internal/reflect/GeneratedConstructorAccessor28
instanceKlass jdk/internal/reflect/GeneratedConstructorAccessor27
instanceKlass jdk/internal/reflect/GeneratedConstructorAccessor26
instanceKlass jdk/internal/reflect/GeneratedConstructorAccessor25
instanceKlass jdk/internal/reflect/GeneratedConstructorAccessor24
instanceKlass jdk/internal/reflect/GeneratedConstructorAccessor23
instanceKlass jdk/internal/reflect/GeneratedConstructorAccessor22
instanceKlass jdk/internal/reflect/GeneratedConstructorAccessor21
instanceKlass jdk/internal/reflect/GeneratedConstructorAccessor20
instanceKlass jdk/internal/reflect/GeneratedConstructorAccessor19
instanceKlass jdk/internal/reflect/GeneratedConstructorAccessor18
instanceKlass jdk/internal/reflect/GeneratedConstructorAccessor17
instanceKlass jdk/internal/reflect/GeneratedConstructorAccessor16
instanceKlass jdk/internal/reflect/GeneratedConstructorAccessor15
instanceKlass jdk/internal/reflect/GeneratedConstructorAccessor14
instanceKlass jdk/internal/reflect/GeneratedConstructorAccessor13
instanceKlass jdk/internal/reflect/GeneratedConstructorAccessor12
instanceKlass jdk/internal/reflect/GeneratedConstructorAccessor11
instanceKlass jdk/internal/reflect/GeneratedConstructorAccessor10
instanceKlass jdk/internal/reflect/GeneratedConstructorAccessor9
instanceKlass jdk/internal/reflect/GeneratedConstructorAccessor8
instanceKlass jdk/internal/reflect/GeneratedConstructorAccessor7
instanceKlass jdk/internal/reflect/GeneratedConstructorAccessor6
instanceKlass jdk/internal/reflect/GeneratedConstructorAccessor5
instanceKlass jdk/internal/reflect/GeneratedConstructorAccessor4
instanceKlass jdk/internal/reflect/GeneratedConstructorAccessor3
instanceKlass jdk/internal/reflect/GeneratedConstructorAccessor2
instanceKlass jdk/internal/reflect/BootstrapConstructorAccessorImpl
instanceKlass jdk/internal/reflect/GeneratedConstructorAccessor1
instanceKlass jdk/internal/reflect/DelegatingConstructorAccessorImpl
instanceKlass jdk/internal/reflect/NativeConstructorAccessorImpl
ciInstanceKlass jdk/internal/reflect/ConstructorAccessorImpl 1 1 21 1 100 1 7 1 100 1 1 12 10 1 1 1 100 1 100 1 100 1 1
instanceKlass jdk/internal/reflect/FieldAccessorImpl
instanceKlass jdk/internal/reflect/ConstructorAccessorImpl
instanceKlass jdk/internal/reflect/MethodAccessorImpl
ciInstanceKlass jdk/internal/reflect/MagicAccessorImpl 1 1 10 1 100 1 7 1 1 12 10 1
instanceKlass jdk/internal/reflect/GeneratedMethodAccessor36
instanceKlass jdk/internal/reflect/GeneratedMethodAccessor35
instanceKlass jdk/internal/reflect/GeneratedMethodAccessor34
instanceKlass jdk/internal/reflect/GeneratedMethodAccessor33
instanceKlass jdk/internal/reflect/GeneratedMethodAccessor32
instanceKlass jdk/internal/reflect/GeneratedMethodAccessor31
instanceKlass jdk/internal/reflect/GeneratedMethodAccessor30
instanceKlass jdk/internal/reflect/GeneratedMethodAccessor29
instanceKlass jdk/internal/reflect/GeneratedMethodAccessor28
instanceKlass jdk/internal/reflect/GeneratedMethodAccessor27
instanceKlass jdk/internal/reflect/GeneratedMethodAccessor26
instanceKlass jdk/internal/reflect/GeneratedMethodAccessor25
instanceKlass jdk/internal/reflect/GeneratedMethodAccessor24
instanceKlass jdk/internal/reflect/GeneratedMethodAccessor23
instanceKlass jdk/internal/reflect/GeneratedMethodAccessor22
instanceKlass jdk/internal/reflect/GeneratedMethodAccessor21
instanceKlass jdk/internal/reflect/GeneratedMethodAccessor20
instanceKlass jdk/internal/reflect/GeneratedMethodAccessor19
instanceKlass jdk/internal/reflect/GeneratedMethodAccessor18
instanceKlass jdk/internal/reflect/GeneratedMethodAccessor17
instanceKlass jdk/internal/reflect/GeneratedMethodAccessor16
instanceKlass jdk/internal/reflect/GeneratedMethodAccessor15
instanceKlass jdk/internal/reflect/GeneratedMethodAccessor14
instanceKlass jdk/internal/reflect/GeneratedMethodAccessor13
instanceKlass jdk/internal/reflect/GeneratedMethodAccessor12
instanceKlass jdk/internal/reflect/GeneratedMethodAccessor11
instanceKlass jdk/internal/reflect/GeneratedMethodAccessor10
instanceKlass jdk/internal/reflect/GeneratedMethodAccessor9
instanceKlass jdk/internal/reflect/GeneratedMethodAccessor8
instanceKlass jdk/internal/reflect/GeneratedMethodAccessor7
instanceKlass jdk/internal/reflect/GeneratedMethodAccessor6
instanceKlass jdk/internal/reflect/GeneratedMethodAccessor5
instanceKlass jdk/internal/reflect/GeneratedMethodAccessor4
instanceKlass jdk/internal/reflect/GeneratedMethodAccessor3
instanceKlass jdk/internal/reflect/GeneratedMethodAccessor2
instanceKlass jdk/internal/reflect/GeneratedMethodAccessor1
instanceKlass jdk/internal/reflect/DelegatingMethodAccessorImpl
instanceKlass jdk/internal/reflect/NativeMethodAccessorImpl
ciInstanceKlass jdk/internal/reflect/MethodAccessorImpl 1 1 19 1 100 1 7 1 100 1 1 12 10 1 1 1 100 1 100 1 1
ciInstanceKlass java/lang/Module 1 1 859 1 7 1 7 1 100 1 7 1 7 1 100 1 100 1 100 1 7 1 7 1 1 1 7 1 1 7 1 1 1 1 100 1 100 1 1 1 1 1 1 1 1 1 1 1 1 1 1 1 1 1 1 1 1 1 1 1 1 1 1 1 1 1 1 12 10 12 9 1 12 10 12 9 12 9 12 9 1 1 12 10 1 12 10 1 7 1 7 1 7 1 1 12 10 1 7 1 1 12 10 1 7 1 1 12 10 1 1 12 10 1 7 1 1 12 11 1 1 12 10 1 7 1 1 12 10 1 7 1 100 1 1 12 10 1 1 1 1 1 1 7 1 1 12 10 1 100 1 1 12 9 1 100 1 1 12 10 1 1 1 1 12 10 1 8 1 1 12 10 1 12 10 12 9 1 12 9 1 1 1 1 12 10 12 9 1 12 11 1 12 9 1 7 1 1 12 10 1 1 1 1 100 1 1 12 10 1 1 12 10 1 100 1 100 10 1 1 12 10 1 8 1 12 10 12 10 1 12 10 1 1 12 10 1 1 1 12 10 1 1 12 10 1 7 1 1 12 9 1 1 12 10 1 1 1 1 12 10 1 12 9 1 12 10 1 12 10 12 9 1 7 1 12 11 1 1 12 10 12 9 1 1 12 9 1 12 10 1 12 10 1 1 1 1 1 100 1 8 10 1 1 12 10 1 12 10 1 8 1 1 1 1 1 1 12 10 1 1 1 8 1 8 1 1 12 10 1 12 10 1 1 12 10 16 1 1 12 10 15 16 1 7 1 1 12 10 15 1 1 12 18 1 1 12 10 1 12 11 1 12 9 12 11 1 1 1 100 1 12 10 1 100 1 8 10 1 7 1 1 12 11 1 12 10 1 12 10 1 12 10 1 1 1 12 11 1 7 1 12 11 1 1 12 11 12 9 1 12 11 1 1 1 1 12 10 1 1 1 12 10 1 12 9 1 12 10 1 7 12 10 1 1 1 7 1 12 10 10 1 100 16 1 1 12 10 15 16 1 1 12 18 1 1 12 11 16 1 100 10 15 1 16 1 12 18 1 1 12 11 1 100 1 1 12 10 1 1 12 11 1 1 1 1 7 1 12 10 4 1 7 1 12 11 1 7 1 7 10 1 7 1 1 12 10 1 7 1 100 1 100 10 12 11 1 8 10 1 1 12 10 1 7 12 10 1 12 10 1 12 10 12 10 10 1 1 12 11 12 10 1 1 12 10 12 9 1 100 10 1 1 12 10 1 7 11 1 1 12 10 1 12 11 10 1 12 10 11 1 1 12 10 1 1 12 10 1 1 12 10 1 7 1 12 10 1 12 10 1 12 10 10 1 12 10 1 12 10 1 1 12 10 15 1 16 1 12 18 1 12 11 1 1 12 10 15 1 16 1 12 18 1 12 10 1 12 10 12 10 1 12 10 1 12 10 1 12 10 12 9 1 10 10 10 1 12 10 1 1 12 10 1 1 1 12 10 1 12 10 1 1 12 10 1 12 10 1 12 9 16 1 12 10 15 16 1 1 12 18 1 100 1 1 12 10 1 100 1 100 1 8 1 1 12 10 1 12 10 1 100 1 12 10 1 1 12 10 1 1 100 1 100 1 8 1 100 10 3 1 12 10 1 100 1 12 10 1 1 12 10 1 1 12 10 1 12 10 1 1 12 10 1 100 1 100 1 100 12 10 1 100 1 8 1 12 10 1 1 12 10 1 100 1 12 10 1 1 12 10 12 10 12 10 1 1 12 10 1 100 10 1 1 12 10 1 100 1 1 12 10 1 8 1 1 12 10 1 100 1 12 10 1 8 1 12 10 1 8 1 12 10 12 10 12 10 1 8 10 1 12 10 1 7 10 1 1 12 10 1 12 10 1 12 9 1 12 9 1 12 9 1 12 9 12 10 1 12 11 1 12 10 1 1 1 1 1 1 1 1
staticfield java/lang/Module ALL_UNNAMED_MODULE Ljava/lang/Module; java/lang/Module
staticfield java/lang/Module ALL_UNNAMED_MODULE_SET Ljava/util/Set; java/util/ImmutableCollections$Set12
staticfield java/lang/Module EVERYONE_MODULE Ljava/lang/Module; java/lang/Module
staticfield java/lang/Module EVERYONE_SET Ljava/util/Set; java/util/ImmutableCollections$Set12
staticfield java/lang/Module $assertionsDisabled Z 1
instanceKlass org/sonarsource/analyzer/commons/internal/json/simple/JSONArray
instanceKlass org/sonarsource/analyzer/commons/internal/json/simple/JSONArray
instanceKlass org/sonarsource/analyzer/commons/internal/json/simple/JSONArray
instanceKlass org/sonarsource/analyzer/commons/internal/json/simple/JSONArray
instanceKlass org/sonarsource/analyzer/commons/internal/json/simple/JSONArray
ciInstanceKlass java/util/ArrayList 1 1 415 1 7 1 1 7 1 100 1 100 1 100 1 100 1 7 1 7 1 100 1 100 1 7 1 7 1 1 1 1 1 1 5 0 1 1 3 1 1 1 1 1 1 1 1 12 10 1 7 12 9 12 9 1 100 1 100 10 1 8 1 1 12 10 1 12 10 1 1 12 10 1 12 10 12 9 1 1 1 7 1 1 12 11 12 9 1 1 12 10 7 1 7 1 1 12 10 1 1 12 9 1 12 10 1 1 1 12 10 1 7 1 1 12 10 1 7 1 1 12 10 1 1 1 1 1 1 1 12 10 1 1 12 10 1 12 10 1 1 12 10 1 1 1 100 12 10 1 100 1 12 10 1 1 1 7 1 1 12 10 1 1 1 1 1 1 1 7 1 12 10 12 10 1 1 1 1 1 1 12 10 1 12 10 1 1 1 12 10 1 1 1 12 10 1 1 12 10 1 1 12 10 1 12 10 1 1 100 10 1 1 12 11 1 100 1 12 11 1 12 11 1 12 10 1 1 1 12 10 12 10 1 1 1 1 1 1 1 1 1 100 1 1 12 10 10 1 1 12 10 1 12 10 1 8 1 8 1 8 1 8 1 1 1 1 12 10 1 1 1 100 1 1 12 10 12 11 1 1 1 100 1 100 1 12 10 1 12 10 1 12 10 1 1 1 100 1 100 1 12 10 1 12 10 1 100 1 1 12 10 1 100 1 1 12 11 12 10 1 100 1 8 10 1 1 1 1 12 10 1 1 1 1 12 10 1 1 1 1 1 12 10 1 12 10 1 1 1 1 7 12 10 1 12 11 1 1 1 1 12 10 1 1 1 1 1 1 1 1 1 1 12 10 1 1 7 1 12 11 12 10 1 100 12 10 12 10 1 1 1 1 1 12 10 1 1 7 1 12 11 1 1 1 1 12 10 1 1 1 1 1 1 1 1 1
staticfield java/util/ArrayList EMPTY_ELEMENTDATA [Ljava/lang/Object; 0 [Ljava/lang/Object;
staticfield java/util/ArrayList DEFAULTCAPACITY_EMPTY_ELEMENTDATA [Ljava/lang/Object; 0 [Ljava/lang/Object;
instanceKlass com/fasterxml/jackson/core/util/InternCache
instanceKlass org/h2/value/CaseInsensitiveConcurrentMap
instanceKlass com/fasterxml/jackson/core/util/InternCache
ciInstanceKlass java/util/concurrent/ConcurrentHashMap 1 1 1022 1 7 1 1 7 1 100 1 100 1 100 1 100 1 100 1 100 1 100 1 100 1 100 1 100 1 100 1 100 1 100 1 100 1 100 1 100 1 100 1 100 1 100 1 100 1 100 1 100 1 100 1 100 1 100 1 100 1 100 1 100 1 100 1 100 1 100 1 100 1 100 1 100 1 7 1 7 1 7 1 100 1 100 1 100 1 100 1 100 1 100 1 100 1 100 1 100 1 7 1 100 1 100 1 100 1 7 1 7 1 7 1 100 1 7 1 1 1 1 1 1 7 1 7 1 1 1 1 1 1 100 1 100 1 1 100 1 1 1 1 1 1 1 1 1 1 1 1 1 1 1 1 1 1 1 1 1 1 1 1 1 1 1 1 1 1 1 1 1 1 1 1 1 1 1 1 1 1 1 1 1 1 1 5 0 1 1 3 1 3 1 3 1 1 1 4 1 3 1 3 1 3 1 1 1 3 1 1 3 1 3 1 3 1 3 1 1 1 1 1 1 1 1 1 1 1 1 1 1 1 1 1 1 1 1 1 1 1 1 1 1 1 1 1 1 1 1 1 1 1 7 1 12 10 1 1 1 1 100 1 7 1 1 12 10 1 100 1 100 1 1 12 10 1 100 1 100 1 1 12 11 1 12 11 1 1 1 1 1 12 11 1 1 1 12 9 12 9 12 9 1 7 1 1 12 10 1 1 1 1 1 12 10 1 1 1 1 1 12 10 1 1 12 10 1 1 12 10 1 1 12 9 1 12 10 1 1 100 10 5 0 12 10 1 1 1 1 12 10 5 0 1 1 1 1 1 1 12 10 12 10 12 9 12 10 1 12 9 1 1 12 9 1 1 12 10 7 1 12 9 1 1 12 10 1 1 12 9 1 12 10 1 1 100 10 1 12 10 1 1 12 10 1 1 1 1 1 12 10 1 1 1 12 10 1 12 10 12 10 1 1 12 10 1 1 12 10 1 100 1 8 1 12 10 1 100 1 1 12 10 1 1 12 10 12 11 1 12 10 1 12 11 1 7 1 1 12 11 1 7 1 12 11 1 12 11 1 12 11 1 12 11 1 1 1 12 10 1 12 10 1 1 12 9 1 1 12 10 9 1 1 12 10 1 12 9 1 1 12 10 5 0 1 1 1 12 9 1 12 10 1 1 12 9 1 12 10 1 12 9 10 1 1 1 100 10 1 1 12 10 1 8 1 12 10 12 10 11 1 1 1 100 1 7 1 12 10 1 1 12 10 1 8 1 12 10 1 8 1 12 10 1 8 1 12 10 1 12 10 1 1 1 100 1 100 1 12 10 12 10 1 12 10 1 12 10 1 12 9 9 1 12 10 12 9 1 1 1 1 1 1 1 1 1 1 1 7 1 1 12 11 1 1 1 1 7 1 12 11 1 1 1 12 10 1 100 1 12 11 1 1 1 1 1 1 7 10 12 11 1 1 1 1 1 1 1 1 12 10 1 1 1 1 12 10 1 1 10 1 1 1 10 1 7 1 1 12 9 1 1 12 10 1 1 1 3 1 1 100 1 12 10 12 9 1 1 12 10 12 9 12 9 1 1 12 10 100 1 100 1 12 10 12 9 1 12 9 1 1 12 10 12 10 12 9 12 9 1 1 12 10 1 9 3 1 12 9 1 12 10 12 9 1 12 10 12 9 1 12 10 12 9 1 100 1 1 12 10 1 12 10 1 1 1 1 5 0 1 100 1 12 10 1 1 12 10 1 12 10 1 12 10 1 1 1 12 10 10 1 1 1 1 100 10 1 12 10 10 1 1 1 1 12 10 10 1 1 1 1 12 10 10 1 100 1 1 12 10 1 1 1 1 12 10 10 1 100 1 12 10 1 1 1 1 12 10 10 1 12 10 1 1 1 1 12 10 10 1 1 1 12 10 10 1 1 1 1 12 10 10 1 1 1 12 10 10 1 1 1 12 10 10 1 1 1 1 12 10 10 1 1 1 1 12 10 10 1 1 1 1 12 10 10 1 1 10 10 1 10 10 1 1 10 10 1 1 1 12 10 10 1 1 12 10 10 1 1 1 12 10 10 1 1 1 12 10 10 1 1 1 12 10 10 1 1 10 10 1 10 10 1 1 10 10 1 1 1 1 12 10 10 1 1 12 10 10 1 1 1 12 10 10 1 1 1 12 10 10 1 1 1 12 10 10 12 10 1 1 7 1 1 12 10 1 12 10 1 7 1 12 10 1 1 12 9 12 9 1 1 12 10 8 1 1 12 10 8 8 8 8 1 1 12 10 1 12 10 1 100 1 8 10 1 7 1 1 1 1 1 1 1
staticfield java/util/concurrent/ConcurrentHashMap NCPU I 12
staticfield java/util/concurrent/ConcurrentHashMap serialPersistentFields [Ljava/io/ObjectStreamField; 3 [Ljava/io/ObjectStreamField;
staticfield java/util/concurrent/ConcurrentHashMap U Ljdk/internal/misc/Unsafe; jdk/internal/misc/Unsafe
staticfield java/util/concurrent/ConcurrentHashMap SIZECTL J 20
staticfield java/util/concurrent/ConcurrentHashMap TRANSFERINDEX J 32
staticfield java/util/concurrent/ConcurrentHashMap BASECOUNT J 24
staticfield java/util/concurrent/ConcurrentHashMap CELLSBUSY J 36
staticfield java/util/concurrent/ConcurrentHashMap CELLVALUE J 144
staticfield java/util/concurrent/ConcurrentHashMap ABASE I 16
staticfield java/util/concurrent/ConcurrentHashMap ASHIFT I 2
ciInstanceKlass java/lang/String 1 1 1202 1 7 1 1 7 1 100 1 100 1 7 1 100 1 100 1 7 1 7 1 7 1 1 7 1 7 1 100 1 100 1 1 100 1 1 100 1 100 1 1 1 1 1 1 1 1 1 1 1 1 1 5 0 1 1 1 1 1 3 1 1 1 1 3 1 3 1 1 12 10 1 8 12 9 12 9 1 1 12 9 1 1 12 10 1 1 1 12 10 1 1 12 10 1 1 100 12 9 1 1 12 10 10 1 1 1 1 100 1 7 1 1 12 10 1 1 12 10 1 1 12 10 1 12 10 1 1 7 1 1 12 10 1 12 10 1 100 1 7 1 1 12 10 1 7 1 7 1 1 12 9 1 7 1 1 12 10 1 1 12 10 1 1 12 10 1 1 12 10 1 1 12 10 1 1 12 10 1 7 1 12 9 12 10 1 7 1 12 9 1 1 12 10 1 7 1 1 12 11 1 100 1 12 11 1 1 12 11 1 1 12 10 1 1 12 10 1 100 1 1 12 9 1 1 12 10 1 12 10 1 1 12 11 1 1 12 10 1 100 12 10 1 1 12 10 1 100 1 1 12 10 1 7 1 1 12 10 1 1 12 10 1 100 1 12 10 1 1 1 12 10 1 1 1 100 1 12 10 1 1 12 10 1 100 1 100 12 10 1 1 12 10 10 1 1 1 100 1 100 1 12 10 12 10 1 1 1 1 12 10 1 1 12 10 1 12 10 1 1 12 10 1 1 12 10 1 7 1 12 10 1 7 11 1 12 11 1 12 11 12 10 1 12 10 12 10 1 1 12 10 10 1 100 1 1 12 10 1 100 1 12 10 1 12 10 1 100 1 12 10 1 12 10 1 1 12 10 1 1 12 10 1 1 1 12 10 1 12 10 1 1 1 1 1 12 10 1 100 12 10 12 10 1 12 10 1 1 12 10 1 7 1 1 12 10 1 12 10 1 1 12 10 1 12 10 1 1 1 12 10 1 1 1 1 1 1 1 1 1 3 1 1 3 1 12 10 12 10 1 1 12 10 12 10 1 12 10 12 10 12 10 12 10 1 12 10 1 12 10 1 1 12 10 1 12 10 12 10 12 10 1 12 10 1 12 10 1 12 10 10 1 100 10 1 8 1 1 12 10 1 12 10 1 8 1 1 12 10 12 10 1 12 10 1 8 10 1 1 12 10 1 1 12 10 1 12 10 1 1 1 12 10 12 10 1 1 100 10 10 1 1 12 10 1 1 1 1 12 10 12 10 10 1 1 1 12 10 1 12 10 1 12 10 1 100 10 12 10 1 1 1 100 10 12 10 1 1 12 10 1 1 1 12 10 1 12 10 10 1 1 1 12 10 10 1 100 10 12 10 1 1 1 1 12 10 1 1 1 12 10 1 1 1 100 10 1 12 10 1 12 10 1 12 10 12 10 12 10 11 12 11 1 12 10 1 1 1 1 12 10 1 1 1 12 10 10 1 12 10 1 12 10 1 12 9 1 7 1 1 12 11 1 10 12 10 1 1 12 10 10 1 12 10 1 12 10 1 1 12 10 1 1 12 9 1 12 10 10 1 12 10 12 10 10 1 12 10 12 10 10 12 10 10 1 12 10 1 1 12 10 12 10 10 12 10 12 10 12 10 12 10 10 1 12 10 1 1 1 12 10 1 12 10 10 1 1 1 1 12 10 1 7 1 1 12 10 1 1 1 12 10 10 1 1 7 1 12 10 1 11 12 10 1 1 1 1 12 10 1 1 12 10 1 7 12 10 1 12 10 1 1 100 10 12 10 1 12 10 1 12 10 1 100 1 12 10 1 12 10 1 100 1 8 10 10 1 12 10 1 1 1 8 12 10 3 3 1 7 10 1 12 10 1 12 10 1 1 12 10 1 1 12 10 1 7 1 1 12 11 1 7 1 12 10 1 12 10 1 1 1 1 12 10 1 12 10 1 1 8 1 1 12 10 1 12 10 1 1 1 7 1 1 12 11 1 7 1 12 11 1 1 12 11 1 12 10 1 1 1 12 10 10 1 7 1 1 12 10 12 10 1 12 10 10 12 10 1 1 12 10 10 1 12 10 10 1 12 10 10 1 12 10 10 1 1 12 10 1 1 1 1 12 10 10 1 100 1 12 10 1 8 1 12 10 16 1 12 10 15 16 1 100 1 1 12 10 15 1 1 12 18 1 1 12 11 3 1 12 10 15 1 12 18 1 1 12 10 15 1 12 18 1 8 1 100 1 1 12 10 1 1 12 11 12 10 10 1 12 10 10 1 1 1 12 11 1 1 12 10 1 12 11 1 12 10 15 18 1 3 11 1 7 1 12 10 11 11 12 10 1 1 1 12 10 1 8 1 12 10 1 12 10 1 1 12 10 10 12 10 1 1 1 1 100 12 11 1 1 12 10 10 1 7 1 1 12 10 1 10 1 7 10 1 12 10 10 1 1 12 10 1 1 1 8 10 1 12 10 1 1 1 1 8 1 8 1 1 12 10 1 12 10 10 12 10 1 1 7 12 10 1 1 100 12 10 1 1 100 12 10 1 1 8 1 12 10 1 1 12 10 1 1 100 10 12 10 1 8 1 8 10 1 1 8 1 8 1 8 1 8 1 1 12 10 1 12 10 1 8 1 1 1 1 100 1 1 12 10 1 1 1 12 10 1 1 7 12 10 12 10 10 12 10 12 10 1 1 7 12 9 10 1 1 1 1 1 1 1 1 1 1
staticfield java/lang/String COMPACT_STRINGS Z 1
staticfield java/lang/String serialPersistentFields [Ljava/io/ObjectStreamField; 0 [Ljava/io/ObjectStreamField;
staticfield java/lang/String CASE_INSENSITIVE_ORDER Ljava/util/Comparator; java/lang/String$CaseInsensitiveComparator
ciInstanceKlass java/security/ProtectionDomain 1 1 283 1 7 1 7 1 7 1 100 1 7 1 100 1 100 1 1 1 1 1 1 1 1 1 1 1 1 1 1 1 1 1 1 1 1 12 10 12 9 10 12 9 12 9 12 9 1 7 1 12 10 1 7 1 12 9 1 100 12 9 1 7 12 9 12 9 1 1 100 100 1 1 12 10 1 1 1 1 1 1 1 1 1 1 1 1 1 100 1 1 12 10 1 12 10 12 10 1 12 9 1 100 1 12 9 1 1 12 10 10 1 100 1 100 1 1 12 10 1 1 1 8 1 100 1 8 1 12 10 1 7 10 1 100 1 12 10 1 1 12 10 1 8 11 1 8 12 10 1 8 1 8 1 12 10 1 12 10 1 12 10 12 10 1 8 1 12 10 1 8 1 8 1 100 1 100 1 1 12 10 1 100 1 1 12 9 12 10 1 100 1 1 12 9 1 1 12 10 1 12 10 1 100 1 1 12 10 10 1 100 1 12 10 1 1 12 10 1 100 1 100 1 12 11 1 12 11 1 1 12 11 1 100 1 12 10 10 1 1 12 11 1 1 12 11 1 12 10 1 12 10 1 100 1 12 10 1 12 11 12 10 1 1 8 1 8 1 7 1 1 12 10 10 1 7 1 1 12 10 1 1 1 1
staticfield java/security/ProtectionDomain filePermCompatInPD Z 0
ciInstanceKlass java/security/CodeSource 1 1 337 1 7 1 7 1 100 1 1 5 0 1 1 1 1 1 1 1 1 1 1 1 1 1 1 1 12 10 12 9 12 9 12 9 12 9 1 7 1 1 12 10 12 9 1 100 7 1 1 12 10 1 7 10 1 1 12 10 1 1 1 100 1 12 10 1 1 12 10 1 1 1 1 1 1 1 7 10 1 7 1 1 12 10 1 7 1 12 10 1 1 12 10 1 12 10 1 100 1 1 12 10 1 1 1 1 12 10 1 1 1 12 10 12 10 10 10 1 12 10 1 100 1 1 12 10 1 12 10 1 12 10 1 12 10 1 8 1 12 10 1 12 10 1 1 12 10 1 12 10 1 8 1 1 12 10 10 1 100 10 1 1 12 10 1 8 1 12 10 1 12 10 1 12 10 1 8 1 8 12 9 1 100 1 8 1 12 10 1 12 10 1 8 1 12 10 1 8 1 8 1 8 1 1 1 100 1 100 1 100 1 12 10 1 1 12 10 1 12 10 1 1 12 10 1 1 12 10 1 1 12 10 1 12 10 12 10 1 12 10 1 1 1 100 1 100 1 100 1 12 10 1 12 10 1 100 12 10 1 100 10 1 8 1 12 10 1 12 10 1 1 12 10 1 100 1 1 12 10 1 8 1 8 10 1 1 12 10 1 100 1 1 12 10 1 100 12 10 1 1 12 10 1 12 11 1 100 10 1 12 10 11 12 10 1 8 1 100 1 12 10 1 1 12 10 1 12 10 1 1 12 11 11 1 1 1 1
ciInstanceKlass java/lang/StringBuilder 1 1 371 1 7 1 1 7 1 100 1 100 1 100 1 1 5 0 1 1 1 1 12 10 1 12 10 1 12 10 1 1 1 12 10 1 1 1 7 1 1 12 10 1 12 10 1 12 10 1 1 12 10 1 1 12 10 1 1 12 10 1 1 12 10 1 1 12 10 1 1 12 10 1 1 12 10 1 1 12 10 1 1 12 10 1 1 12 10 1 1 12 10 1 12 10 1 1 1 12 10 1 12 10 1 1 1 12 10 1 1 1 12 10 1 1 12 10 1 1 12 10 1 1 12 10 1 1 12 10 1 1 12 10 1 1 12 10 1 1 12 10 12 10 1 1 12 10 1 1 12 10 1 1 12 10 1 1 12 10 1 12 10 1 12 10 12 10 1 1 1 12 10 1 1 1 1 12 10 1 1 12 9 1 1 12 9 1 7 1 1 12 10 1 7 10 1 1 1 100 1 100 1 12 10 1 12 10 1 1 12 10 1 1 12 10 1 100 10 1 12 10 1 1 1 100 1 100 1 12 10 1 12 10 1 12 10 1 100 1 8 10 1 1 12 10 1 1 12 10 1 12 10 12 10 12 10 12 10 12 10 12 10 12 10 12 10 12 10 12 10 12 10 12 10 12 10 12 10 1 1 12 10 1 1 12 10 1 12 10 12 10 12 10 12 10 12 10 12 10 12 10 12 10 12 10 12 10 12 10 12 10 12 10 12 10 12 10 12 10 1 12 10 1 1 12 10 1 12 10 1 1 12 10 1 12 10 1 1 12 10 1 12 10 1 1 12 10 1 12 10 1 12 10 1 12 10 10 1 12 10 1 1 1 1 12 10 1 1 1 1 1 1
ciInstanceKlass jdk/internal/loader/ClassLoaders 1 1 162 1 7 1 100 1 7 1 7 1 7 1 1 1 1 1 1 1 1 1 1 1 1 1 12 10 1 1 1 7 1 1 12 10 1 1 12 10 1 100 1 1 12 10 1 1 12 9 1 1 12 9 1 12 9 1 1 1 1 100 1 100 1 7 1 100 1 1 12 11 1 100 1 1 12 11 1 1 12 11 1 100 1 1 12 10 1 100 1 1 12 10 1 100 1 1 7 1 1 12 10 12 9 12 10 12 10 1 12 10 1 8 1 7 1 1 12 10 1 1 12 10 1 7 1 12 10 1 12 10 1 12 10 1 8 1 7 1 12 10 1 8 1 8 1 12 10 1 12 10 1 12 10 1 12 10 1 1 1 1 1 1
staticfield jdk/internal/loader/ClassLoaders JLA Ljdk/internal/access/JavaLangAccess; java/lang/System$2
staticfield jdk/internal/loader/ClassLoaders BOOT_LOADER Ljdk/internal/loader/ClassLoaders$BootClassLoader; jdk/internal/loader/ClassLoaders$BootClassLoader
staticfield jdk/internal/loader/ClassLoaders PLATFORM_LOADER Ljdk/internal/loader/ClassLoaders$PlatformClassLoader; jdk/internal/loader/ClassLoaders$PlatformClassLoader
staticfield jdk/internal/loader/ClassLoaders APP_LOADER Ljdk/internal/loader/ClassLoaders$AppClassLoader; jdk/internal/loader/ClassLoaders$AppClassLoader
ciInstanceKlass jdk/internal/misc/Unsafe 1 1 1203 1 7 1 7 1 1 1 1 3 1 1 1 1 1 1 1 1 1 1 1 1 1 1 1 1 1 1 1 1 1 1 12 10 1 1 12 9 1 1 1 1 1 1 1 1 1 1 1 1 1 1 1 1 1 1 1 1 1 1 1 1 1 1 1 1 1 1 1 1 1 1 1 1 1 1 1 12 9 12 10 1 7 1 1 12 10 12 10 1 12 10 12 10 1 1 1 12 10 1 12 10 1 12 10 1 12 10 1 12 10 1 12 10 1 1 1 1 1 12 10 1 12 10 1 12 10 1 12 10 12 10 12 10 1 1 1 100 10 1 1 1 1 12 10 12 10 1 5 0 1 1 1 12 10 12 10 1 1 1 1 7 1 1 12 10 1 1 12 10 1 12 10 1 12 10 12 10 1 1 12 10 1 12 10 1 12 10 1 100 1 100 10 1 8 1 1 12 10 1 12 10 1 8 1 1 12 10 1 12 10 12 10 1 1 1 12 10 1 12 10 1 12 10 1 1 1 12 10 1 12 10 1 12 10 12 10 1 1 1 12 10 1 12 10 1 12 10 1 1 1 12 10 1 12 10 5 0 5 0 5 0 1 12 10 1 12 10 1 12 10 1 1 12 10 1 12 10 1 12 10 1 12 10 1 12 10 1 1 12 10 1 12 10 1 12 10 1 100 1 8 10 1 1 1 100 10 1 12 10 1 1 1 12 10 1 1 12 10 1 1 1 12 10 1 1 1 1 12 10 1 1 12 10 1 1 1 1 12 10 1 1 12 10 1 1 1 7 1 12 9 1 12 9 1 1 1 1 100 10 1 12 10 1 1 1 1 100 1 1 1 1 8 10 1 8 1 8 1 12 10 1 7 1 1 12 9 1 100 9 1 7 9 1 7 9 9 1 100 9 1 7 9 1 100 9 1 1 1 1 1 1 1 12 10 1 1 12 10 1 1 1 1 1 1 1 1 12 10 1 1 12 10 1 1 1 1 1 5 0 5 0 1 1 12 9 1 12 10 12 10 1 1 12 10 1 12 10 1 12 10 1 1 1 1 1 1 1 8 3 1 1 12 10 1 12 10 1 12 10 1 1 1 1 1 1 1 1 1 1 12 10 1 1 12 10 1 12 10 1 12 10 1 1 12 10 1 12 10 1 12 10 1 1 1 1 1 1 12 10 1 12 10 1 12 10 1 12 10 1 1 12 10 1 12 10 1 12 10 1 1 1 1 12 10 1 1 1 1 12 10 1 12 10 1 12 10 1 12 10 1 12 10 1 12 10 1 1 1 1 1 12 10 1 1 12 10 1 1 1 1 12 10 1 12 10 1 1 12 10 1 1 12 10 1 1 12 10 1 1 12 10 1 1 12 10 1 1 12 10 1 1 1 1 1 1 1 1 1 1 1 1 1 1 1 1 1 1 12 10 1 12 10 1 12 10 1 12 10 1 12 10 1 1 12 10 1 12 10 1 12 10 1 12 10 1 12 10 1 12 10 1 12 10 1 12 10 1 12 10 1 12 10 1 12 10 1 12 10 1 1 1 1 1 1 1 1 1 1 1 1 1 1 1 1 1 1 1 1 1 1 1 1 1 12 10 1 1 1 1 12 10 1 1 1 1 12 10 1 1 1 1 12 10 1 1 1 1 12 10 1 1 12 10 1 12 10 1 12 10 1 1 1 1 1 1 1 1 1 1 1 1 1 1 1 1 12 10 1 12 10 12 10 1 12 10 12 10 1 1 1 1 1 12 10 1 12 10 1 12 10 1 1 1 1 12 10 1 12 10 1 12 10 1 12 10 1 12 10 1 12 10 1 12 10 1 12 10 1 12 10 1 1 12 10 1 1 12 10 1 1 12 10 1 1 12 10 1 1 12 10 1 1 12 10 1 1 12 10 1 1 12 10 1 1 12 10 1 1 12 10 1 1 12 10 1 1 12 10 1 1 12 10 1 1 12 10 1 1 12 10 1 1 12 10 1 1 12 10 1 1 12 10 1 1 1 1 1 1 1 1 1 1 1 1 1 1 1 1 1 1 1 1 1 1 12 10 1 12 10 1 1 100 10 1 1 100 10 1 1 1 12 9 1 5 0 1 1 12 10 5 0 1 12 10 5 0 1 12 10 1 12 10 1 1 12 10 1 1 1 12 10 1 12 10 1 12 10 1 12 10 1 1 1 12 10 1 12 10 1 12 10 1 1 12 10 1 12 10 1 1 1 12 10 1 12 10 1 12 10 1 12 10 1 1 1 12 10 1 12 10 1 12 10 1 1 1 12 10 1 12 10 1 1 12 10 1 1 1 12 10 12 10 1 12 10 10 1 1 12 10 1 12 10 1 1 1 12 10 12 10 12 10 5 0 5 0 5 0 1 1 12 10 1 12 10 1 12 10 12 10 1 1 1 100 1 12 10 1 8 1 100 1 1 12 11 1 8 1 1 12 11 1 100 1 12 10 1 1 1 1 1 3 1 1 1 12 10 1 12 10 1 1 12 10 1 12 10 1 12 10 1 12 10 1 12 10 1 1 1 12 10 1 12 10 1 1 1 12 10 1 1 12 10 10 1 7 12 10 12 9 1 7 12 9 1 7 12 9 1 7 12 9 1 7 12 9 1 7 12 9 1 7 12 9 1 7 12 9 1 7 12 9 12 10 12 9 12 9 12 9 12 9 12 9 12 9 12 9 12 9 12 9 1 12 9 1 1 1 1 1 1 1
staticfield jdk/internal/misc/Unsafe theUnsafe Ljdk/internal/misc/Unsafe; jdk/internal/misc/Unsafe
staticfield jdk/internal/misc/Unsafe ARRAY_BOOLEAN_BASE_OFFSET I 16
staticfield jdk/internal/misc/Unsafe ARRAY_BYTE_BASE_OFFSET I 16
staticfield jdk/internal/misc/Unsafe ARRAY_SHORT_BASE_OFFSET I 16
staticfield jdk/internal/misc/Unsafe ARRAY_CHAR_BASE_OFFSET I 16
staticfield jdk/internal/misc/Unsafe ARRAY_INT_BASE_OFFSET I 16
staticfield jdk/internal/misc/Unsafe ARRAY_LONG_BASE_OFFSET I 16
staticfield jdk/internal/misc/Unsafe ARRAY_FLOAT_BASE_OFFSET I 16
staticfield jdk/internal/misc/Unsafe ARRAY_DOUBLE_BASE_OFFSET I 16
staticfield jdk/internal/misc/Unsafe ARRAY_OBJECT_BASE_OFFSET I 16
staticfield jdk/internal/misc/Unsafe ARRAY_BOOLEAN_INDEX_SCALE I 1
staticfield jdk/internal/misc/Unsafe ARRAY_BYTE_INDEX_SCALE I 1
staticfield jdk/internal/misc/Unsafe ARRAY_SHORT_INDEX_SCALE I 2
staticfield jdk/internal/misc/Unsafe ARRAY_CHAR_INDEX_SCALE I 2
staticfield jdk/internal/misc/Unsafe ARRAY_INT_INDEX_SCALE I 4
staticfield jdk/internal/misc/Unsafe ARRAY_LONG_INDEX_SCALE I 8
staticfield jdk/internal/misc/Unsafe ARRAY_FLOAT_INDEX_SCALE I 4
staticfield jdk/internal/misc/Unsafe ARRAY_DOUBLE_INDEX_SCALE I 8
staticfield jdk/internal/misc/Unsafe ARRAY_OBJECT_INDEX_SCALE I 4
staticfield jdk/internal/misc/Unsafe ADDRESS_SIZE I 8
ciInstanceKlass java/lang/ThreadGroup 1 1 263 1 7 1 7 1 100 1 7 1 1 1 1 1 1 1 1 1 1 1 1 1 1 1 1 1 1 1 12 10 12 9 1 8 12 9 12 9 12 9 1 1 1 12 10 1 1 12 10 1 12 10 1 1 12 10 1 12 10 12 9 1 1 12 10 1 12 10 1 1 1 1 1 1 1 1 1 1 1 3 1 12 9 1 1 1 1 1 100 1 1 12 10 12 9 12 9 1 7 1 1 12 10 100 1 100 12 10 1 1 1 1 7 1 1 12 10 1 100 12 10 1 12 9 12 10 1 1 1 12 10 1 12 9 1 12 10 1 12 10 1 1 12 10 1 1 1 12 10 1 1 1 1 12 10 12 10 1 12 10 10 1 12 10 1 12 10 10 1 1 100 10 12 10 1 12 10 1 12 10 1 1 7 1 12 10 1 1 1 1 12 9 1 12 10 1 100 1 8 1 12 10 1 1 12 10 1 1 12 10 1 1 12 10 11 1 100 1 12 9 1 100 10 1 8 1 1 12 10 12 10 1 8 1 12 10 1 1 12 10 1 1 1 12 10 1 100 10 1 8 10 1 8 1 12 10 1 8 1 1 1 1 1
instanceKlass org/springframework/core/SortedProperties
instanceKlass org/h2/util/SortedProperties
instanceKlass java/security/Provider
ciInstanceKlass java/util/Properties 1 1 545 1 7 1 1 7 1 7 1 7 1 1 7 1 7 1 1 100 1 7 1 1 1 1 5 0 1 1 1 1 1 1 1 1 1 1 12 10 1 1 1 100 1 12 10 12 10 12 9 12 9 12 9 1 7 1 12 10 1 1 1 1 12 10 1 1 1 100 1 8 1 7 1 1 12 10 12 10 1 1 12 10 1 1 8 12 10 1 7 12 10 1 1 12 10 1 1 12 9 1 1 12 10 1 7 1 12 10 1 12 10 1 1 12 10 1 100 1 8 1 12 10 100 1 12 10 1 1 12 10 1 1 1 12 10 3 10 1 7 1 1 12 10 1 12 10 1 1 12 10 1 8 1 12 10 1 1 12 10 1 1 1 8 1 7 1 12 10 1 1 12 10 1 12 10 1 1 1 1 12 10 1 1 12 10 1 100 1 1 12 10 1 7 1 7 1 1 12 9 1 12 10 12 10 1 7 10 10 1 1 12 10 1 7 1 1 12 11 1 100 1 7 1 1 12 11 1 1 12 11 1 12 11 1 12 11 12 10 1 8 1 100 1 12 10 1 1 100 1 12 10 1 100 10 1 12 10 1 100 1 12 10 1 1 100 1 12 9 1 12 10 1 1 100 1 100 1 100 1 1 12 10 1 100 10 1 8 1 8 1 12 10 1 1 1 12 10 12 10 1 1 1 1 10 1 1 12 10 1 12 10 1 1 1 7 10 1 12 10 1 12 11 1 7 1 1 12 10 1 1 1 8 1 100 1 12 10 11 1 8 1 1 100 10 1 11 1 1 12 10 1 12 10 1 1 12 10 1 1 12 10 1 1 1 12 10 1 1 12 10 1 12 10 1 12 10 10 1 12 10 1 1 12 10 1 12 10 10 1 1 1 12 10 1 1 1 12 10 1 10 1 12 10 1 12 10 1 12 10 1 12 10 1 1 1 12 10 1 1 1 12 10 1 12 10 1 12 10 1 1 12 10 12 10 1 1 1 12 10 1 1 1 12 10 1 12 10 1 1 1 12 10 1 1 1 1 12 10 12 10 1 1 1 100 10 1 100 1 12 11 4 11 1 1 12 10 1 100 1 12 10 1 12 11 1 1 12 10 1 1 1 100 1 100 1 12 10 1 12 10 1 100 1 8 1 12 10 10 1 100 1 1 12 10 1 100 6 0 1 1 12 10 1 100 1 1 12 11 1 12 10 1 1 1 12 10 1 1 1 1 1 1 1 1 1
staticfield java/util/Properties UNSAFE Ljdk/internal/misc/Unsafe; jdk/internal/misc/Unsafe
instanceKlass java/util/Hashtable
ciInstanceKlass java/util/Dictionary 1 1 28 1 100 1 1 7 1 1 12 10 1 1 1 1 1 1 1 1 1 1 1 1 1 1 1 1 1 1
instanceKlass java/util/Properties
ciInstanceKlass java/util/Hashtable 1 1 436 1 7 1 1 7 1 100 1 100 1 100 1 7 1 7 1 100 1 100 1 100 1 100 1 1 100 1 1 1 1 1 100 1 100 1 1 1 1 1 1 1 1 1 1 1 1 1 5 0 1 3 1 1 1 1 1 1 1 1 1 3 1 3 1 3 1 1 1 12 10 12 9 1 100 1 100 10 1 8 1 1 12 10 1 12 10 1 1 12 10 1 12 10 1 7 1 1 12 10 1 8 1 12 10 12 9 12 9 4 1 7 1 1 12 10 12 9 1 4 12 10 1 1 1 1 12 11 1 1 12 10 1 12 10 1 12 9 1 1 1 1 1 1 1 12 10 1 1 1 1 1 100 10 100 1 1 12 9 1 7 1 12 10 1 1 12 9 1 12 10 1 1 12 10 3 1 12 9 1 12 9 1 1 1 1 1 1 1 12 10 1 12 10 1 1 1 12 10 1 1 12 11 1 100 1 1 12 11 1 100 1 12 11 1 12 11 1 12 11 1 12 11 12 10 1 1 1 1 12 10 12 10 12 9 12 9 12 9 1 1 100 10 1 100 1 12 10 10 1 8 10 1 12 10 1 8 10 1 100 1 8 1 1 100 1 12 10 1 12 10 1 1 1 1 12 10 1 1 12 10 1 1 12 10 1 10 1 1 10 1 1 12 10 1 100 12 11 12 11 10 1 1 10 1 1 1 1 100 1 12 10 1 100 1 1 12 11 1 100 10 1 1 1 1 100 1 12 11 1 1 1 1 1 1 1 1 1 100 12 11 1 1 1 1 12 10 1 1 1 1 1 1 100 1 12 10 1 100 1 12 10 1 12 10 1 100 1 12 10 1 1 1 1 1 100 1 12 10 1 1 12 10 8 1 12 10 1 100 1 8 10 4 12 10 4 1 12 10 1 8 12 10 1 100 1 1 12 10 1 100 1 100 1 1 12 11 1 1 12 10 12 10 1 1 12 10 1 10 1 1 1 1 1 1 1
instanceKlass org/apache/commons/io/input/AbstractInputStream
instanceKlass org/eclipse/jgit/lib/ObjectStream
instanceKlass sun/security/ssl/SSLSocketImpl$AppInputStream
instanceKlass sun/nio/ch/NioSocketImpl$1
instanceKlass java/net/Socket$SocketInputStream
instanceKlass org/h2/mvstore/StreamStore$Stream
instanceKlass org/h2/store/CountingReaderInputStream
instanceKlass sun/nio/ch/ChannelInputStream
instanceKlass java/io/SequenceInputStream
instanceKlass com/sun/org/apache/xerces/internal/impl/XMLEntityManager$RewindableInputStream
instanceKlass java/util/jar/JarVerifier$VerifierStream
instanceKlass java/io/ObjectInputStream
instanceKlass org/sonarsource/sonarlint/core/backend/cli/EndOfStreamAwareInputStream
instanceKlass java/util/zip/ZipFile$ZipFileInputStream
instanceKlass java/io/FilterInputStream
instanceKlass java/io/FileInputStream
instanceKlass java/io/ByteArrayInputStream
ciInstanceKlass java/io/InputStream 1 1 150 1 7 1 7 1 100 1 100 1 1 3 1 3 1 3 1 1 12 10 1 1 10 1 1 1 100 1 1 12 10 1 7 1 1 12 10 12 10 1 1 3 1 1 12 10 1 100 1 8 1 12 10 1 7 1 7 1 7 1 1 12 10 1 100 1 8 10 1 7 1 1 12 10 1 7 10 1 1 12 11 1 1 12 10 1 1 12 11 1 7 1 1 12 11 1 1 12 11 1 7 1 1 12 10 1 1 5 0 1 12 10 1 1 12 10 1 100 10 1 8 10 1 1 1 1 1 1 8 1 1 1 1 8 1 1 12 10 1 7 1 1 12 10 1 1 1 1 1 1
ciInstanceKlass java/io/ByteArrayInputStream 1 1 77 1 7 1 7 1 1 1 1 1 1 1 1 1 12 10 12 9 12 9 12 9 12 9 1 1 100 1 1 12 10 1 1 1 1 7 1 1 12 10 1 7 1 1 12 10 1 1 1 100 1 1 12 10 1 12 10 1 1 1 100 1 100 1 12 10 1 1 1 1 1 1 1 1 1 1 1
instanceKlass org/eclipse/jgit/util/FS$GobblerThread
instanceKlass jdk/internal/net/http/HttpClientImpl$SelectorManager
instanceKlass org/sonar/api/utils/command/CommandExecutor$StreamGobbler
instanceKlass org/h2/engine/OnExitDatabaseCloser
instanceKlass org/h2/mvstore/FileStore$BackgroundWriterThread
instanceKlass org/springframework/context/support/AbstractApplicationContext$1
instanceKlass java/util/concurrent/ForkJoinWorkerThread
instanceKlass java/util/logging/LogManager$Cleaner
instanceKlass jdk/internal/misc/InnocuousThread
instanceKlass java/lang/ref/Finalizer$FinalizerThread
instanceKlass java/lang/ref/Reference$ReferenceHandler
ciInstanceKlass java/lang/Thread 1 1 559 1 7 1 7 1 7 1 100 1 100 1 100 1 100 1 100 1 100 1 7 1 1 1 1 1 1 1 1 1 1 1 1 1 1 1 1 1 1 1 1 1 1 1 1 1 1 1 1 1 1 1 1 1 1 1 1 1 3 1 3 1 3 1 1 1 1 1 1 1 1 1 1 1 1 1 1 1 12 9 1 1 12 9 1 1 1 1 12 10 12 9 12 9 1 100 1 100 1 1 1 1 1 100 1 1 100 1 8 1 1 12 10 3 1 8 5 0 12 10 1 1 12 10 12 9 12 9 12 9 12 9 1 100 1 8 10 1 7 1 100 1 100 12 9 1 7 1 1 12 10 1 100 1 1 12 10 10 1 12 10 1 1 12 10 1 1 12 10 1 100 1 1 12 9 1 1 12 10 1 12 10 12 9 1 1 12 10 1 12 10 12 9 1 1 12 10 12 9 1 7 1 1 12 10 12 9 12 9 1 1 12 10 1 1 12 10 12 9 12 10 12 9 1 1 1 100 10 1 7 10 1 8 1 1 12 10 12 10 1 12 10 1 1 12 10 1 12 10 1 1 12 10 1 1 1 1 1 1 12 9 1 100 10 1 1 12 10 1 12 10 1 12 10 1 12 11 1 1 7 1 1 12 9 1 12 10 1 12 10 12 10 12 9 1 1 1 1 10 1 12 9 1 12 10 1 100 10 1 1 12 10 1 12 9 1 12 10 12 11 1 12 10 1 1 12 9 1 1 1 12 10 1 12 10 10 1 12 10 1 12 10 1 1 12 10 1 1 12 10 1 1 12 10 1 1 100 10 1 12 10 1 12 10 1 12 10 1 100 1 1 12 9 1 1 12 10 12 10 1 1 100 1 8 10 1 12 10 1 1 1 12 10 1 8 12 10 1 8 10 1 8 1 8 1 1 100 1 12 10 1 100 1 1 12 10 1 1 1 100 8 10 1 1 1 1 1 12 9 12 9 1 1 12 10 1 100 100 10 12 10 1 1 1 1 12 9 1 1 12 10 1 100 12 10 1 100 1 100 1 1 12 11 1 1 1 12 9 1 1 12 9 1 1 12 10 1 12 10 1 100 1 1 12 11 1 100 1 12 10 1 1 12 10 1 12 11 1 12 10 1 12 10 1 1 12 10 1 1 1 1 7 1 1 12 10 1 1 8 12 9 1 1 1 1 1 1 12 10 1 1 12 11 1 1 100 1 1 12 10 1 12 11 1 100 1 12 10 1 7 1 1 1 1 1 1 1 1 1
staticfield java/lang/Thread EMPTY_STACK_TRACE [Ljava/lang/StackTraceElement; 0 [Ljava/lang/StackTraceElement;
instanceKlass java/lang/Exception
instanceKlass java/lang/Error
ciInstanceKlass java/lang/Throwable 1 1 353 1 7 1 7 1 100 1 7 1 100 1 7 1 100 1 1 1 1 1 1 5 0 1 1 1 1 1 1 1 1 1 1 1 1 1 1 1 1 1 8 1 1 8 1 1 8 1 1 8 1 1 1 1 1 1 12 10 12 9 12 9 12 9 12 9 12 9 1 1 12 10 1 12 9 1 1 1 1 12 10 1 100 1 1 1 12 10 1 1 1 1 100 1 7 10 1 8 1 1 12 10 1 8 1 100 1 12 10 10 12 10 1 100 1 8 10 1 1 1 12 10 1 7 1 12 10 12 10 1 8 1 1 100 1 1 12 9 1 12 10 12 10 1 12 10 1 7 10 1 7 1 1 12 10 1 7 1 1 12 11 1 1 12 10 1 1 12 10 1 1 12 10 100 1 8 1 12 10 1 1 12 10 100 1 8 1 1 12 10 12 10 1 8 1 12 9 1 100 1 12 10 1 100 10 1 12 11 1 8 1 8 1 7 1 12 10 1 8 1 12 10 1 8 1 12 10 12 9 1 12 10 1 1 12 10 12 9 1 1 12 10 1 1 1 100 1 8 12 10 1 1 1 100 1 100 1 100 1 12 10 1 1 12 10 1 100 1 100 1 1 12 10 1 12 10 1 100 1 1 12 11 1 100 1 1 12 11 1 12 11 1 1 12 10 10 10 1 1 12 9 1 8 1 1 1 12 10 10 1 100 1 8 10 1 1 12 11 1 8 1 1 1 12 9 1 100 1 12 10 1 11 12 9 1 1 12 11 1 1 12 10 1 1 12 10 1 1 1 1 1 1 1
staticfield java/lang/Throwable UNASSIGNED_STACK [Ljava/lang/StackTraceElement; 0 [Ljava/lang/StackTraceElement;
staticfield java/lang/Throwable SUPPRESSED_SENTINEL Ljava/util/List; java/util/Collections$EmptyList
staticfield java/lang/Throwable EMPTY_THROWABLE_ARRAY [Ljava/lang/Throwable; 0 [Ljava/lang/Throwable;
staticfield java/lang/Throwable $assertionsDisabled Z 1
instanceKlass org/sonarsource/analyzer/commons/internal/json/simple/parser/ParseException
instanceKlass org/sonarsource/analyzer/commons/internal/json/simple/parser/ParseException
instanceKlass org/sonarsource/analyzer/commons/internal/json/simple/parser/ParseException
instanceKlass javassist/NotFoundException
instanceKlass javassist/CannotCompileException
instanceKlass javassist/bytecode/BadBytecode
instanceKlass org/sonarsource/analyzer/commons/internal/json/simple/parser/ParseException
instanceKlass org/sonarsource/analyzer/commons/internal/json/simple/parser/ParseException
instanceKlass javax/xml/stream/XMLStreamException
instanceKlass org/eclipse/jgit/errors/InvalidPatternException
instanceKlass java/util/zip/DataFormatException
instanceKlass org/eclipse/jgit/errors/BinaryBlobException
instanceKlass org/eclipse/jgit/errors/CommandFailedException
instanceKlass org/eclipse/jgit/errors/ConfigInvalidException
instanceKlass org/eclipse/jgit/api/errors/GitAPIException
instanceKlass java/util/concurrent/TimeoutException
instanceKlass sun/security/ec/ECOperations$IntermediateValueException
instanceKlass sun/security/pkcs11/wrapper/PKCS11Exception
instanceKlass java/security/PrivilegedActionException
instanceKlass org/h2/security/auth/AuthenticationException
instanceKlass javax/transaction/xa/XAException
instanceKlass io/sentry/exception/SentryEnvelopeException
instanceKlass io/sentry/exception/InvalidSentryTraceHeaderException
instanceKlass sun/nio/fs/WindowsException
instanceKlass org/springframework/expression/AccessException
instanceKlass java/beans/IntrospectionException
instanceKlass org/apache/hc/core5/http/HttpException
instanceKlass java/util/concurrent/ExecutionException
instanceKlass ch/qos/logback/core/boolex/EvaluationException
instanceKlass org/sonarsource/sonarlint/core/rules/RuleNotFoundException
instanceKlass org/sonarsource/sonarlint/core/issue/IssueNotFoundException
instanceKlass java/net/URISyntaxException
instanceKlass javax/naming/NamingException
instanceKlass ch/qos/logback/core/model/processor/ModelHandlerException
instanceKlass ch/qos/logback/core/spi/ScanException
instanceKlass ch/qos/logback/core/joran/spi/ActionException
instanceKlass javax/xml/parsers/ParserConfigurationException
instanceKlass org/xml/sax/SAXException
instanceKlass ch/qos/logback/core/util/DynamicClassLoadingException
instanceKlass ch/qos/logback/core/util/IncompatibleClassException
instanceKlass ch/qos/logback/core/joran/spi/JoranException
instanceKlass java/security/GeneralSecurityException
instanceKlass java/lang/CloneNotSupportedException
instanceKlass java/sql/SQLException
instanceKlass java/text/ParseException
instanceKlass java/io/IOException
instanceKlass java/lang/InterruptedException
instanceKlass java/lang/ReflectiveOperationException
instanceKlass java/lang/RuntimeException
ciInstanceKlass java/lang/Exception 1 1 27 1 100 1 7 1 1 5 0 1 1 12 10 1 12 10 1 12 10 1 12 10 1 12 10 1 1
instanceKlass java/lang/InstantiationException
instanceKlass java/lang/NoSuchFieldException
instanceKlass java/lang/NoSuchMethodException
instanceKlass java/lang/IllegalAccessException
instanceKlass java/lang/reflect/InvocationTargetException
instanceKlass java/lang/ClassNotFoundException
ciInstanceKlass java/lang/ReflectiveOperationException 1 1 24 1 100 1 7 1 1 5 0 1 1 12 10 1 12 10 1 12 10 1 12 10 1 1
instanceKlass javassist/bytecode/annotation/NoSuchClassError
instanceKlass com/google/common/util/concurrent/ExecutionError
instanceKlass java/lang/AssertionError
instanceKlass java/util/ServiceConfigurationError
instanceKlass java/lang/VirtualMachineError
instanceKlass java/lang/LinkageError
instanceKlass java/lang/ThreadDeath
ciInstanceKlass java/lang/Error 1 1 27 1 100 1 7 1 1 5 0 1 1 12 10 1 12 10 1 12 10 1 12 10 1 12 10 1 1
ciInstanceKlass java/lang/ThreadDeath 0 0 15 1 100 1 100 1 1 5 0 1 1 12 10 1 1
ciInstanceKlass java/lang/ClassNotFoundException 1 1 80 1 7 1 7 1 100 1 100 1 1 100 1 100 1 1 1 5 0 1 1 1 1 1 7 1 12 10 1 1 12 10 1 1 1 12 10 1 1 1 100 1 1 12 10 1 8 1 1 12 10 1 12 10 1 1 1 1 12 10 1 1 12 10 1 12 10 1 1 7 1 12 10 12 9 1 1 1 1 1
staticfield java/lang/ClassNotFoundException serialPersistentFields [Ljava/io/ObjectStreamField; 1 [Ljava/io/ObjectStreamField;
instanceKlass java/lang/VerifyError
instanceKlass java/lang/ClassCircularityError
instanceKlass java/lang/ExceptionInInitializerError
instanceKlass java/lang/UnsatisfiedLinkError
instanceKlass java/lang/ClassFormatError
instanceKlass java/lang/IncompatibleClassChangeError
instanceKlass java/lang/BootstrapMethodError
instanceKlass java/lang/NoClassDefFoundError
ciInstanceKlass java/lang/LinkageError 1 1 21 1 100 1 7 1 1 5 0 1 1 12 10 1 12 10 1 12 10 1 1
instanceKlass org/sonar/plugins/common/InputFileContext$CandidateIssue
instanceKlass org/sonar/plugins/secrets/api/Match
instanceKlass org/sonar/plugins/secrets/configuration/model/matching/filter/DecodedBase64Module
instanceKlass org/sonarsource/sonarlint/visualstudio/roslyn/http/AnalysisResponseDto
instanceKlass org/sonarsource/sonarlint/visualstudio/roslyn/http/AnalysisRequestDto
instanceKlass org/sonar/plugins/secrets/api/SpecificationConfiguration
instanceKlass com/sonar/cpp/plugin/AnalysisMetrics$AnalysisQualityScoreStats
instanceKlass org/sonarsource/sonarlint/core/commons/util/git/BlameResult
instanceKlass org/sonarsource/sonarlint/core/commons/util/git/ProcessWrapperFactory$ProcessExecutionResult
instanceKlass org/jooq/impl/Expression$Expr
instanceKlass org/jooq/impl/AbstractContext$AliasOverride
instanceKlass com/sonar/cpp/plugin/AbstractRulesDefinition$MisraRulesReader
instanceKlass org/sonar/plugins/javascript/bridge/BridgeServer$Issue
instanceKlass org/sonar/plugins/javascript/bridge/BridgeServer$ParsingError
instanceKlass org/sonar/plugins/javascript/bridge/BridgeServer$IssueLocation
instanceKlass org/sonar/plugins/javascript/bridge/BridgeServer$Metrics
instanceKlass org/sonar/plugins/javascript/api/JsFile
instanceKlass org/sonar/plugins/dotnet/tests/UnitTestConfiguration
instanceKlass org/sonar/plugins/dotnet/tests/coverage/CoverageConfiguration
instanceKlass org/sonarsource/sonarlint/core/rule/extractor/RuleSettings
instanceKlass org/sonar/plugins/javascript/bridge/BridgeServer$CssAnalysisRequest
instanceKlass org/sonar/plugins/javascript/bridge/BridgeServer$TelemetryData
instanceKlass org/sonar/plugins/javascript/bridge/BridgeServer$JsAnalysisRequest
instanceKlass org/sonar/plugins/javascript/bridge/BridgeServerConfig
instanceKlass org/sonar/plugins/javascript/bridge/BridgeServer$AnalysisResponse
instanceKlass org/sonar/plugins/javascript/bridge/BridgeServer$BridgeResponse
instanceKlass org/sonarsource/sonarlint/visualstudio/roslyn/http/ActiveRuleDto
instanceKlass org/sonarsource/sonarlint/visualstudio/roslyn/http/AnalyzerInfoDto
instanceKlass org/springframework/core/io/support/SpringFactoriesLoader$Factories
instanceKlass org/jooq/SQLDialect$RequiredVersion
instanceKlass jdk/net/UnixDomainPrincipal
instanceKlass org/sonarsource/sonarlint/core/telemetry/TelemetryFixSuggestionReceivedCounter
instanceKlass org/springframework/cglib/core/MethodWrapper$MethodWrapperKey
instanceKlass org/springframework/cglib/proxy/Enhancer$EnhancerKey
instanceKlass org/sonarsource/sonarlint/core/promotion/campaign/storage/CampaignsLocalStorage
instanceKlass org/sonarsource/sonarlint/core/promotion/campaign/storage/CampaignsLocalStorage$Campaign
instanceKlass org/sonarsource/sonarlint/core/telemetry/gessie/event/GessieEvent
instanceKlass org/sonarsource/sonarlint/core/telemetry/TelemetryConnectionAttributes
instanceKlass org/sonarsource/sonarlint/core/telemetry/TelemetryServerAttributes
instanceKlass org/sonarsource/sonarlint/core/telemetry/measures/payload/TelemetryMeasuresPayload
instanceKlass org/sonarsource/sonarlint/core/event/MatchingSessionEndedEvent
instanceKlass org/sonarsource/sonarlint/core/event/FixSuggestionReceivedEvent
instanceKlass org/sonarsource/sonarlint/core/analysis/AutomaticAnalysisSettingChangedEvent
instanceKlass org/sonarsource/sonarlint/core/analysis/IssuesRaisedEvent
instanceKlass org/sonarsource/sonarlint/core/promotion/campaign/CampaignShownEvent
instanceKlass org/sonarsource/sonarlint/core/promotion/campaign/CampaignResolvedEvent
instanceKlass org/sonarsource/sonarlint/core/monitoring/MonitoringInitializationParams
instanceKlass org/sonarsource/sonarlint/core/http/HttpConfig
instanceKlass org/sonarsource/sonarlint/core/embedded/server/AnalyzeFileListRequestHandler$RawFindingResponse
instanceKlass org/sonarsource/sonarlint/core/embedded/server/AnalyzeFileListRequestHandler$AnalyzeFileListResult
instanceKlass org/sonarsource/sonarlint/core/embedded/server/AnalyzeFileListRequestHandler$AnalyzeFileListRequest
instanceKlass org/sonarsource/sonarlint/core/event/DependencyRisksSynchronizedEvent
instanceKlass org/sonarsource/sonarlint/core/serverapi/sca/GetIssuesReleasesResponse$IssuesRelease
instanceKlass org/sonarsource/sonarlint/core/serverconnection/issues/ServerDependencyRisk
instanceKlass org/sonarsource/sonarlint/core/serverapi/fixsuggestions/AiSuggestionResponseBodyDto$ChangeDto
instanceKlass org/sonarsource/sonarlint/core/remediation/aicodefix/AiCodeFixService$BindingWithOrg
instanceKlass org/sonarsource/sonarlint/core/serverconnection/aicodefix/AiCodeFix
instanceKlass org/sonarsource/sonarlint/core/serverapi/fixsuggestions/AiSuggestionRequestBodyDto
instanceKlass org/sonarsource/sonarlint/core/serverapi/fixsuggestions/AiSuggestionResponseBodyDto
instanceKlass org/sonarsource/sonarlint/core/event/TelemetryUpdatedEvent
instanceKlass org/sonarsource/sonarlint/core/repository/reporting/RaisedIssue
instanceKlass org/sonarsource/sonarlint/core/analysis/RawIssueDetectedEvent
instanceKlass org/sonarsource/sonarlint/core/analysis/AnalysisFailedEvent
instanceKlass org/sonarsource/sonarlint/core/tracking/TrackingService$MatchingResult
instanceKlass org/sonarsource/sonarlint/core/serverconnection/SonarServerSettingsChangedEvent
instanceKlass org/sonarsource/sonarlint/core/SonarCodeContextService$CliParams
instanceKlass org/sonarsource/sonarlint/core/serverconnection/aicodefix/AiCodeFixSettings
instanceKlass org/sonarsource/sonarlint/core/remediation/aicodefix/AiCodeFixFeature
instanceKlass org/sonarsource/sonarlint/core/serverconnection/storage/UpdateSummary
instanceKlass org/sonarsource/sonarlint/core/serverconnection/issues/ServerTaintIssue$ServerIssueLocation
instanceKlass org/sonarsource/sonarlint/core/serverconnection/issues/ServerTaintIssue$Flow
instanceKlass org/sonarsource/sonarlint/core/websocket/events/SmartNotificationEvent
instanceKlass org/sonarsource/sonarlint/core/sync/AnalyzerConfigurationSynchronized
instanceKlass org/sonarsource/sonarlint/core/active/rules/ActiveRuleDetails
instanceKlass org/sonarsource/sonarlint/core/active/rules/ServerActiveRulesChanged
instanceKlass org/sonarsource/sonarlint/core/sync/PluginsSynchronizedEvent
instanceKlass org/sonarsource/sonarlint/core/fs/FileOpenedEvent
instanceKlass org/sonarsource/sonarlint/core/analysis/AnalysisService$AnalysisConfig
instanceKlass org/sonarsource/sonarlint/core/event/ConfigurationScopeRemovedEvent
instanceKlass org/sonarsource/sonarlint/core/event/ConfigurationScopesAddedWithBindingEvent
instanceKlass org/sonarsource/sonarlint/core/ConnectionSuggestionProvider$ConnectionAndBindingSuggestions
instanceKlass org/sonarsource/sonarlint/core/event/ConnectionConfigurationAddedEvent
instanceKlass org/sonarsource/sonarlint/core/embedded/server/handler/ShowFixSuggestionRequestHandler$ChangesPayload
instanceKlass org/sonarsource/sonarlint/core/embedded/server/handler/ShowFixSuggestionRequestHandler$FixSuggestionPayload
instanceKlass org/sonarsource/sonarlint/core/embedded/server/handler/ShowHotspotRequestHandler$ShowHotspotQuery
instanceKlass org/sonarsource/sonarlint/core/serverapi/component/ServerProject
instanceKlass org/sonarsource/sonarlint/core/plugin/PluginStatusesChangedEvent
instanceKlass org/sonarsource/sonarlint/core/serverconnection/StoredServerInfo
instanceKlass org/sonarsource/sonarlint/core/plugin/PluginStatus
instanceKlass org/sonarsource/sonarlint/core/event/ConnectionConfigurationUpdatedEvent
instanceKlass org/sonarsource/sonarlint/core/commons/Binding
instanceKlass org/sonarsource/sonarlint/core/repository/config/ConfigurationScopeWithBinding
instanceKlass org/sonarsource/sonarlint/core/event/ConnectionConfigurationRemovedEvent
instanceKlass org/sonarsource/sonarlint/core/repository/config/ConfigurationScope
instanceKlass org/sonarsource/sonarlint/core/repository/config/BindingConfiguration
instanceKlass org/sonarsource/sonarlint/core/event/BindingConfigChangedEvent
instanceKlass org/sonarsource/sonarlint/core/analysis/AnalysisResult
instanceKlass sun/security/pkcs/SignerInfo$AlgorithmInfo
ciInstanceKlass java/lang/Record 1 1 16 1 100 1 7 1 1 12 10 1 1 1 1 1 1 1
ciInstanceKlass java/lang/StringLatin1 1 1 288 1 7 1 100 1 100 1 100 1 1 1 1 1 1 12 10 1 1 1 100 1 12 10 1 1 1 1 1 1 1 1 1 1 1 1 1 12 10 1 1 7 1 1 12 10 1 12 10 1 1 1 1 1 7 1 1 12 10 1 1 1 1 1 1 12 10 1 7 1 1 12 10 1 12 10 1 12 10 10 1 12 10 1 7 1 1 12 10 10 1 1 100 1 7 1 1 12 9 1 1 12 10 1 7 1 1 12 10 1 12 10 1 1 12 10 1 1 12 10 1 12 10 1 1 1 1 7 1 1 12 10 1 12 10 1 1 12 10 1 1 100 12 9 1 100 10 1 100 1 100 1 1 12 10 1 7 1 1 12 10 1 12 10 1 12 10 1 100 1 8 1 12 10 1 8 1 1 12 10 1 1 1 100 10 10 1 7 1 1 12 10 1 8 1 8 1 8 1 1 12 10 1 100 1 12 10 1 12 10 1 1 12 10 1 12 10 1 100 1 1 12 10 1 12 10 12 10 12 10 1 12 10 12 10 1 1 10 1 1 12 10 1 1 12 10 12 10 1 1 1 1 1 1 1 12 10 1 100 1 1 12 10 1 1 1 1 12 10 1 1 1 12 10 10 1 1 7 1 1 12 10 1 1 1 1 1 1
staticfield java/lang/StringLatin1 $assertionsDisabled Z 1
ciMethod java/lang/StringLatin1 inflate ([BI[CII)V 218 26694 504 0 -1
ciMethod java/lang/StringLatin1 toChars ([B)[C 512 0 5377 0 416
ciInstanceKlass java/lang/StringUTF16 1 1 468 1 7 1 100 1 100 1 100 1 100 1 1 1 1 1 1 1 3 1 1 1 1 12 10 1 1 1 100 10 1 100 1 100 10 1 8 1 1 12 10 1 12 10 1 8 1 1 12 10 1 12 10 1 1 1 12 9 1 1 12 10 1 100 1 8 1 12 10 12 9 12 9 1 1 1 1 10 1 1 12 10 12 10 1 7 1 1 12 10 1 12 10 1 1 12 10 1 12 10 1 1 1 12 10 1 1 1 12 10 12 10 1 1 1 1 12 10 1 1 12 10 1 100 12 10 1 1 12 10 1 1 12 10 1 12 10 1 1 1 12 10 1 12 10 1 100 1 100 1 12 10 10 1 1 12 10 1 12 10 1 1 1 1 1 1 1 1 1 1 12 10 1 12 10 1 7 1 1 12 10 1 1 100 1 12 10 12 10 1 1 1 12 10 1 12 10 1 1 12 10 1 1 12 10 1 12 10 1 12 10 1 1 12 10 1 1 3 1 1 12 10 1 12 10 1 12 10 1 1 12 10 1 7 1 12 10 1 12 10 1 1 12 10 1 1 1 12 9 1 12 10 12 10 1 12 10 1 1 100 12 10 12 10 10 1 100 12 10 12 10 10 1 100 1 1 12 10 1 7 1 1 12 10 1 12 10 1 12 10 1 8 1 8 1 1 1 1 12 10 1 1 100 10 1 100 1 1 12 10 1 100 1 12 10 1 8 1 8 1 8 1 1 12 10 1 1 12 10 12 10 1 12 10 1 100 1 12 10 1 1 12 10 1 12 10 1 100 1 12 10 12 10 12 10 1 12 10 12 10 1 1 1 12 10 1 1 12 10 1 12 10 1 12 10 12 10 1 1 1 1 1 1 1 12 10 1 100 1 1 12 10 1 1 1 1 1 12 10 1 1 12 10 1 1 100 1 12 11 1 1 1 1 1 12 10 1 1 12 10 1 1 1 1 1 1 1 1 1 12 10 1 1 1 1 1 1 12 9 1 12 9 5 0 5 0 1 12 10 12 10 12 10 1 1 7 1 12 10 12 10 1 1 1 1 1 1 1
staticfield java/lang/StringUTF16 HI_BYTE_SHIFT I 0
staticfield java/lang/StringUTF16 LO_BYTE_SHIFT I 8
staticfield java/lang/StringUTF16 $assertionsDisabled Z 1
ciMethod java/lang/StringUTF16 toChars ([B)[C 8 0 4 0 -1
ciInstanceKlass java/lang/Boolean 1 1 136 1 7 1 1 7 1 100 1 100 1 100 1 1 1 1 1 1 1 1 1 1 1 5 0 1 1 1 1 1 1 3 1 12 10 12 9 1 1 1 12 10 12 10 1 8 1 7 1 12 10 1 1 1 1 1 12 9 12 9 1 1 1 1 8 1 1 1 1 12 10 1 1 12 10 1 1 100 1 100 1 7 1 1 12 10 1 100 1 1 1 1 12 10 1 1 1 1 1 1 1 1 100 1 12 9 12 9 1 100 1 100 1 1 12 10 1 12 10 1 1 8 1 7 1 1 12 10 12 9 1 1 1 1 1 1
staticfield java/lang/Boolean TRUE Ljava/lang/Boolean; java/lang/Boolean
staticfield java/lang/Boolean FALSE Ljava/lang/Boolean; java/lang/Boolean
staticfield java/lang/Boolean TYPE Ljava/lang/Class; java/lang/Class
instanceKlass java/util/concurrent/locks/AbstractQueuedSynchronizer
ciInstanceKlass java/util/concurrent/locks/AbstractOwnableSynchronizer 1 1 25 1 7 1 7 1 100 1 1 5 0 1 1 1 1 12 10 1 1 12 9 1 1 1 1
instanceKlass com/google/gson/internal/LazilyParsedNumber
instanceKlass com/google/gson/internal/LazilyParsedNumber
instanceKlass com/google/gson/internal/LazilyParsedNumber
instanceKlass com/google/gson/internal/LazilyParsedNumber
instanceKlass com/google/gson/internal/LazilyParsedNumber
instanceKlass org/jooq/types/YearToMonth
instanceKlass org/jooq/types/YearToSecond
instanceKlass org/jooq/types/DayToSecond
instanceKlass org/jooq/types/UNumber
instanceKlass java/util/concurrent/atomic/Striped64
instanceKlass com/google/gson/internal/LazilyParsedNumber
instanceKlass java/math/BigInteger
instanceKlass java/math/BigDecimal
instanceKlass java/util/concurrent/atomic/AtomicLong
instanceKlass java/util/concurrent/atomic/AtomicInteger
instanceKlass java/lang/Long
instanceKlass java/lang/Integer
instanceKlass java/lang/Short
instanceKlass java/lang/Byte
instanceKlass java/lang/Double
instanceKlass java/lang/Float
ciInstanceKlass java/lang/Number 1 1 31 1 100 1 7 1 100 1 1 5 0 1 1 12 10 1 1 1 1 1 1 1 1 1 1 12 10 1 1 1 1
instanceKlass java/lang/LiveStackFrameInfo
ciInstanceKlass java/lang/StackFrameInfo 0 0 123 1 100 1 100 1 100 1 100 1 1 1 1 1 1 1 1 1 1 1 1 1 1 12 10 12 9 9 12 9 1 100 1 1 12 11 12 9 1 1 1 1 1 12 11 1 1 12 10 1 100 1 12 10 1 12 10 1 1 12 11 1 1 1 12 11 1 1 12 11 1 1 1 1 12 10 12 9 1 1 1 12 10 1 100 12 10 1 12 10 1 1 12 11 1 12 10 12 9 1 1 12 10 1 100 1 100 1 8 1 12 10 1 1 100 1 1 12 10 1 1 1 1
ciInstanceKlass java/lang/LiveStackFrameInfo 0 0 85 1 100 1 100 1 100 1 100 1 100 1 1 1 100 1 1 1 1 1 3 1 3 1 1 1 1 1 1 12 10 12 9 12 9 12 9 12 9 12 9 1 1 1 1 1 1 1 100 12 10 1 12 10 1 8 1 1 12 10 1 8 1 8 1 8 10 1 1 1 12 10 1 1 12 10 1 1 1 100 1 1 1 1 1
ciInstanceKlass java/lang/Character 1 1 531 1 7 1 1 7 1 100 1 100 1 100 1 1 7 1 100 1 100 1 100 1 1 1 1 1 1 3 1 3 1 1 3 1 3 1 1 1 1 1 1 3 1 1 3 1 3 1 3 1 3 1 3 1 3 1 3 1 3 1 3 1 3 1 3 1 3 1 3 1 3 1 3 1 3 1 3 1 3 1 3 1 3 1 3 1 3 1 3 1 3 1 3 1 3 1 3 1 3 1 1 1 1 1 1 1 1 1 1 1 1 1 1 1 1 1 1 1 3 1 1 1 1 1 1 3 1 3 1 3 1 3 1 1 1 3 1 1 3 1 1 1 5 0 1 1 1 1 1 1 1 1 100 1 1 12 9 1 8 1 1 12 9 1 100 12 9 1 100 1 1 12 10 1 100 1 1 12 10 1 100 1 1 12 10 1 1 1 1 1 1 1 12 10 1 1 1 1 12 9 12 10 1 1 1 1 1 12 10 1 1 12 10 1 1 1 7 1 12 10 1 1 12 10 1 1 1 1 3 1 1 1 3 1 1 1 12 10 12 10 1 1 1 1 3 1 1 1 7 1 1 12 11 1 12 11 12 10 1 1 1 12 10 1 100 10 1 1 12 10 1 3 1 1 1 12 10 12 10 1 1 12 10 1 100 1 8 1 1 12 10 1 12 10 1 12 10 12 10 1 1 1 12 10 1 1 1 12 10 1 12 10 1 7 1 12 10 10 1 12 10 10 1 12 10 1 12 10 1 12 10 10 1 12 10 1 12 10 1 12 10 1 1 1 12 10 1 1 12 10 1 1 12 10 1 12 10 12 10 10 12 10 10 1 12 10 10 1 12 10 10 1 12 10 10 1 1 12 10 10 1 12 10 10 1 12 10 10 1 1 1 12 10 10 1 12 10 10 1 5 0 1 12 10 1 12 10 10 1 12 10 10 1 1 1 1 1 12 10 10 1 12 10 10 1 1 1 12 10 1 12 9 1 100 10 12 10 1 12 10 1 3 1 1 100 1 1 12 10 12 10 1 12 10 1 100 10 12 10 1 1 12 10 1 1 12 10 1 8 1 12 10 1 100 1 1 12 9 1 12 10 10 1 1 1 100 1 12 10 1 12 10 1 12 10 10 1 1 12 10 10 12 10 1 8 1 12 10 1 1 7 1 1 12 10 1 8 1 1 12 10 12 9 1 1 1 1 1 1 1 1
staticfield java/lang/Character TYPE Ljava/lang/Class; java/lang/Class
staticfield java/lang/Character $assertionsDisabled Z 1
ciInstanceKlass java/lang/Float 1 1 199 1 7 1 1 7 1 100 1 100 1 100 1 1 100 1 100 1 1 1 4 1 4 1 4 1 4 1 4 1 4 1 1 3 1 3 1 3 1 3 1 1 1 1 1 1 5 0 1 1 1 7 1 12 10 1 1 100 1 1 12 10 1 1 12 10 1 100 1 12 10 1 8 1 8 1 100 1 1 12 10 1 1 1 100 1 1 12 10 1 1 12 10 1 1 10 1 1 1 1 1 1 1 1 3 1 12 10 12 9 1 1 1 12 10 12 10 1 12 10 1 1 1 1 1 1 1 1 1 1 1 1 1 1 12 10 1 12 10 1 1 1 12 10 3 1 1 1 1 1 1 12 10 1 1 1 12 10 1 12 10 1 1 1 1 100 1 1 12 10 1 1 1 12 10 1 1 100 12 10 1 1 8 1 7 1 1 12 10 12 9 1 1 1 1 1 1 1 1
staticfield java/lang/Float TYPE Ljava/lang/Class; java/lang/Class
ciInstanceKlass java/lang/Double 1 1 253 1 7 1 1 7 1 100 1 100 1 100 1 1 100 1 100 1 1 1 6 0 1 6 0 1 6 0 1 6 0 1 6 0 1 6 0 1 1 3 1 3 1 3 1 3 1 1 1 1 1 1 5 0 1 1 1 7 1 12 10 1 1 1 12 10 12 10 1 100 1 1 12 10 1 100 1 1 12 10 6 0 1 8 1 1 12 10 1 8 1 1 12 10 1 8 1 1 12 10 5 0 5 0 1 8 1 8 1 100 1 100 1 12 10 1 1 12 10 1 8 1 1 12 10 1 8 1 8 1 8 1 1 12 10 1 12 10 1 1 12 10 1 12 10 1 12 10 1 1 1 100 1 1 12 10 1 12 10 1 1 10 1 1 1 1 1 1 3 1 12 10 12 9 1 1 12 10 12 10 1 1 1 1 1 1 1 1 1 1 1 1 1 12 10 1 12 10 5 0 1 1 1 1 1 1 12 10 1 1 12 10 1 12 10 1 1 1 1 100 1 1 12 10 1 1 1 12 10 1 1 100 12 10 1 1 8 1 7 1 1 12 10 12 9 1 1 1 1 1 1 1 1
staticfield java/lang/Double TYPE Ljava/lang/Class; java/lang/Class
ciInstanceKlass java/lang/Byte 1 1 197 1 7 1 1 7 1 100 1 100 1 1 7 1 1 1 3 1 3 1 1 1 1 1 1 3 1 3 1 1 5 0 1 1 1 100 1 12 10 1 1 1 1 100 1 1 12 9 1 8 1 1 12 9 1 100 1 1 12 10 1 1 12 10 1 100 1 1 12 10 1 100 1 1 12 10 1 1 1 1 12 9 1 1 1 100 1 1 12 10 1 100 1 1 12 10 1 8 1 1 12 10 1 8 1 12 10 1 12 10 1 12 10 1 12 10 1 12 10 1 12 10 1 1 12 10 10 1 8 1 8 1 1 1 1 1 10 12 9 1 1 1 1 1 1 1 1 1 1 1 12 10 1 1 12 10 1 1 12 10 1 1 1 1 12 10 1 1 12 10 1 1 5 0 1 12 10 1 1 8 1 7 1 1 12 10 12 9 1 1 1 1 1 1 1 1 1
staticfield java/lang/Byte TYPE Ljava/lang/Class; java/lang/Class
ciInstanceKlass java/lang/Short 1 1 204 1 7 1 1 7 1 100 1 100 1 1 7 1 1 1 3 1 3 1 1 1 1 1 1 3 1 3 1 1 5 0 1 1 1 100 1 12 10 1 1 1 100 1 1 12 10 1 100 1 1 12 10 1 8 1 1 12 10 1 8 1 12 10 1 12 10 1 12 10 1 12 10 1 1 1 12 10 1 12 10 1 1 1 1 100 1 1 12 9 1 8 1 1 12 9 1 100 1 1 12 10 1 12 10 1 100 1 1 12 10 1 100 1 1 12 10 1 1 1 12 9 1 12 10 1 1 12 10 10 1 8 1 8 1 1 1 1 3 10 12 9 1 1 1 1 1 1 1 1 1 1 1 12 10 1 1 12 10 1 1 12 10 1 1 1 1 12 10 1 1 12 10 1 1 3 3 1 1 5 0 1 12 10 1 1 8 1 7 1 1 12 10 12 9 1 1 1 1 1 1 1 1 1
staticfield java/lang/Short TYPE Ljava/lang/Class; java/lang/Class
ciInstanceKlass java/lang/Integer 1 1 390 1 7 1 1 7 1 100 1 100 1 100 1 1 7 1 1 100 1 100 1 1 1 3 1 3 1 1 1 1 1 1 1 1 1 1 1 1 3 1 3 1 1 5 0 1 1 1 12 10 1 7 1 1 12 9 100 12 9 1 100 1 1 12 10 1 12 10 1 100 1 1 12 10 10 1 1 1 12 10 1 100 1 12 10 1 1 12 10 1 1 1 1 12 10 1 7 1 1 12 10 1 1 12 10 1 1 12 10 1 12 10 1 1 12 10 1 1 12 10 10 1 12 10 12 9 12 9 1 1 1 7 1 8 1 12 10 1 100 1 12 10 1 8 1 1 12 10 1 12 10 1 8 1 12 10 1 8 1 1 12 10 3 1 1 12 10 1 1 12 10 1 7 1 1 12 10 1 1 7 1 1 12 10 1 7 11 1 100 10 11 1 1 12 10 1 8 1 12 10 1 1 8 1 100 1 1 12 10 1 1 12 10 5 0 1 8 12 10 1 12 10 12 10 1 1 1 12 10 1 1 12 9 1 1 12 9 1 12 10 1 1 1 1 3 10 12 9 1 1 1 1 1 1 1 1 1 1 1 1 12 10 1 1 12 10 1 1 12 10 1 100 1 100 1 7 1 1 12 10 1 100 1 12 10 1 1 12 10 1 8 1 8 1 1 12 10 1 8 1 8 1 8 1 8 1 8 1 8 1 12 10 12 10 1 1 1 12 10 1 5 0 1 1 1 1 3 1 1 3 3 3 1 1 1 1 12 10 1 3 1 1 12 10 1 1 1 1 100 1 1 12 10 1 1 1 12 10 1 1 100 12 10 1 1 8 1 7 1 1 12 10 12 9 3 3 3 3 3 12 9 1 1 1 1 1 1 1 1 1
staticfield java/lang/Integer TYPE Ljava/lang/Class; java/lang/Class
staticfield java/lang/Integer digits [C 36
staticfield java/lang/Integer DigitTens [B 100
staticfield java/lang/Integer DigitOnes [B 100
staticfield java/lang/Integer sizeTable [I 10
ciInstanceKlass java/lang/Long 1 1 440 1 7 1 1 7 1 100 1 100 1 100 1 1 7 1 1 100 1 100 1 1 1 5 0 1 5 0 1 1 1 1 1 1 3 1 3 1 5 0 1 1 1 12 10 1 7 1 1 12 9 1 100 1 7 1 1 12 9 1 7 1 1 12 10 1 12 10 1 100 1 1 12 10 10 1 12 10 1 12 10 1 12 10 1 12 10 5 0 5 0 1 7 1 1 12 10 1 1 12 10 1 12 10 1 12 10 1 12 10 1 1 12 10 1 100 1 12 10 1 12 10 1 1 12 10 1 1 12 10 1 1 12 10 1 1 12 10 1 7 1 1 12 10 1 1 12 10 1 12 10 1 12 10 1 1 1 12 10 1 1 12 10 10 12 10 5 0 5 0 1 12 9 1 12 9 5 0 1 1 1 100 1 8 1 12 10 1 8 1 12 10 1 8 1 8 1 1 12 10 5 0 1 1 12 10 1 1 12 10 1 7 1 1 12 10 1 1 100 1 1 12 10 1 100 11 1 100 10 11 1 1 12 10 1 8 1 12 10 1 1 8 1 100 1 1 12 10 12 10 1 8 1 8 1 1 12 11 1 12 10 12 10 1 1 12 10 1 1 5 0 5 0 1 1 12 9 1 12 10 1 1 1 12 10 1 8 1 8 1 1 12 10 1 8 1 8 1 8 1 8 1 8 1 8 1 12 10 12 10 1 1 12 10 1 1 1 1 3 10 12 9 1 1 1 1 1 1 1 1 1 1 12 10 1 1 1 1 12 10 1 1 100 1 100 1 100 1 1 12 10 1 100 12 10 1 1 1 1 12 10 1 1 1 5 0 1 1 1 1 1 12 10 1 12 10 1 5 0 5 0 5 0 1 1 1 1 1 12 10 1 5 0 5 0 1 12 10 1 12 10 1 1 1 1 100 1 1 12 10 1 1 1 12 10 1 1 100 12 10 1 1 8 1 7 1 1 12 10 12 9 1 1 1 1 1 1 1 1 1
staticfield java/lang/Long TYPE Ljava/lang/Class; java/lang/Class
ciInstanceKlass java/util/WeakHashMap$Entry 1 1 89 1 7 1 1 7 1 100 1 100 1 1 100 1 1 1 1 1 1 1 1 1 1 1 1 12 10 12 9 12 9 12 9 1 1 1 1 12 10 1 1 12 10 1 1 1 1 1 1 12 10 11 1 100 12 10 12 10 11 1 1 1 100 1 12 10 1 1 1 100 1 12 10 1 1 12 10 1 8 1 12 10 12 10 1 1 1 1 1
instanceKlass java/lang/ref/PhantomReference
instanceKlass java/lang/ref/FinalReference
instanceKlass java/lang/ref/WeakReference
instanceKlass java/lang/ref/SoftReference
ciInstanceKlass java/lang/ref/Reference 1 1 179 1 7 1 1 7 1 7 1 7 1 1 1 1 1 1 1 1 1 1 1 1 1 1 1 1 1 1 1 1 1 1 1 12 9 1 7 1 12 9 1 1 12 10 1 12 10 12 9 12 10 12 9 1 100 12 9 1 7 1 12 10 1 12 10 12 10 1 1 100 12 10 1 12 10 1 1 1 1 12 9 1 1 1 1 12 10 1 12 10 1 1 12 10 1 12 9 1 100 1 100 1 12 10 12 9 1 1 1 1 1 1 12 9 1 1 100 10 1 1 1 12 10 1 10 1 1 1 1 7 1 12 10 1 7 1 1 12 10 1 1 12 10 1 7 1 12 10 1 8 1 12 10 1 1 12 10 1 1 12 10 1 12 10 10 1 7 1 1 12 10 1 1 1 1 1 1 1 1
staticfield java/lang/ref/Reference processPendingLock Ljava/lang/Object; java/lang/Object
staticfield java/lang/ref/Reference $assertionsDisabled Z 1
instanceKlass java/util/ResourceBundle$BundleReference
instanceKlass sun/util/locale/provider/LocaleResources$ResourceReference
instanceKlass sun/util/resources/Bundles$BundleReference
instanceKlass org/springframework/util/ConcurrentReferenceHashMap$SoftEntryReference
instanceKlass sun/security/util/MemoryCache$SoftCacheEntry
instanceKlass java/lang/invoke/LambdaFormEditor$Transform
instanceKlass sun/util/locale/LocaleObjectCache$CacheEntry
ciInstanceKlass java/lang/ref/SoftReference 1 1 32 1 7 1 1 7 1 1 1 1 1 1 12 10 12 9 12 9 1 1 12 10 1 1 1 12 10 1 100 1 1 1
ciMethod java/lang/ref/Reference refersToImpl (Ljava/lang/Object;)Z 512 0 13742 0 96
instanceKlass java/util/ResourceBundle$KeyElementReference
instanceKlass sun/nio/ch/FileLockTable$FileLockReference
instanceKlass org/springframework/cglib/core/WeakCacheKey
instanceKlass java/util/logging/LogManager$LoggerWeakRef
instanceKlass java/util/logging/Level$KnownLevel
instanceKlass java/lang/WeakPairMap$WeakRefPeer
instanceKlass java/lang/ClassValue$Entry
instanceKlass java/lang/invoke/MethodType$ConcurrentWeakInternSet$WeakEntry
instanceKlass java/lang/ThreadLocal$ThreadLocalMap$Entry
instanceKlass java/util/WeakHashMap$Entry
ciInstanceKlass java/lang/ref/WeakReference 1 1 17 1 100 1 1 7 1 1 1 12 10 1 1 12 10 1 1
ciInstanceKlass java/lang/ThreadLocal$ThreadLocalMap$Entry 1 1 26 1 7 1 1 7 1 100 1 100 1 1 1 1 1 1 1 1 12 10 12 9 1 1 1 1
ciMethod java/lang/ref/Reference get ()Ljava/lang/Object; 0 0 1 0 -1
instanceKlass java/lang/ref/Finalizer
ciInstanceKlass java/lang/ref/FinalReference 1 1 33 1 7 1 1 7 1 1 1 12 10 1 1 1 1 12 10 1 1 1 12 10 1 1 1 100 1 8 1 12 10 1 1
ciInstanceKlass java/lang/ref/Finalizer 1 1 137 1 7 1 1 7 1 7 1 100 1 100 1 1 1 1 1 1 1 1 1 1 1 1 1 1 12 9 1 12 10 12 9 12 9 12 9 12 9 1 7 1 100 1 1 1 1 12 10 1 1 1 1 12 10 12 9 1 100 1 12 10 1 7 1 7 1 12 11 1 12 10 1 1 12 10 1 100 1 1 12 10 1 1 100 1 1 12 10 10 12 10 1 1 7 1 1 12 10 1 7 10 10 1 7 1 1 12 10 1 1 12 10 1 7 1 12 10 1 12 10 1 1 12 10 1 1 12 10 1 12 10 1 1 1 1 1
staticfield java/lang/ref/Finalizer lock Ljava/lang/Object; java/lang/Object
staticfield java/lang/ref/Finalizer $assertionsDisabled Z 1
instanceKlass org/h2/util/CloseWatcher
instanceKlass jdk/internal/ref/PhantomCleanable
instanceKlass jdk/internal/ref/Cleaner
ciInstanceKlass java/lang/ref/PhantomReference 1 1 24 1 100 1 1 7 1 1 1 1 1 1 1 12 10 1 1 1 1 12 10 1 1 1
ciInstanceKlass jdk/internal/ref/CleanerImpl$PhantomCleanableRef 1 1 41 1 7 1 1 7 1 100 1 1 1 1 1 1 12 10 12 9 1 12 10 1 1 7 1 12 11 1 1 1 100 8 1 12 10 1 8 1 1 1 1
ciInstanceKlass java/lang/ref/Cleaner$Cleanable 1 0 12 1 100 1 100 1 100 1 1 1 1 1
instanceKlass java/lang/reflect/Executable
instanceKlass java/lang/reflect/Field
ciInstanceKlass java/lang/reflect/AccessibleObject 1 1 356 1 7 1 7 1 7 1 100 1 1 7 1 7 1 1 1 1 1 1 1 1 1 1 1 1 7 1 1 12 10 1 100 1 1 12 9 1 100 1 12 10 1 1 1 12 10 1 7 1 1 12 10 1 7 1 1 12 10 1 7 1 1 12 10 1 1 12 10 1 12 9 1 1 1 100 1 1 12 10 1 12 11 1 100 1 12 10 1 1 1 1 1 7 1 100 1 12 10 1 1 12 10 1 100 1 12 10 1 1 12 10 1 100 1 1 12 10 1 100 1 100 10 10 1 7 1 1 12 10 1 1 12 10 1 12 10 1 12 10 1 1 12 10 1 12 10 1 8 1 100 10 1 1 12 10 1 8 1 12 10 1 12 10 1 8 1 8 1 8 1 8 1 8 1 8 1 100 1 12 10 1 12 10 1 1 12 9 1 1 12 10 1 1 12 10 1 10 1 1 1 1 1 11 1 100 1 100 1 8 10 1 12 10 1 1 12 10 1 8 1 12 10 1 8 1 1 12 10 1 10 1 1 1 1 100 1 8 10 1 1 12 11 1 1 1 1 1 1 12 10 1 12 10 1 12 10 1 12 9 1 12 10 1 1 7 1 12 10 1 1 1 1 100 1 1 12 10 10 1 12 10 12 10 1 12 10 1 1 12 10 1 12 10 1 1 12 10 1 12 10 12 9 1 100 1 12 10 1 8 1 100 1 1 12 10 1 8 1 1 12 10 12 9 1 1 1 100 10 1 1 7 10 1 7 1 1 12 10 10 1 7 1 1 12 10 12 9 1 1 1 1 1 1 1 1
staticfield java/lang/reflect/AccessibleObject reflectionFactory Ljdk/internal/reflect/ReflectionFactory; jdk/internal/reflect/ReflectionFactory
instanceKlass java/lang/reflect/Constructor
instanceKlass java/lang/reflect/Method
ciInstanceKlass java/lang/reflect/Executable 1 1 484 1 7 1 7 1 100 1 100 1 100 1 100 1 100 1 100 1 1 100 1 100 1 1 1 1 1 1 1 1 1 1 12 10 1 1 1 1 1 1 1 1 1 1 1 1 7 1 1 12 10 1 1 12 10 1 7 1 1 12 11 1 7 1 12 10 1 1 1 1 12 10 1 7 1 1 12 10 1 7 1 1 12 10 1 12 10 1 8 1 1 1 1 100 10 12 10 1 1 12 10 1 7 1 1 12 10 1 16 1 7 1 1 12 11 15 1 16 1 7 1 1 12 10 15 1 1 12 18 1 7 1 1 12 11 1 8 1 8 1 8 1 7 1 1 12 10 1 1 12 11 1 7 1 8 1 8 12 10 1 100 1 8 1 12 10 1 8 1 1 1 1 100 1 1 12 11 1 100 1 1 12 10 1 12 11 1 100 1 8 1 16 18 1 8 1 12 10 1 1 1 1 12 10 12 10 15 16 18 1 8 1 100 1 12 10 1 100 1 12 10 1 12 10 1 12 10 1 8 1 8 1 1 12 10 1 1 12 10 10 1 12 10 1 1 1 1 1 1 1 1 1 100 10 12 10 12 10 1 7 12 10 12 10 1 12 10 1 1 12 10 7 1 7 1 12 10 1 12 10 1 12 10 1 1 12 10 1 12 10 1 8 1 12 10 1 12 10 1 1 3 1 100 1 8 1 12 10 1 12 10 10 1 12 10 1 1 12 10 1 8 1 8 1 8 1 100 12 9 1 12 10 1 8 12 9 12 10 12 10 1 1 12 10 1 12 10 12 10 1 1 12 10 1 1 1 1 1 1 7 12 10 1 1 12 10 1 100 1 100 1 1 12 10 1 7 1 1 1 1 1 7 1 12 10 1 12 10 1 7 1 12 11 1 7 1 12 10 1 1 1 1 100 1 1 12 10 1 1 1 1 12 10 1 12 9 1 1 12 10 12 10 1 1 12 10 1 100 1 1 1 1 1 1 12 9 1 100 1 1 12 10 1 1 12 10 1 1 12 10 1 12 9 1 10 10 10 1 100 1 1 12 10 1 1 12 10 1 12 9 1 1 12 10 1 1 12 9 1 1 1 1 1 1
ciInstanceKlass java/lang/reflect/Constructor 1 1 395 1 7 1 1 7 1 100 1 100 1 1 1 1 1 1 1 1 1 1 1 1 1 1 1 1 1 1 1 1 1 1 1 1 1 1 7 1 1 12 10 1 100 1 12 10 1 1 12 9 1 1 12 10 12 10 1 100 1 12 10 1 1 1 12 9 1 1 1 1 12 10 12 9 12 9 12 9 12 9 12 9 12 9 12 9 12 9 1 1 100 1 8 1 12 10 12 10 12 9 1 1 1 1 7 1 12 10 1 7 1 1 12 10 1 1 12 10 1 1 12 10 1 1 12 10 1 7 1 100 1 8 10 1 1 1 1 1 1 1 12 10 12 10 1 1 1 1 1 12 10 12 10 1 100 1 1 1 1 1 7 1 1 12 10 1 1 1 12 10 1 1 12 10 1 1 1 1 12 10 1 1 7 12 10 1 1 100 1 12 10 1 1 12 10 1 1 1 12 10 1 100 1 1 12 10 1 1 8 10 1 12 10 1 100 1 8 1 12 10 12 10 1 1 12 10 1 12 10 12 10 1 1 1 12 10 1 12 10 1 1 1 1 100 1 100 1 100 1 1 1 12 9 1 100 1 1 12 10 1 1 1 12 10 12 10 1 8 1 1 12 10 1 7 12 11 1 12 10 1 12 10 1 12 10 1 1 12 9 1 7 1 1 12 10 1 1 12 10 1 1 1 1 1 1 12 10 1 1 12 10 1 1 1 1 12 10 1 1 1 1 12 10 1 100 1 12 9 1 12 10 1 12 10 1 12 10 1 100 1 8 10 1 1 1 1 12 10 1 1 12 10 10 1 1 12 10 1 12 10 1 100 1 1 12 10 1 100 1 1 12 11 1 1 12 10 1 1 12 9 1 100 1 1 12 10 1 12 10 1 1 1 1 1 1
ciInstanceKlass java/lang/reflect/Method 1 1 414 1 7 1 7 1 1 1 1 1 1 1 1 1 1 1 1 1 1 1 1 1 1 1 1 1 1 1 1 1 1 1 12 9 1 1 1 7 1 1 12 10 1 7 1 12 10 1 1 12 9 12 10 12 10 1 7 1 12 10 1 1 1 1 12 10 12 9 12 9 12 9 12 9 12 9 12 9 12 9 12 9 12 9 12 9 1 1 12 9 1 100 1 8 1 12 10 12 10 12 9 1 1 8 1 1 1 1 7 1 12 10 1 7 1 1 12 10 1 1 12 10 1 1 12 10 1 1 12 10 1 1 1 1 1 1 1 1 1 1 1 1 1 12 10 12 10 1 7 1 1 1 12 10 12 10 1 1 1 1 1 7 1 1 12 10 1 1 1 12 10 1 1 12 10 1 1 12 10 12 10 1 7 12 10 1 1 12 10 1 1 7 10 1 7 12 10 1 1 7 1 12 10 1 12 10 1 1 12 10 1 1 1 12 10 1 7 1 1 12 10 1 12 10 1 10 1 8 1 12 10 12 10 1 7 1 8 1 8 1 8 1 12 10 12 10 1 1 12 10 10 1 1 1 12 10 1 12 10 1 100 11 1 1 1 100 1 100 1 1 1 1 12 9 1 1 12 10 1 100 1 12 10 1 1 12 10 1 1 12 10 1 7 12 11 1 12 10 1 12 10 1 12 10 1 12 10 1 12 10 1 1 12 9 1 7 1 1 12 10 1 1 12 10 1 1 7 1 1 12 10 1 7 1 1 12 10 1 7 1 1 12 10 1 7 1 1 12 11 1 7 1 1 12 10 1 7 1 100 1 100 1 12 10 1 1 12 10 1 12 10 1 100 1 8 1 12 10 10 1 1 1 12 10 1 1 12 10 1 1 1 1 12 10 1 1 1 1 12 10 1 1 1 1 8 1 1 12 10 1 1 1 1 1
ciInstanceKlass java/lang/reflect/Field 1 1 398 1 7 1 7 1 100 1 100 1 100 1 1 1 1 1 1 1 1 1 1 1 1 1 1 1 1 1 1 1 1 1 1 1 1 1 1 1 12 9 1 1 1 1 12 10 1 7 1 1 12 10 1 7 1 12 10 1 1 12 9 12 10 12 10 1 7 1 12 10 1 1 1 1 12 10 12 9 12 9 12 9 12 9 12 9 12 9 12 9 1 1 12 9 1 100 1 8 1 12 10 12 10 12 9 12 9 1 1 1 1 12 10 1 7 1 12 10 1 1 12 10 1 1 12 10 1 1 12 10 1 1 1 1 1 1 12 10 1 1 7 1 12 10 1 1 1 12 10 12 10 12 10 1 1 12 10 1 1 7 10 1 7 12 10 1 1 7 10 1 8 1 12 10 1 1 12 10 1 8 12 10 1 12 10 1 8 1 1 8 1 10 1 7 11 1 1 1 100 1 1 12 9 1 1 12 10 1 1 12 10 1 7 12 11 1 12 11 1 1 12 11 1 1 12 11 1 1 12 11 1 1 12 11 1 1 12 11 1 1 12 11 1 1 12 11 1 1 12 11 1 1 12 11 1 1 12 11 1 1 12 11 1 1 12 11 1 1 12 11 1 1 12 11 1 1 12 11 1 1 12 11 1 1 12 10 1 7 1 12 10 1 12 10 1 1 12 10 12 10 1 1 12 9 1 7 1 1 12 10 1 1 12 10 1 1 1 1 1 1 7 1 12 10 1 12 10 1 7 11 1 12 10 1 7 1 1 1 1 100 1 1 12 10 1 1 1 7 1 1 12 10 1 12 9 1 7 1 1 12 10 1 7 1 1 12 11 1 1 12 10 1 100 1 1 1 1 12 10 1 1 12 9 1 100 1 1 12 10 1 12 10 1 1 1 1 1 1
ciInstanceKlass java/lang/reflect/Parameter 1 1 207 1 7 1 7 1 100 1 1 1 1 1 1 1 1 1 1 1 1 1 1 1 1 1 1 12 10 12 9 12 9 12 9 12 9 1 1 12 10 1 1 12 10 1 1 1 7 1 12 10 1 1 1 100 10 1 1 12 10 1 100 1 12 11 1 12 10 1 100 1 12 10 1 1 12 10 1 12 10 1 100 1 12 10 1 8 1 8 1 1 12 10 1 12 10 12 10 1 1 1 12 10 1 8 1 12 10 1 12 9 1 1 12 10 1 1 1 12 9 1 1 12 10 1 100 1 1 1 1 12 10 1 1 1 12 10 1 12 10 10 1 12 10 1 1 1 1 100 1 1 12 10 1 12 10 1 100 1 12 11 1 12 10 1 100 1 1 1 1 100 1 1 12 10 1 1 1 1 12 10 1 12 10 1 12 10 1 12 10 1 12 9 1 100 10 1 100 1 12 11 1 1 12 11 1 1 1
ciInstanceKlass java/lang/StringBuffer 1 1 417 1 7 1 1 7 1 100 1 100 1 100 1 100 1 100 1 1 100 1 100 1 1 1 1 1 5 0 1 1 1 1 1 1 12 10 1 12 10 1 12 10 1 1 1 12 10 1 1 1 1 12 9 1 12 10 1 12 10 1 12 10 1 12 9 12 10 1 1 12 10 1 1 12 10 1 12 10 1 1 12 10 1 12 10 1 1 12 10 1 1 12 10 1 1 1 100 1 1 12 10 1 12 10 1 1 1 12 10 1 1 12 10 1 1 12 10 1 1 12 10 1 1 12 10 1 1 12 10 1 1 12 10 1 1 12 10 1 1 12 10 1 12 10 1 1 12 10 1 1 12 10 1 1 12 10 1 1 1 12 10 1 12 10 1 1 1 12 10 1 1 1 12 10 1 1 10 1 1 1 12 10 1 1 12 10 1 1 1 12 10 1 1 12 10 1 1 12 10 1 1 12 10 1 1 12 10 12 10 1 1 12 10 1 1 12 10 1 1 12 10 1 1 12 10 1 12 10 1 12 10 10 1 1 1 12 10 1 1 1 1 12 10 1 1 12 9 1 7 1 1 12 10 1 100 10 10 1 1 1 100 1 1 12 10 10 1 12 10 1 7 10 8 1 1 12 10 8 1 12 10 1 8 1 12 10 1 12 10 1 1 1 100 1 1 12 10 1 1 12 10 12 10 1 100 1 8 10 1 1 12 10 1 1 12 10 1 1 12 10 1 12 10 12 10 12 10 12 10 12 10 12 10 12 10 12 10 12 10 12 10 12 10 12 10 1 12 10 12 10 12 10 12 10 12 10 12 10 12 10 12 10 12 10 12 10 12 10 12 10 12 10 12 10 12 10 12 10 12 10 12 10 12 10 1 12 10 1 1 1 1 12 10 1 1 7 1 12 10 1 7 1 1 12 9 1 7 9 12 9 1 1 1 1 1 1 1
staticfield java/lang/StringBuffer serialPersistentFields [Ljava/io/ObjectStreamField; 3 [Ljava/io/ObjectStreamField;
instanceKlass java/lang/StringBuilder
instanceKlass java/lang/StringBuffer
ciInstanceKlass java/lang/AbstractStringBuilder 1 1 485 1 7 1 7 1 100 1 7 1 100 1 7 1 1 100 1 7 1 1 100 1 100 1 100 1 1 100 1 100 1 1 1 1 1 1 1 1 1 3 1 1 12 10 12 9 12 9 1 1 7 1 1 12 9 12 9 1 1 12 10 1 1 1 12 10 3 3 1 12 10 100 1 1 12 10 1 11 1 100 1 100 10 1 8 1 12 10 1 12 10 1 1 12 10 12 10 1 12 10 1 12 10 1 1 12 9 1 1 12 10 1 12 10 10 1 12 10 1 12 10 1 1 1 12 10 1 1 12 10 1 7 1 1 12 10 1 7 1 1 12 10 1 100 1 8 10 1 1 12 10 1 1 1 100 12 10 1 1 12 10 10 1 1 1 1 12 10 1 12 10 1 1 1 12 10 1 1 1 12 10 1 1 1 100 10 1 12 10 1 1 7 1 12 10 1 1 1 1 12 10 1 12 10 1 12 10 10 1 1 1 1 12 10 12 10 1 12 10 1 1 1 12 10 1 1 12 10 1 1 12 10 1 1 12 10 10 1 1 12 10 1 12 10 1 1 12 10 1 8 1 1 12 10 1 12 10 1 1 12 10 1 1 1 12 10 1 1 1 7 1 12 10 1 12 10 1 12 10 1 1 7 1 12 10 1 12 10 1 12 10 1 1 100 1 1 12 10 1 1 12 10 1 1 1 12 10 1 1 12 10 12 10 1 1 12 10 12 10 1 1 1 1 1 1 12 10 1 1 1 1 12 10 10 1 7 1 1 12 10 1 1 1 12 10 1 12 10 1 1 12 10 1 1 1 12 10 1 12 10 1 12 10 1 1 12 10 1 12 10 1 1 12 10 1 1 12 10 1 1 12 10 1 1 1 12 10 1 12 10 1 12 10 12 10 1 1 12 10 1 1 1 16 1 1 12 10 15 16 1 100 1 1 12 10 15 1 1 12 18 1 100 1 1 12 10 1 1 12 10 15 18 1 1 1 1 1 12 10 1 12 10 1 1 12 10 12 11 1 12 10 1 12 10 1 100 10 12 10 10 1 8 1 8 1 8 10 10 1 1 100 1 1 1 12 10 10 10 1 1 1 1 1 1 1
staticfield java/lang/AbstractStringBuilder EMPTYVALUE [B 0
instanceKlass javax/crypto/JceSecurityManager
ciInstanceKlass java/lang/SecurityManager 1 1 521 1 7 1 7 1 1 1 1 3 1 100 1 100 1 7 1 7 1 1 7 1 1 100 1 100 1 1 1 1 1 1 1 1 1 1 1 1 1 1 1 1 1 1 12 10 12 9 1 7 1 1 12 10 1 100 1 8 1 12 10 1 1 12 10 1 100 1 1 1 1 1 1 100 1 1 12 10 10 1 1 100 10 1 100 10 1 1 100 1 1 12 9 1 1 1 7 1 1 12 10 1 12 10 1 7 1 12 10 1 1 1 100 1 8 10 12 9 1 12 9 1 1 8 1 12 9 1 1 1 100 10 1 8 1 1 12 10 1 12 10 1 1 12 10 1 1 100 10 1 1 12 10 1 100 1 8 1 12 10 1 8 1 1 8 1 8 1 1 1 8 1 8 1 8 1 12 10 1 1 8 1 8 1 1 8 1 1 1 8 1 8 1 100 1 1 12 10 1 1 12 10 1 8 1 100 1 8 10 1 8 1 8 1 1 1 8 1 8 1 1 8 1 1 1 100 1 12 10 1 8 1 1 1 1 100 1 8 1 8 10 1 1 1 8 1 1 1 12 10 1 100 1 8 10 1 1 12 10 100 1 12 10 1 12 10 1 12 10 1 1 1 7 1 1 12 10 1 12 10 1 7 1 12 10 1 7 1 1 12 11 1 16 1 7 1 1 12 10 15 1 16 1 7 1 1 12 10 15 1 1 12 18 1 7 1 1 12 11 1 16 1 1 12 10 15 1 16 1 1 12 18 1 1 12 11 1 12 10 15 16 18 1 7 11 15 1 16 18 1 12 11 1 16 1 12 10 15 16 1 12 18 1 1 12 11 1 12 9 12 9 12 9 12 9 1 1 7 1 12 10 1 12 10 1 12 10 1 1 12 10 15 16 1 12 18 1 12 10 15 1 16 18 1 7 1 12 10 1 12 11 15 1 12 18 1 12 10 1 1 12 10 15 16 18 10 15 1 16 18 1 1 8 1 12 10 12 9 1 7 1 12 11 1 8 1 12 10 1 1 12 10 12 10 12 9 1 12 10 1 1 12 10 1 1 8 10 12 9 1 8 1 12 10 1 1 8 1 1 100 10 1 12 10 10 1 7 1 1 12 9 1 1 12 11 1 12 10 1 12 11 1 12 10 1 7 10 1 1 12 10 12 10 1 1 1 1 1 1 1 1
staticfield java/lang/SecurityManager packageAccessLock Ljava/lang/Object; java/lang/Object
staticfield java/lang/SecurityManager packageDefinitionLock Ljava/lang/Object; java/lang/Object
staticfield java/lang/SecurityManager nonExportedPkgs Ljava/util/Map; java/util/concurrent/ConcurrentHashMap
instanceKlass org/sonar/plugins/secrets/configuration/validation/SchemaValidationException
instanceKlass org/sonar/plugins/secrets/configuration/deserialization/DeserializationException
instanceKlass com/google/gson/JsonParseException
instanceKlass org/sonar/plugins/javascript/CancellationException
instanceKlass jakarta/el/ELException
instanceKlass javassist/bytecode/StackMapTable$RuntimeCopyException
instanceKlass javassist/bytecode/CodeAttribute$RuntimeCopyException
instanceKlass org/reflections/ReflectionsException
instanceKlass com/google/gson/JsonParseException
instanceKlass com/google/gson/JsonParseException
instanceKlass com/google/gson/JsonParseException
instanceKlass org/sonar/api/utils/SonarException
instanceKlass org/eclipse/jgit/errors/TranslationBundleException
instanceKlass java/time/DateTimeException
instanceKlass org/eclipse/jgit/api/errors/JGitInternalException
instanceKlass org/sonar/plugins/javascript/bridge/ServerAlreadyFailedException
instanceKlass com/google/gson/JsonParseException
instanceKlass org/sonar/plugins/javascript/nodejs/NodeCommandException
instanceKlass org/sonar/api/utils/MessageException
instanceKlass org/sonar/api/utils/command/CommandException
instanceKlass com/google/common/cache/CacheLoader$InvalidCacheLoadException
instanceKlass com/google/common/util/concurrent/UncheckedExecutionException
instanceKlass java/util/ConcurrentModificationException
instanceKlass java/security/ProviderException
instanceKlass nl/altindag/ssl/exception/GenericException
instanceKlass org/jooq/impl/QOM$NotYetImplementedException
instanceKlass org/jooq/exception/ControlFlowSignal
instanceKlass io/r2dbc/spi/R2dbcException
instanceKlass org/jooq/tools/reflect/ReflectException
instanceKlass org/jooq/impl/DefaultDataType$DiscouragedStaticTypeRegistryUsage
instanceKlass org/jooq/exception/SQLDialectNotSupportedException
instanceKlass org/jooq/exception/DataAccessException
instanceKlass org/h2/mvstore/MVStoreException
instanceKlass org/flywaydb/core/api/FlywayException
instanceKlass org/h2/message/DbException
instanceKlass io/sentry/exception/ExceptionMechanismException
instanceKlass java/util/concurrent/RejectedExecutionException
instanceKlass org/springframework/context/NoSuchMessageException
instanceKlass org/springframework/cglib/core/ClassNameReader$EarlyExitException
instanceKlass org/springframework/objenesis/ObjenesisException
instanceKlass org/springframework/cglib/core/CodeGenerationException
instanceKlass org/sonarsource/sonarlint/core/commons/util/git/exceptions/GitException
instanceKlass java/lang/TypeNotPresentException
instanceKlass org/springframework/expression/ExpressionException
instanceKlass java/lang/reflect/InaccessibleObjectException
instanceKlass java/util/concurrent/CompletionException
instanceKlass java/nio/file/FileSystemNotFoundException
instanceKlass java/io/UncheckedIOException
instanceKlass org/springframework/core/NestedRuntimeException
instanceKlass org/sonarsource/sonarlint/core/sca/DependencyRiskService$DependencyRiskNotFoundException
instanceKlass org/sonarsource/sonarlint/core/commons/SonarLintException
instanceKlass org/eclipse/lsp4j/jsonrpc/JsonRpcException
instanceKlass org/eclipse/lsp4j/jsonrpc/MessageIssueException
instanceKlass com/google/gson/JsonParseException
instanceKlass ch/qos/logback/core/LogbackException
instanceKlass org/eclipse/lsp4j/jsonrpc/ResponseErrorException
instanceKlass java/lang/IndexOutOfBoundsException
instanceKlass java/lang/reflect/UndeclaredThrowableException
instanceKlass java/util/MissingResourceException
instanceKlass java/util/NoSuchElementException
instanceKlass java/lang/SecurityException
instanceKlass java/lang/UnsupportedOperationException
instanceKlass picocli/CommandLine$PicocliException
instanceKlass java/lang/IllegalStateException
instanceKlass java/lang/IllegalArgumentException
instanceKlass java/lang/ArithmeticException
instanceKlass java/lang/NullPointerException
instanceKlass java/lang/IllegalMonitorStateException
instanceKlass java/lang/ArrayStoreException
instanceKlass java/lang/ClassCastException
ciInstanceKlass java/lang/RuntimeException 1 1 27 1 100 1 7 1 1 5 0 1 1 12 10 1 12 10 1 12 10 1 12 10 1 12 10 1 1
ciInstanceKlass java/lang/ArithmeticException 1 1 18 1 100 1 100 1 1 5 0 1 1 12 10 1 12 10 1 1
ciInstanceKlass java/lang/NullPointerException 1 1 44 1 7 1 7 1 1 5 0 1 1 1 1 1 1 12 10 1 12 10 1 1 12 9 1 1 12 10 12 9 12 10 1 12 10 1 100 1 100 1 100 1 1 1
instanceKlass com/fasterxml/jackson/databind/util/internal/PrivateMaxEntriesMap
instanceKlass com/google/gson/internal/LinkedTreeMap
instanceKlass java/util/stream/Collectors$Partition
instanceKlass com/google/gson/internal/LinkedTreeMap
instanceKlass com/google/common/cache/LocalCache
instanceKlass org/jooq/impl/DataMap
instanceKlass org/h2/mvstore/tx/TransactionMap
instanceKlass org/h2/mvstore/MVMap
instanceKlass java/util/concurrent/ConcurrentSkipListMap
instanceKlass com/fasterxml/jackson/databind/util/internal/PrivateMaxEntriesMap
instanceKlass org/springframework/util/ConcurrentReferenceHashMap
instanceKlass com/google/gson/internal/LinkedTreeMap
instanceKlass java/util/EnumMap
instanceKlass picocli/CommandLine$Model$CaseAwareLinkedMap
instanceKlass java/util/Collections$SingletonMap
instanceKlass java/util/TreeMap
instanceKlass java/util/IdentityHashMap
instanceKlass java/util/WeakHashMap
instanceKlass java/util/Collections$EmptyMap
instanceKlass sun/util/PreHashedMap
instanceKlass java/util/HashMap
instanceKlass java/util/ImmutableCollections$AbstractImmutableMap
instanceKlass java/util/concurrent/ConcurrentHashMap
ciInstanceKlass java/util/AbstractMap 1 1 151 1 7 1 1 7 1 7 1 100 1 100 1 7 1 100 1 7 1 100 1 7 1 1 1 1 1 1 1 1 1 1 1 12 10 1 1 1 1 12 10 1 7 12 11 1 1 10 1 1 1 1 12 11 1 7 1 12 11 1 1 12 11 1 12 11 1 12 10 1 1 12 11 1 1 1 1 1 1 1 100 10 1 12 11 1 1 1 11 12 10 1 12 11 1 12 9 1 12 10 1 1 12 9 10 1 100 1 1 100 1 100 11 12 11 12 11 1 12 11 1 1 1 8 1 7 10 1 1 12 10 1 8 1 12 10 12 10 1 1 100 12 10 1 1 1 1 1 1 1 1
ciInstanceKlass java/security/AccessControlContext 1 1 318 1 7 1 7 1 1 1 1 3 1 100 1 1 1 1 1 1 1 1 1 1 1 1 1 1 1 1 1 1 1 1 12 9 12 9 1 100 1 1 12 10 1 8 1 100 1 1 12 10 1 1 1 12 10 12 9 12 9 12 9 7 1 1 12 10 1 100 1 12 10 1 100 1 1 12 11 1 12 11 1 12 11 1 1 12 11 1 7 1 1 12 11 1 1 12 10 1 7 1 1 12 10 1 100 1 1 12 9 1 100 1 1 12 10 1 100 1 100 1 1 12 11 10 1 7 1 100 1 8 1 12 10 1 1 12 10 1 7 1 7 1 1 12 10 12 9 12 9 12 9 12 9 12 9 12 9 1 12 9 1 1 1 1 1 1 7 1 1 12 10 1 1 12 9 1 12 10 1 100 12 10 1 8 1 1 12 10 1 1 12 10 1 100 1 1 12 10 1 100 10 1 1 12 10 1 100 1 1 12 10 10 1 8 1 100 1 12 10 1 8 1 100 1 12 10 1 8 1 8 1 12 10 1 8 1 12 10 1 8 1 12 10 1 12 10 1 1 12 10 1 8 1 8 1 12 10 1 1 12 10 1 12 10 1 8 1 12 10 1 12 10 10 1 1 8 1 1 12 10 1 1 12 10 1 1 12 10 1 1 12 10 1 12 10 1 12 10 1 12 10 1 1 12 10 10 10 1 12 10 1 1 1 1 1 1 1 1
ciInstanceKlass java/net/URL 1 1 672 1 7 1 7 1 100 1 7 1 7 1 7 1 7 1 100 1 100 1 1 100 1 100 1 1 1 1 1 8 1 1 5 0 1 1 8 1 1 1 1 1 1 1 1 1 1 1 1 1 1 1 1 1 1 1 1 1 1 1 1 1 1 1 1 1 1 1 1 1 100 1 12 10 1 12 10 1 12 10 12 9 12 9 1 100 1 1 12 10 1 1 12 10 1 7 1 7 1 1 12 10 12 9 1 1 12 10 1 8 1 1 12 10 1 100 10 1 1 12 10 1 8 1 1 12 10 12 9 1 8 1 12 10 1 12 10 1 8 12 9 1 1 12 10 12 9 1 12 10 1 12 10 12 9 12 9 1 8 12 9 1 1 12 10 1 8 12 9 1 1 12 10 1 7 1 1 12 10 1 8 1 12 10 1 7 1 12 10 1 12 10 1 12 10 1 100 1 1 12 10 1 1 12 10 1 8 1 1 12 10 1 12 10 1 8 12 9 1 8 1 12 10 1 1 12 10 1 12 10 1 1 12 10 1 1 1 7 1 1 12 10 1 100 1 8 10 1 12 10 1 8 1 1 12 10 1 12 10 1 12 10 1 12 10 1 12 10 1 12 10 1 8 1 12 10 10 1 7 1 1 12 10 1 12 10 1 100 1 1 12 9 1 100 1 1 12 10 1 1 12 9 1 100 1 1 1 100 1 100 1 12 10 1 100 1 1 12 10 1 1 1 1 1 12 10 1 1 1 1 12 10 1 12 10 1 1 12 10 1 12 10 12 10 1 1 1 100 10 10 1 12 10 1 12 10 1 1 1 100 1 12 10 1 1 8 1 1 12 9 1 100 1 1 12 10 1 1 12 10 1 1 12 9 1 1 12 10 1 100 1 12 10 1 12 10 10 1 1 12 10 1 12 10 12 10 1 12 10 1 1 12 10 1 7 1 12 10 1 1 12 10 1 1 12 10 1 1 12 9 12 9 1 100 1 8 10 1 12 10 12 9 1 7 1 12 10 1 7 1 1 100 1 7 1 12 10 1 8 1 1 12 10 1 100 1 12 10 1 8 1 8 1 7 1 1 12 10 1 100 1 1 12 10 1 12 10 1 12 10 1 1 1 10 1 12 9 1 7 1 12 10 1 8 1 12 10 10 1 7 1 1 12 10 8 1 7 1 1 12 9 1 12 10 1 1 12 10 1 12 10 12 10 1 7 1 12 10 1 12 11 12 10 12 10 12 9 1 1 12 10 1 1 1 100 1 12 10 1 1 1 1 12 10 8 1 12 10 10 8 8 1 12 10 8 8 8 1 100 1 12 10 12 9 1 1 100 12 10 1 1 12 10 1 12 10 12 10 1 1 12 10 1 1 12 10 10 10 12 10 12 10 12 10 1 12 10 1 100 1 12 10 10 1 12 10 1 8 10 10 1 1 12 10 1 12 10 1 1 12 10 1 10 10 10 1 7 1 12 10 1 7 1 1 12 9 12 9 10 1 7 1 1 12 10 1 1 1 1 1 1 1
staticfield java/net/URL defaultFactory Ljava/net/URLStreamHandlerFactory; java/net/URL$DefaultFactory
staticfield java/net/URL streamHandlerLock Ljava/lang/Object; java/lang/Object
staticfield java/net/URL serialPersistentFields [Ljava/io/ObjectStreamField; 7 [Ljava/io/ObjectStreamField;
ciInstanceKlass java/util/jar/Manifest 1 1 290 1 7 1 7 1 100 1 7 1 100 1 7 1 1 1 1 1 1 1 1 1 1 1 12 10 1 7 10 12 9 1 7 10 12 9 12 9 1 1 100 1 12 10 1 1 12 10 1 1 1 12 10 1 1 12 10 1 1 12 10 11 1 1 1 1 1 12 11 1 12 10 1 100 1 1 12 10 1 100 1 100 10 1 8 1 1 12 10 1 1 12 10 1 12 10 1 12 10 11 1 1 1 100 12 10 1 1 12 10 1 1 12 11 1 12 10 1 1 12 11 1 100 1 1 12 11 1 100 1 12 11 1 1 12 11 1 12 10 1 8 1 12 11 1 7 1 1 12 10 1 12 11 12 10 1 12 10 1 1 1 1 1 1 100 1 1 12 10 1 8 1 1 12 10 10 1 7 1 1 12 9 1 1 12 10 1 100 12 10 1 100 1 12 10 1 12 10 1 1 1 100 1 1 12 9 1 8 1 12 10 1 8 1 8 12 10 1 12 10 1 100 1 1 12 10 1 8 12 10 1 8 10 1 1 12 10 1 8 1 1 12 10 1 7 1 1 12 10 1 12 10 10 1 1 12 11 1 12 10 1 7 1 1 12 10 1 1 12 10 1 1 12 10 11 1 12 10 11 1 12 10 1 1 1 1 1 1 1 1
ciInstanceKlass java/util/Collection 1 1 96 1 7 1 1 100 1 100 1 1 1 1 1 1 1 1 1 1 1 1 1 1 1 1 7 1 1 12 11 1 7 12 11 1 1 1 1 1 1 1 1 1 1 1 1 1 7 1 1 12 10 12 11 1 7 1 12 11 1 1 12 11 1 7 1 12 11 1 12 11 1 1 1 1 1 1 1 1 100 1 12 10 1 1 1 12 11 1 7 1 12 10 1 1 1 1
instanceKlass com/fasterxml/jackson/databind/util/internal/LinkedDeque
instanceKlass java/util/AbstractMap$2
instanceKlass java/util/TreeMap$Values
instanceKlass com/fasterxml/jackson/databind/util/internal/LinkedDeque
instanceKlass io/sentry/CircularFifoQueue
instanceKlass java/util/IdentityHashMap$Values
instanceKlass java/util/concurrent/ConcurrentLinkedDeque
instanceKlass java/util/AbstractQueue
instanceKlass java/util/LinkedHashMap$LinkedValues
instanceKlass java/util/HashMap$Values
instanceKlass java/util/ArrayDeque
instanceKlass java/util/AbstractSet
instanceKlass java/util/ImmutableCollections$AbstractImmutableCollection
instanceKlass java/util/AbstractList
ciInstanceKlass java/util/AbstractCollection 1 1 130 1 7 1 1 7 1 7 1 1 12 10 1 1 1 1 1 1 1 12 10 1 1 12 10 1 7 1 12 11 1 1 12 11 1 12 10 1 1 1 7 1 100 1 1 12 10 1 1 12 10 1 1 1 1 12 10 1 7 1 12 10 1 7 1 1 12 10 1 100 1 1 12 10 1 1 100 1 1 12 10 1 1 1 100 10 1 12 11 1 1 1 11 12 10 1 1 12 10 1 1 7 1 1 12 10 11 1 1 1 1 1 8 1 7 10 1 1 12 10 1 8 1 12 10 12 10 1 1 1
instanceKlass java/util/AbstractList$SubList
instanceKlass java/util/Collections$CopiesList
instanceKlass java/util/ArrayList$SubList
instanceKlass sun/security/jca/ProviderList$ServiceList
instanceKlass sun/security/jca/ProviderList$3
instanceKlass java/util/Collections$SingletonList
instanceKlass java/util/AbstractSequentialList
instanceKlass java/util/Vector
instanceKlass java/util/Arrays$ArrayList
instanceKlass java/util/Collections$EmptyList
instanceKlass java/util/ArrayList
ciInstanceKlass java/util/AbstractList 1 1 187 1 7 1 1 7 1 7 1 7 1 100 1 100 1 100 1 7 1 7 1 1 1 1 1 1 1 1 1 12 10 12 9 1 1 1 1 1 12 10 1 12 10 1 1 1 1 1 1 1 100 10 1 1 1 1 1 1 12 10 1 7 1 1 12 11 1 1 12 11 1 12 11 1 7 1 12 10 1 1 12 10 1 12 11 1 12 11 1 12 11 1 1 1 12 10 1 1 1 1 1 12 10 1 100 1 1 12 11 1 7 11 11 1 1 12 10 1 1 1 12 10 1 1 1 1 1 12 10 1 7 1 12 10 10 1 100 1 100 10 1 8 1 1 12 10 1 12 10 1 1 12 10 1 12 10 1 8 1 100 1 8 1 8 1 8 10 11 1 10 12 10 12 11 1 1 12 10 1 8 1 8 1 1 1 1 1
ciInstanceKlass java/lang/AssertionStatusDirectives 0 0 18 1 100 1 100 1 1 1 1 1 1 1 1 1 1 12 10 1
ciInstanceKlass java/lang/invoke/MethodHandleNatives$CallSiteContext 1 1 40 1 7 1 7 1 100 1 7 1 1 100 1 7 1 1 1 12 10 1 1 10 1 7 1 1 12 10 1 1 12 10 1 1 1 12 10 1 1 1
ciInstanceKlass jdk/internal/invoke/NativeEntryPoint 0 0 80 1 100 1 100 1 1 1 1 1 1 1 1 1 1 1 1 1 1 12 10 12 9 1 100 1 1 12 10 100 12 9 12 9 12 9 12 9 12 9 1 1 1 100 1 8 1 12 10 1 100 1 1 12 11 1 1 12 10 12 10 1 100 1 12 11 1 12 11 1 1 12 10 1 1 1 12 10 1 1
instanceKlass java/lang/invoke/VolatileCallSite
instanceKlass java/lang/invoke/MutableCallSite
instanceKlass java/lang/invoke/ConstantCallSite
ciInstanceKlass java/lang/invoke/CallSite 1 1 267 1 7 1 7 1 7 1 100 1 1 100 1 100 1 1 1 1 1 1 1 1 1 1 1 1 1 1 1 12 10 1 1 12 10 12 9 1 1 12 10 12 9 1 1 7 1 1 12 10 1 1 100 12 10 1 100 1 1 12 10 1 12 10 1 100 1 1 12 9 1 100 1 12 10 1 1 1 1 1 1 12 10 1 7 1 100 1 100 10 1 100 1 1 12 10 1 1 12 10 1 8 1 12 10 1 1 12 10 1 12 10 1 1 1 12 10 1 1 12 10 10 1 12 10 1 1 12 10 1 100 12 9 1 1 12 9 8 1 1 12 10 1 1 12 10 1 1 12 10 1 12 9 1 8 1 100 1 12 10 1 12 10 1 100 1 8 10 1 12 10 1 1 12 10 1 100 1 1 12 10 12 10 1 12 10 1 1 12 10 1 1 12 10 1 1 12 9 8 1 1 12 10 12 9 1 100 10 12 10 1 1 12 10 1 12 10 1 1 12 10 1 1 12 10 1 1 1 1 100 1 7 1 1 12 10 1 100 1 8 10 1 7 12 10 1 1 12 10 1 100 1 8 1 12 10 1 1 1 12 10 1 1 1 1 1 1
staticfield java/lang/invoke/CallSite $assertionsDisabled Z 1
ciInstanceKlass java/lang/invoke/VolatileCallSite 0 0 26 1 100 1 100 1 1 12 10 1 12 10 1 1 1 12 10 1 1 12 10 1 1 12 10 1
ciInstanceKlass java/lang/invoke/MethodType 1 1 688 1 7 1 1 7 1 100 1 100 1 100 1 7 1 7 1 100 1 1 1 1 100 1 1 100 1 1 100 1 100 1 1 1 5 0 1 1 1 1 1 1 1 1 1 1 1 1 1 1 1 1 1 3 1 3 1 3 1 1 1 1 1 1 1 1 1 1 1 1 1 1 1 12 10 12 9 12 9 1 12 9 1 1 1 1 1 1 1 1 1 7 1 7 1 1 12 10 1 7 1 12 9 1 8 1 100 1 1 12 10 1 7 1 7 9 1 7 9 1 1 12 10 1 100 10 1 8 1 1 12 10 1 12 10 1 1 12 10 1 1 1 100 1 8 1 12 10 1 100 10 1 12 10 1 1 1 1 1 12 10 1 1 1 1 12 10 1 1 7 1 1 12 11 12 9 1 1 12 11 1 1 1 7 1 1 12 10 1 1 1 1 1 1 1 12 10 12 9 1 12 10 12 10 1 7 1 1 12 10 1 7 1 1 12 10 1 12 10 1 1 12 9 1 1 12 10 1 7 1 12 10 1 1 1 1 1 12 10 1 1 12 10 1 1 1 1 1 12 10 12 10 1 12 10 1 1 1 1 12 10 12 10 1 1 1 1 12 10 1 1 1 1 8 1 8 1 1 12 10 1 1 1 12 9 1 100 10 1 1 12 10 12 10 1 12 10 1 12 10 1 12 10 12 10 1 1 12 10 1 8 1 1 1 12 10 1 7 1 1 12 10 12 10 1 1 12 10 1 12 10 1 12 10 1 1 1 12 10 1 1 12 10 1 12 10 1 12 9 1 12 10 10 1 1 1 12 10 1 12 10 12 9 1 1 12 10 1 1 1 1 1 1 12 10 1 1 12 10 1 1 1 1 1 12 10 12 10 1 12 10 1 12 10 1 100 1 8 1 8 1 8 1 12 10 1 12 10 1 12 10 10 1 1 1 1 1 12 11 12 11 1 1 1 100 1 1 12 10 1 12 9 1 12 10 1 1 12 10 1 1 12 10 1 12 10 1 1 12 10 1 1 100 1 1 12 10 1 1 12 10 1 12 10 1 12 10 1 12 10 10 1 12 9 1 7 1 12 10 1 1 1 100 1 100 1 1 12 10 1 100 1 1 12 9 1 100 1 1 12 10 1 100 1 1 12 10 1 7 1 12 10 1 1 12 10 1 1 12 10 1 8 1 7 1 1 12 10 1 1 12 11 1 12 9 1 1 12 10 1 12 10 1 1 1 1 12 10 1 1 1 1 100 12 10 1 100 1 12 10 1 100 12 10 1 100 1 1 12 11 16 1 1 12 10 15 16 1 100 1 1 12 10 15 1 1 12 18 1 1 12 11 16 1 1 12 10 15 16 1 12 18 1 12 11 1 100 1 100 1 12 11 1 12 10 1 12 10 1 1 1 100 1 100 1 12 10 1 12 10 1 1 1 100 1 1 12 9 1 12 9 1 100 1 1 12 10 1 12 9 1 100 1 12 10 12 10 1 100 1 1 1 12 10 1 1 1 1 1 1 12 10 10 1 7 1 7 12 9 1 1 1 1 1 1 1 1 1
staticfield java/lang/invoke/MethodType internTable Ljava/lang/invoke/MethodType$ConcurrentWeakInternSet; java/lang/invoke/MethodType$ConcurrentWeakInternSet
staticfield java/lang/invoke/MethodType NO_PTYPES [Ljava/lang/Class; 0 [Ljava/lang/Class;
staticfield java/lang/invoke/MethodType objectOnlyTypes [Ljava/lang/invoke/MethodType; 20 [Ljava/lang/invoke/MethodType;
staticfield java/lang/invoke/MethodType METHOD_HANDLE_ARRAY [Ljava/lang/Class; 1 [Ljava/lang/Class;
staticfield java/lang/invoke/MethodType serialPersistentFields [Ljava/io/ObjectStreamField; 0 [Ljava/io/ObjectStreamField;
staticfield java/lang/invoke/MethodType $assertionsDisabled Z 1
ciInstanceKlass java/lang/BootstrapMethodError 0 0 35 1 100 1 100 1 1 5 0 1 1 12 10 1 12 10 1 12 10 1 1 100 1 1 12 10 1 100 1 1 12 10 1 1 1
ciInstanceKlass jdk/internal/loader/ClassLoaders$AppClassLoader 1 1 91 1 100 1 7 1 100 1 1 1 1 8 1 12 10 1 1 1 1 100 1 7 1 1 12 10 1 100 1 1 12 10 1 1 12 10 1 100 1 1 12 10 12 10 1 1 12 10 1 7 1 8 12 10 1 7 1 1 12 10 1 1 12 10 1 1 12 10 1 1 1 1 12 10 1 1 7 1 1 12 10 1 100 12 10 1 1 1 1 1 1
ciInstanceKlass jdk/internal/loader/ClassLoaders$PlatformClassLoader 1 1 34 1 100 1 7 1 100 1 1 100 1 1 1 1 8 1 12 10 1 1 1 7 1 1 12 10 1 100 12 10 1 1 1 1
ciInstanceKlass java/lang/ArrayStoreException 1 1 18 1 100 1 100 1 1 5 0 1 1 12 10 1 12 10 1 1
ciInstanceKlass java/lang/ClassCastException 1 1 18 1 100 1 7 1 1 5 0 1 1 12 10 1 12 10 1 1
ciInstanceKlass java/lang/NoClassDefFoundError 0 0 18 1 100 1 100 1 1 5 0 1 1 12 10 1 12 10 1 1
ciInstanceKlass java/lang/IllegalMonitorStateException 1 1 18 1 100 1 100 1 1 5 0 1 1 12 10 1 12 10 1 1
ciInstanceKlass java/lang/StackOverflowError 1 1 18 1 100 1 100 1 1 5 0 1 1 12 10 1 12 10 1 1
instanceKlass java/lang/StackOverflowError
instanceKlass java/lang/OutOfMemoryError
instanceKlass java/lang/InternalError
ciInstanceKlass java/lang/VirtualMachineError 1 1 24 1 100 1 7 1 1 5 0 1 1 12 10 1 12 10 1 12 10 1 12 10 1 1
ciInstanceKlass java/lang/OutOfMemoryError 1 1 18 1 100 1 7 1 1 5 0 1 1 12 10 1 12 10 1 1
ciInstanceKlass java/lang/InternalError 0 0 24 1 100 1 100 1 1 5 0 1 1 12 10 1 12 10 1 12 10 1 12 10 1 1
ciInstanceKlass java/lang/StackTraceElement 1 1 198 1 7 1 7 1 100 1 7 1 1 1 1 1 1 1 1 1 1 1 1 1 1 1 1 3 1 3 1 1 5 0 1 1 1 12 10 1 12 10 12 9 12 9 12 9 12 9 1 8 1 7 1 1 12 10 1 7 12 9 1 8 12 9 12 9 12 9 1 1 1 1 1 1 1 1 1 1 1 1 1 8 1 12 10 1 12 10 1 7 10 1 1 12 10 1 8 12 10 1 12 10 1 8 1 8 1 8 12 10 1 8 1 8 1 12 10 1 8 1 8 1 1 12 10 1 12 10 1 12 10 1 12 10 1 12 9 1 7 1 1 12 10 1 1 12 10 1 7 1 100 1 7 1 1 12 10 1 100 1 7 1 12 10 1 7 1 1 12 10 1 12 10 1 12 10 1 1 1 100 10 1 1 12 10 12 10 1 1 1 12 10 1 1 1 1 1 1
instanceKlass java/nio/IntBuffer
instanceKlass java/nio/CharBuffer
instanceKlass java/nio/LongBuffer
instanceKlass java/nio/ByteBuffer
ciInstanceKlass java/nio/Buffer 1 1 202 1 7 1 7 1 7 1 100 1 7 1 1 1 1 1 1 1 3 1 1 1 1 1 1 1 1 1 1 1 1 1 12 10 12 9 12 9 12 9 12 9 12 9 1 1 1 12 10 1 100 1 12 10 12 10 1 100 1 100 10 1 8 1 1 12 10 1 12 10 1 8 1 8 1 1 12 10 1 12 10 1 1 1 8 12 9 1 100 1 8 1 12 10 1 8 1 8 1 12 9 1 12 10 1 8 1 100 1 8 1 8 1 12 10 1 8 1 8 1 8 1 1 1 100 10 1 1 1 1 1 1 1 1 1 1 1 1 1 1 1 1 1 1 100 10 1 1 1 100 10 1 1 1 100 10 1 1 1 1 1 1 12 10 1 10 1 12 11 1 1 7 1 12 10 1 7 1 1 12 10 12 9 1 1 12 10 12 9 10 1 7 1 1 12 10 1 1 1 1 1 1
staticfield java/nio/Buffer UNSAFE Ljdk/internal/misc/Unsafe; jdk/internal/misc/Unsafe
staticfield java/nio/Buffer SCOPED_MEMORY_ACCESS Ljdk/internal/misc/ScopedMemoryAccess; jdk/internal/misc/ScopedMemoryAccess
staticfield java/nio/Buffer $assertionsDisabled Z 1
instanceKlass java/lang/ThreadLocal$SuppliedThreadLocal
instanceKlass java/util/concurrent/locks/ReentrantReadWriteLock$Sync$ThreadLocalHoldCounter
instanceKlass jdk/internal/math/FormattedFloatingDecimal$1
instanceKlass io/sentry/util/SentryRandom$SentryRandomThreadLocal
instanceKlass io/sentry/Baggage$DecimalFormatterThreadLocal
instanceKlass org/springframework/core/NamedThreadLocal
instanceKlass java/lang/InheritableThreadLocal
instanceKlass jdk/internal/math/FloatingDecimal$1
instanceKlass jdk/internal/misc/TerminatingThreadLocal$1
instanceKlass jdk/internal/misc/TerminatingThreadLocal
ciInstanceKlass java/lang/ThreadLocal 1 1 119 1 7 1 1 7 1 7 1 7 1 7 1 1 1 1 1 1 1 1 3 1 12 9 1 7 1 1 12 10 1 1 1 1 1 1 1 1 12 10 1 12 10 12 10 12 9 1 1 7 1 1 12 10 1 1 12 10 1 1 12 10 1 1 12 9 1 12 10 1 1 12 10 1 1 12 10 1 1 12 10 1 7 1 1 12 10 1 1 1 1 12 10 1 1 12 9 1 12 10 1 1 1 12 10 1 1 1 1 100 10 1 10 1 1 1 1 1 1
ciInstanceKlass jdk/internal/misc/TerminatingThreadLocal$1 1 1 34 1 7 1 1 7 1 100 1 1 12 10 1 1 1 1 7 1 12 10 1 7 1 1 12 10 1 12 10 1 1 1 1 1
ciMethod java/lang/ThreadLocal get ()Ljava/lang/Object; 512 0 6422 0 640
ciMethod java/lang/ThreadLocal set (Ljava/lang/Object;)V 16 0 1199 0 -1
ciMethod java/lang/ThreadLocal initialValue ()Ljava/lang/Object; 288 0 144 0 0
ciMethod java/lang/ThreadLocal getMap (Ljava/lang/Thread;)Ljava/lang/ThreadLocal$ThreadLocalMap; 514 0 1421 0 96
ciMethod java/lang/ThreadLocal createMap (Ljava/lang/Thread;Ljava/lang/Object;)V 42 0 21 0 0
ciInstanceKlass jdk/internal/misc/UnsafeConstants 1 1 28 1 7 1 100 1 1 1 1 1 1 1 1 1 12 10 1 12 9 12 9 12 9 12 9 12 9 1
staticfield jdk/internal/misc/UnsafeConstants ADDRESS_SIZE0 I 8
staticfield jdk/internal/misc/UnsafeConstants PAGE_SIZE I 4096
staticfield jdk/internal/misc/UnsafeConstants BIG_ENDIAN Z 0
staticfield jdk/internal/misc/UnsafeConstants UNALIGNED_ACCESS Z 1
staticfield jdk/internal/misc/UnsafeConstants DATA_CACHE_LINE_FLUSH_SIZE I 0
instanceKlass java/lang/invoke/DelegatingMethodHandle
instanceKlass java/lang/invoke/BoundMethodHandle
instanceKlass java/lang/invoke/DirectMethodHandle
ciInstanceKlass java/lang/invoke/MethodHandle 1 1 582 1 7 1 7 1 100 1 100 1 7 1 100 1 100 1 1 100 1 100 1 1 7 1 7 1 1 1 1 1 1 1 1 1 1 1 1 1 1 1 1 1 12 9 1 1 1 12 10 1 7 1 1 12 10 1 7 1 7 1 1 12 10 12 9 1 12 10 1 1 1 100 1 1 1 1 1 1 1 1 1 1 1 1 12 10 1 1 12 10 1 100 1 1 12 10 1 1 12 10 1 12 10 1 1 1 100 1 1 12 11 12 10 1 12 10 1 12 10 12 9 1 1 12 10 1 100 1 100 10 1 8 1 1 12 10 1 12 10 1 8 1 1 12 10 1 12 10 1 1 12 10 1 1 1 12 10 1 1 12 10 1 12 10 1 1 1 12 10 1 1 12 10 1 7 1 1 12 10 1 7 1 1 12 10 1 7 1 1 12 10 1 1 12 10 1 1 1 12 10 1 8 1 7 1 1 12 10 1 8 1 1 12 10 1 1 12 10 1 1 12 10 1 12 10 1 8 1 1 12 10 1 1 8 1 12 10 1 8 1 100 1 1 12 10 12 9 1 100 10 1 100 1 1 12 9 1 100 9 1 8 1 1 1 1 12 10 1 12 10 1 1 12 10 1 12 10 1 1 12 10 1 12 10 1 12 10 1 12 10 1 1 12 10 1 1 12 10 1 1 8 1 1 12 10 1 8 1 12 10 1 1 1 12 10 1 1 1 1 1 12 10 1 12 10 1 1 12 10 1 1 1 1 100 1 1 12 9 1 1 12 10 1 100 1 12 11 1 12 10 12 10 1 100 1 1 12 10 1 100 1 12 11 10 1 100 1 12 11 1 12 10 1 100 1 12 11 1 1 12 9 1 1 12 11 1 100 1 1 12 11 1 1 12 10 1 12 9 1 12 11 1 12 9 1 12 9 1 12 9 1 1 12 11 1 12 9 1 12 9 1 12 9 1 12 9 1 12 9 1 12 9 1 12 9 1 8 1 12 10 1 12 10 1 8 1 12 10 1 12 10 10 1 1 1 100 1 100 1 7 1 12 10 12 10 1 8 1 1 12 10 1 1 1 1 12 10 1 12 10 1 12 10 1 100 1 1 12 10 1 12 10 1 1 1 1 1 1 1 1 12 9 1 1 1 1 1 12 10 12 10 1 1 1 1 8 1 1 12 9 12 9 1 1 12 9 1 12 10 1 12 10 1 1 12 10 1 1 1 12 9 12 9 1 7 1 1 12 10 1 7 1 12 11 12 9 1 1 12 10 1 12 10 12 9 1 1 12 10 8 1 1 12 10 8 1 1 1 1 1 1 1
staticfield java/lang/invoke/MethodHandle FORM_OFFSET J 20
staticfield java/lang/invoke/MethodHandle UPDATE_OFFSET J 13
staticfield java/lang/invoke/MethodHandle $assertionsDisabled Z 1
ciInstanceKlass java/lang/invoke/LambdaForm 1 1 940 1 7 1 7 1 100 1 7 1 100 1 7 1 7 1 7 1 7 1 100 1 100 1 1 1 1 1 1 100 1 7 1 1 7 1 7 1 1 7 1 7 1 1 1 1 1 1 1 1 1 1 1 1 1 1 1 1 1 1 1 1 1 3 1 3 1 1 1 1 1 3 1 1 1 1 1 1 1 1 1 1 1 1 1 1 1 1 1 1 1 1 1 12 9 1 12 10 1 1 1 12 10 12 9 12 9 1 1 12 10 1 100 10 7 1 100 12 9 1 1 12 10 12 9 1 1 12 10 12 9 12 9 12 9 12 9 1 1 12 10 1 12 10 1 1 1 1 1 1 100 1 1 12 10 1 100 1 1 12 10 1 1 7 1 12 10 1 1 12 10 1 100 1 1 12 9 1 1 12 10 1 12 9 1 1 12 10 1 12 10 1 1 12 10 1 1 12 10 1 100 1 1 12 10 1 7 10 1 1 12 10 1 8 1 12 10 1 12 10 1 1 12 10 1 1 12 10 1 1 12 10 1 12 10 1 1 12 10 1 1 12 9 1 12 9 1 12 9 1 1 12 10 12 9 1 100 1 1 12 10 1 100 1 1 1 12 10 1 12 10 1 1 12 9 1 100 1 1 12 10 1 12 10 1 12 10 1 12 10 1 12 10 1 12 10 1 1 12 10 1 12 10 12 10 1 8 1 12 10 1 12 10 1 8 1 8 1 1 12 9 12 9 12 9 1 1 1 1 12 10 1 12 10 1 12 9 1 1 12 10 1 7 1 1 12 10 1 1 12 10 1 12 10 1 12 10 1 1 12 10 100 1 12 9 1 12 10 1 8 1 8 1 8 1 8 1 8 1 8 1 8 1 8 1 1 1 1 12 10 1 1 1 12 9 1 1 1 1 7 1 100 12 10 1 12 9 12 10 1 1 12 10 12 10 1 12 10 1 1 12 10 1 1 1 1 12 10 10 1 1 12 10 1 1 12 10 1 1 8 1 1 12 10 1 12 10 1 1 12 10 10 1 1 1 1 8 12 10 1 1 8 1 1 8 1 1 8 1 1 12 10 12 9 12 10 1 1 12 10 1 100 1 1 12 10 12 10 1 1 12 10 1 1 12 10 1 1 12 9 1 8 1 100 1 1 12 10 1 100 1 100 1 12 10 12 10 10 1 1 12 10 12 9 8 1 1 12 10 12 10 1 12 10 1 7 1 12 9 1 1 12 9 1 8 1 100 1 12 10 1 1 12 10 10 1 1 12 10 1 1 12 10 1 8 1 8 1 8 12 10 1 12 10 1 12 10 1 1 12 10 1 1 8 1 8 1 1 12 9 1 12 10 1 1 12 10 1 8 1 8 1 8 1 100 1 8 1 100 1 8 1 100 1 8 1 12 10 1 8 1 9 1 7 1 1 12 10 1 12 10 1 1 12 9 1 12 10 10 1 12 10 1 12 10 1 12 10 1 1 1 1 1 12 10 1 12 10 1 1 12 10 1 1 12 10 1 1 12 10 1 8 1 12 10 1 12 10 1 1 12 9 1 12 10 1 8 1 8 1 8 1 8 1 8 1 8 1 8 1 8 1 8 1 8 1 12 10 12 10 1 12 10 12 10 1 8 1 8 1 8 1 12 10 1 8 1 12 10 1 8 1 8 1 8 1 8 1 8 1 12 10 1 12 10 1 1 12 10 1 1 1 7 1 1 12 10 1 1 12 10 1 1 100 1 12 10 1 12 10 1 1 1 12 10 1 1 12 10 12 10 1 1 1 12 10 12 9 1 8 12 10 1 1 12 9 1 1 12 10 1 12 9 1 12 9 12 9 1 100 1 7 1 1 12 9 1 7 1 7 1 1 12 10 12 9 1 12 10 1 12 10 1 8 1 12 10 12 9 1 1 12 10 1 8 1 100 1 12 10 1 12 9 1 12 9 12 10 1 12 10 1 7 1 1 12 10 1 12 10 1 12 9 1 1 12 10 1 12 10 1 12 10 12 9 1 12 10 10 1 1 1 1 1 1 1 1 1 1 1 1 1 1 1 1 1 1 1 12 10 9 1 12 9 7 1 1 12 9 100 1 1 12 10 1 12 9 1 12 10 10 9 1 1 1 1 1 1 1 1
staticfield java/lang/invoke/LambdaForm COMPILE_THRESHOLD I 0
staticfield java/lang/invoke/LambdaForm INTERNED_ARGUMENTS [[Ljava/lang/invoke/LambdaForm$Name; 5 [[Ljava/lang/invoke/LambdaForm$Name;
staticfield java/lang/invoke/LambdaForm IMPL_NAMES Ljava/lang/invoke/MemberName$Factory; java/lang/invoke/MemberName$Factory
staticfield java/lang/invoke/LambdaForm LF_identity [Ljava/lang/invoke/LambdaForm; 6 [Ljava/lang/invoke/LambdaForm;
staticfield java/lang/invoke/LambdaForm LF_zero [Ljava/lang/invoke/LambdaForm; 6 [Ljava/lang/invoke/LambdaForm;
staticfield java/lang/invoke/LambdaForm NF_identity [Ljava/lang/invoke/LambdaForm$NamedFunction; 6 [Ljava/lang/invoke/LambdaForm$NamedFunction;
staticfield java/lang/invoke/LambdaForm NF_zero [Ljava/lang/invoke/LambdaForm$NamedFunction; 6 [Ljava/lang/invoke/LambdaForm$NamedFunction;
staticfield java/lang/invoke/LambdaForm createFormsLock Ljava/lang/Object; java/lang/Object
staticfield java/lang/invoke/LambdaForm DEBUG_NAME_COUNTERS Ljava/util/HashMap; null
staticfield java/lang/invoke/LambdaForm DEBUG_NAMES Ljava/util/HashMap; null
staticfield java/lang/invoke/LambdaForm TRACE_INTERPRETER Z 0
staticfield java/lang/invoke/LambdaForm $assertionsDisabled Z 1
ciInstanceKlass java/lang/invoke/MethodHandleNatives 1 1 606 1 7 1 7 1 100 1 100 1 1 7 1 7 1 1 7 1 1 7 1 1 7 1 7 1 1 7 1 100 1 1 1 1 1 1 1 1 12 10 1 1 1 1 1 1 1 1 100 1 100 1 1 1 1 1 1 1 1 1 1 1 1 1 1 1 1 1 1 1 1 1 1 12 9 12 10 1 100 10 1 1 12 10 12 10 1 1 1 1 12 10 1 1 1 1 8 1 8 1 8 1 8 1 8 1 8 1 8 1 8 1 8 1 8 1 7 1 1 1 1 1 100 1 100 1 100 12 10 1 7 1 1 12 10 1 100 1 1 12 10 1 7 10 1 1 12 10 1 8 1 12 10 1 8 1 1 12 10 1 8 1 1 12 10 1 100 1 1 12 9 1 8 1 100 1 1 12 10 1 100 12 10 1 100 1 8 1 1 1 7 10 1 12 10 1 7 1 7 1 12 9 1 1 12 10 1 12 10 1 1 7 1 1 12 10 1 7 1 1 12 10 1 7 1 1 12 10 1 12 10 1 100 1 1 12 10 1 1 12 10 1 12 9 1 8 1 12 10 1 8 1 12 10 1 8 1 8 1 8 1 12 10 1 8 1 1 1 1 12 10 1 12 10 1 1 100 1 1 12 10 1 8 1 100 1 1 12 10 1 7 1 8 1 12 10 1 8 1 8 1 8 1 8 1 8 1 1 1 1 1 1 1 1 12 10 1 1 1 1 12 10 1 12 10 1 100 1 1 12 10 1 1 12 10 1 12 10 1 12 10 1 12 10 1 8 1 8 10 1 1 1 12 10 1 1 12 10 1 8 1 100 1 1 12 10 1 8 1 8 1 100 1 1 12 10 1 1 12 10 1 1 12 10 1 1 12 9 1 1 12 10 10 1 12 10 1 12 9 1 1 12 10 1 12 9 1 12 9 1 1 12 10 1 12 10 1 100 1 1 12 10 1 7 1 1 12 10 1 12 10 1 1 12 10 1 1 12 10 1 12 10 1 8 1 12 10 1 12 10 1 1 12 10 1 12 10 1 1 7 1 1 12 10 1 1 12 10 1 100 1 8 10 1 1 1 1 1 12 9 1 1 12 10 1 12 10 1 1 12 10 1 1 12 10 1 100 1 100 10 10 1 100 1 100 10 1 100 10 1 1 12 10 1 1 100 10 1 12 10 1 12 10 1 1 12 10 1 1 12 10 1 1 1 12 10 12 10 1 12 10 10 1 8 1 100 1 12 10 1 1 12 10 1 12 10 1 12 10 1 1 12 10 1 12 10 1 1 1 1 1 12 9 1 7 1 1 12 10 12 9 1 7 12 11 1 1 12 10 12 10 10 12 10 1 7 1 1 12 10 1 1 1 1 1 1
staticfield java/lang/invoke/MethodHandleNatives JLA Ljdk/internal/access/JavaLangAccess; java/lang/System$2
staticfield java/lang/invoke/MethodHandleNatives $assertionsDisabled Z 1
instanceKlass java/lang/invoke/DirectMethodHandle$Special
instanceKlass java/lang/invoke/DirectMethodHandle$Interface
instanceKlass java/lang/invoke/DirectMethodHandle$Constructor
instanceKlass java/lang/invoke/DirectMethodHandle$Accessor
ciInstanceKlass java/lang/invoke/DirectMethodHandle 1 1 858 1 7 1 7 1 7 1 7 1 100 1 7 1 7 1 7 1 7 1 7 1 7 1 100 1 7 1 1 7 1 7 1 1 1 1 1 1 1 7 1 7 1 1 7 1 1 7 1 1 1 1 1 1 1 1 1 1 1 3 1 3 1 3 1 3 1 3 1 3 1 3 1 1 3 1 1 3 1 3 1 1 1 1 1 1 1 1 1 1 1 1 1 3 1 3 1 1 1 1 3 1 1 1 1 1 1 1 1 1 12 10 1 1 12 10 1 100 1 12 10 1 7 1 1 12 10 1 7 1 12 10 1 1 12 10 1 12 10 1 12 10 1 7 1 1 12 10 1 1 12 10 1 12 10 1 1 12 10 1 1 12 10 1 12 10 12 9 1 100 10 12 9 12 9 1 1 1 1 12 10 1 12 10 1 1 12 10 1 12 10 1 12 10 1 12 10 1 1 12 10 1 12 10 1 1 12 10 1 8 1 1 12 10 1 12 10 10 1 12 10 12 10 1 12 10 1 1 12 10 1 1 12 10 1 12 10 1 12 10 1 12 10 1 1 12 10 1 1 12 10 12 10 8 1 100 1 1 12 10 1 12 10 1 12 10 1 1 12 10 1 12 10 1 7 1 1 12 9 1 12 10 1 1 1 7 1 1 12 10 1 1 1 12 10 1 1 1 1 12 10 1 1 12 9 1 1 1 100 10 1 8 1 1 12 10 1 12 10 1 12 10 10 1 1 12 10 1 12 10 1 12 10 1 12 10 1 1 12 10 1 12 10 1 1 12 10 1 12 10 1 1 12 10 10 1 7 1 1 12 10 1 12 10 1 7 1 1 12 10 1 12 10 1 1 12 10 1 100 1 8 1 1 12 9 1 8 1 12 9 1 12 9 1 8 1 12 9 1 12 9 1 8 1 12 9 1 12 9 1 8 1 12 10 1 1 12 10 12 9 1 7 1 1 12 10 1 7 1 1 12 10 1 1 12 10 1 12 10 1 1 12 10 1 100 1 1 12 10 1 12 10 1 1 12 10 1 7 1 1 12 10 1 7 1 1 12 10 1 12 10 1 12 10 1 12 10 1 1 12 9 10 12 9 1 12 9 1 7 1 1 12 10 1 1 1 12 10 1 7 1 7 1 7 1 1 12 9 1 7 12 10 1 1 12 10 1 12 10 1 12 10 1 1 12 10 1 1 12 9 1 1 12 10 1 100 1 100 1 1 12 10 1 12 10 1 12 10 1 1 8 1 1 12 9 1 1 100 1 12 9 12 10 1 1 12 9 1 1 7 1 12 10 1 1 1 12 9 1 1 12 9 1 1 12 10 1 12 10 1 12 10 1 1 1 1 1 1 12 10 1 7 1 1 12 10 1 12 10 1 7 1 12 10 12 9 1 12 10 1 12 10 1 12 10 1 12 10 12 10 12 9 1 1 12 10 1 1 1 1 12 9 1 12 9 1 12 9 1 12 9 1 12 9 1 12 9 1 12 9 1 12 9 1 12 9 1 12 9 1 12 9 1 12 9 1 12 9 1 12 9 1 12 9 1 12 9 1 12 9 1 12 9 1 12 9 1 12 9 1 12 9 1 12 9 1 12 9 1 12 9 1 12 9 1 12 9 1 12 9 1 12 9 1 12 9 1 12 9 1 12 9 1 12 9 1 12 9 1 12 9 1 12 9 1 12 9 1 12 9 1 8 1 1 12 9 12 9 1 12 10 12 10 1 7 9 1 12 10 1 1 12 9 12 10 1 12 10 1 12 10 1 12 10 10 1 8 1 8 1 8 1 8 1 1 12 10 12 9 1 12 10 1 100 1 1 12 10 8 12 9 1 1 12 10 8 8 8 12 9 8 8 8 8 8 8 8 1 12 10 1 12 10 8 1 8 1 12 10 1 12 10 1 1 12 10 1 1 12 10 1 1 1 1 1 1 1 1
staticfield java/lang/invoke/DirectMethodHandle IMPL_NAMES Ljava/lang/invoke/MemberName$Factory; java/lang/invoke/MemberName$Factory
staticfield java/lang/invoke/DirectMethodHandle FT_UNCHECKED_REF I 8
staticfield java/lang/invoke/DirectMethodHandle ACCESSOR_FORMS [Ljava/lang/invoke/LambdaForm; 132 [Ljava/lang/invoke/LambdaForm;
staticfield java/lang/invoke/DirectMethodHandle ALL_WRAPPERS [Lsun/invoke/util/Wrapper; 10 [Lsun/invoke/util/Wrapper;
staticfield java/lang/invoke/DirectMethodHandle NFS [Ljava/lang/invoke/LambdaForm$NamedFunction; 12 [Ljava/lang/invoke/LambdaForm$NamedFunction;
staticfield java/lang/invoke/DirectMethodHandle OBJ_OBJ_TYPE Ljava/lang/invoke/MethodType; java/lang/invoke/MethodType
staticfield java/lang/invoke/DirectMethodHandle LONG_OBJ_TYPE Ljava/lang/invoke/MethodType; java/lang/invoke/MethodType
staticfield java/lang/invoke/DirectMethodHandle $assertionsDisabled Z 1
ciInstanceKlass java/lang/ThreadLocal$ThreadLocalMap 1 1 107 1 7 1 7 1 7 1 1 7 1 1 1 3 1 1 1 1 1 1 12 9 1 1 1 1 1 1 1 12 10 12 9 12 9 1 12 9 12 10 12 10 1 100 1 1 12 10 1 1 12 9 1 1 12 10 12 10 1 1 1 1 1 12 10 1 1 12 10 1 1 1 12 10 1 1 1 12 10 1 1 12 10 1 12 10 1 1 1 1 12 10 1 12 10 1 12 10 1 12 10 1 1 1 1 1 1
ciInstanceKlass jdk/internal/reflect/CallerSensitive 1 1 15 1 100 1 100 1 100 1 1 1 1 1 1 1 1
ciInstanceKlass jdk/internal/reflect/ConstantPool 1 1 134 1 7 1 100 1 100 1 1 1 1 1 12 10 1 1 12 9 1 1 12 10 1 1 1 1 1 12 10 1 1 12 10 1 1 1 1 12 10 1 1 1 1 12 10 1 1 12 10 1 1 1 1 12 10 1 1 12 10 1 1 1 1 12 10 1 1 12 10 1 1 12 10 1 1 12 10 1 1 1 1 12 10 1 1 1 1 12 10 1 1 1 1 12 10 1 1 1 1 12 10 1 1 12 10 1 1 1 1 12 10 1 1 12 10 1 1 8 1 7 1 1 12 11 1 7 1 1 12 10 1 1 1 1
instanceKlass jdk/internal/reflect/UnsafeStaticObjectFieldAccessorImpl
instanceKlass jdk/internal/reflect/UnsafeQualifiedStaticFieldAccessorImpl
ciInstanceKlass jdk/internal/reflect/UnsafeStaticFieldAccessorImpl 1 1 39 1 7 1 7 1 1 1 1 12 10 1 1 12 9 1 7 1 1 12 10 12 9 1 1 8 1 7 1 1 12 11 1 7 1 1 12 10 1
instanceKlass jdk/internal/reflect/UnsafeFieldAccessorImpl
ciInstanceKlass jdk/internal/reflect/FieldAccessorImpl 1 1 53 1 100 1 7 1 100 1 1 12 10 1 1 1 100 1 1 1 1 1 1 1 1 1 1 1 1 1 1 1 1 1 1 1 100 1 1 1 1 1 1 1 1 1 1 1 1 1 1 1 1 1 1
instanceKlass jdk/internal/reflect/UnsafeIntegerFieldAccessorImpl
instanceKlass jdk/internal/reflect/UnsafeLongFieldAccessorImpl
instanceKlass jdk/internal/reflect/UnsafeObjectFieldAccessorImpl
instanceKlass jdk/internal/reflect/UnsafeQualifiedFieldAccessorImpl
instanceKlass jdk/internal/reflect/UnsafeBooleanFieldAccessorImpl
instanceKlass jdk/internal/reflect/UnsafeStaticFieldAccessorImpl
ciInstanceKlass jdk/internal/reflect/UnsafeFieldAccessorImpl 1 1 227 1 7 1 7 1 1 1 1 1 1 1 1 1 1 1 12 10 12 9 1 7 1 1 12 10 1 7 1 1 12 10 12 9 1 7 1 1 12 10 12 9 1 12 10 12 10 12 9 1 1 1 1 12 10 1 7 1 12 10 1 7 1 1 12 10 1 12 10 1 1 1 100 10 1 12 10 1 1 12 10 1 8 10 1 12 10 1 1 1 100 1 8 1 12 10 1 8 12 10 1 8 1 12 10 1 1 1 100 1 1 12 10 10 1 8 1 100 12 10 1 1 8 1 100 1 12 10 1 1 8 1 100 1 12 10 1 1 8 1 100 1 12 10 1 1 8 1 100 1 12 10 1 1 8 1 100 1 12 10 1 1 8 1 100 1 12 10 1 1 8 1 100 1 12 10 1 1 8 1 100 1 12 10 1 1 12 10 1 1 1 1 1 1 1 1 8 1 8 1 8 1 8 1 8 1 8 1 1 12 10 1 8 1 8 1 8 12 10 1 1 1 12 10 1 1 1
staticfield jdk/internal/reflect/UnsafeFieldAccessorImpl unsafe Ljdk/internal/misc/Unsafe; jdk/internal/misc/Unsafe
ciInstanceKlass jdk/internal/reflect/NativeConstructorAccessorImpl 1 1 113 1 7 1 7 1 1 1 1 1 1 1 1 1 1 1 1 1 1 1 1 12 10 12 9 1 1 1 100 1 100 1 100 1 100 12 9 1 7 1 1 12 10 1 7 1 1 12 10 1 7 1 1 12 10 12 9 12 9 12 9 1 7 1 1 12 10 1 7 10 1 1 12 10 1 12 10 1 12 10 1 1 12 10 12 9 1 7 1 1 12 10 1 1 12 10 1 1 1 1 1 1 12 10 8 1 1 12 10 1 1 1 1
staticfield jdk/internal/reflect/NativeConstructorAccessorImpl U Ljdk/internal/misc/Unsafe; jdk/internal/misc/Unsafe
staticfield jdk/internal/reflect/NativeConstructorAccessorImpl GENERATED_OFFSET J 16
ciInstanceKlass java/lang/invoke/ConstantCallSite 1 1 55 1 7 1 7 1 1 1 1 1 1 1 12 10 12 9 12 9 1 7 1 1 12 10 1 1 100 12 10 1 1 1 100 12 10 1 1 12 9 1 1 100 10 1 12 10 1 1 1 12 10 1 1 1 1
staticfield java/lang/invoke/ConstantCallSite UNSAFE Ljdk/internal/misc/Unsafe; jdk/internal/misc/Unsafe
ciInstanceKlass java/lang/invoke/MutableCallSite 0 0 52 1 100 1 100 1 1 1 1 12 10 1 12 10 1 1 1 1 12 9 1 1 12 10 1 1 12 10 1 1 12 9 1 100 1 1 12 10 1 100 1 100 1 1 12 10 1 1 12 10 1 1
instanceKlass java/lang/invoke/VarHandleBooleans$FieldInstanceReadOnly
instanceKlass java/lang/invoke/VarHandleLongs$Array
instanceKlass java/lang/invoke/VarHandleReferences$Array
instanceKlass java/lang/invoke/VarHandleInts$Array
instanceKlass java/lang/invoke/VarHandleByteArrayAsLongs$ByteArrayViewVarHandle
instanceKlass java/lang/invoke/VarHandleByteArrayAsInts$ByteArrayViewVarHandle
instanceKlass java/lang/invoke/VarHandleReferences$FieldStaticReadOnly
instanceKlass java/lang/invoke/VarHandleReferences$FieldInstanceReadOnly
instanceKlass java/lang/invoke/VarHandleInts$FieldStaticReadOnly
instanceKlass java/lang/invoke/VarHandleInts$FieldInstanceReadOnly
instanceKlass java/lang/invoke/VarHandleLongs$FieldInstanceReadOnly
ciInstanceKlass java/lang/invoke/VarHandle 1 1 368 1 7 1 7 1 100 1 100 1 100 1 100 1 7 1 7 1 100 1 7 1 7 1 1 1 1 1 1 100 1 100 1 1 1 1 1 1 1 1 1 1 1 1 1 1 1 1 1 1 12 10 1 12 10 12 9 12 9 1 1 1 100 10 1 1 1 1 1 1 1 1 1 1 1 1 1 1 1 1 1 1 1 1 1 1 1 1 1 1 1 1 1 1 1 1 1 1 1 1 1 1 1 1 1 1 1 1 1 1 1 8 1 1 12 10 1 7 1 12 10 1 1 12 10 1 100 1 1 12 10 1 1 1 12 9 1 1 12 10 1 100 1 1 12 10 1 1 12 10 1 1 12 9 1 12 10 1 1 12 9 1 12 10 1 12 10 1 1 1 1 1 12 9 1 1 12 9 1 12 10 1 1 100 1 100 10 1 8 1 1 12 10 1 12 10 1 8 12 10 1 12 10 1 1 12 10 1 1 12 9 1 12 10 1 1 12 10 1 12 10 1 1 10 1 100 1 1 12 10 1 1 12 10 1 1 12 10 1 1 12 10 1 100 1 1 12 10 1 1 1 1 100 1 12 10 12 9 10 1 1 12 9 1 12 10 1 12 10 1 1 12 10 1 12 10 1 100 1 1 12 10 1 1 12 9 1 1 12 10 12 9 1 12 10 1 12 10 1 100 1 12 10 1 100 10 1 1 7 1 1 12 9 12 9 1 7 1 1 12 10 1 12 10 1 1 12 10 1 1 12 10 1 12 10 1 12 10 1 1 12 10 10 1 7 1 1 12 10 12 9 8 1 1 12 10 1 7 1 1 12 10 1 1 1 1 1 1
staticfield java/lang/invoke/VarHandle AIOOBE_SUPPLIER Ljava/util/function/BiFunction; jdk/internal/util/Preconditions$1
staticfield java/lang/invoke/VarHandle VFORM_OFFSET J 16
staticfield java/lang/invoke/VarHandle $assertionsDisabled Z 1
ciInstanceKlass java/lang/invoke/MemberName 1 1 693 1 7 1 7 1 100 1 100 1 7 1 100 1 7 1 1 100 1 100 1 1 100 1 100 1 1 1 1 1 1 1 1 1 1 1 1 1 1 1 3 1 3 1 3 1 3 1 3 1 3 1 1 8 1 3 1 3 1 3 1 3 1 3 1 3 1 3 1 3 1 3 1 3 1 3 1 3 1 1 1 1 1 12 9 1 1 1 7 12 10 1 1 12 9 1 1 12 10 1 1 1 1 12 10 1 12 10 1 12 10 1 12 10 1 7 1 1 12 10 1 12 10 1 100 1 12 9 1 12 10 1 100 1 100 12 10 1 8 1 1 12 10 1 12 10 1 12 10 1 12 10 12 9 1 8 1 100 1 1 12 10 1 7 10 1 1 12 10 1 100 1 100 1 1 12 10 12 9 1 100 1 8 1 12 10 1 100 1 1 12 10 1 12 10 1 12 10 1 1 12 10 1 12 10 1 12 10 1 1 12 10 1 1 1 1 12 10 1 1 12 10 1 8 1 8 1 8 1 1 1 1 100 1 1 12 10 1 12 10 1 1 12 9 1 1 12 10 1 12 10 1 12 10 10 1 1 12 10 1 12 10 1 12 10 1 12 10 1 12 10 8 1 1 12 10 1 12 10 1 8 1 100 9 8 1 100 9 1 1 12 10 1 1 1 12 10 1 12 10 1 8 1 1 12 10 1 12 10 12 10 1 1 12 10 1 1 12 10 1 100 1 1 12 10 1 12 10 1 8 1 12 10 1 12 10 1 8 1 1 1 12 10 1 1 1 12 10 1 1 1 7 1 1 12 10 12 10 1 8 1 8 1 1 12 10 1 100 1 1 12 10 1 7 12 10 1 12 10 1 12 10 1 12 10 1 12 10 1 10 1 12 10 1 12 10 1 12 10 1 3 12 10 1 1 12 10 1 1 1 1 3 1 1 1 12 10 1 7 1 1 12 10 1 1 1 12 10 1 1 1 12 9 1 1 12 10 1 1 3 1 1 12 10 10 1 7 1 1 12 10 1 12 10 1 7 10 10 12 10 12 10 1 12 10 10 12 10 12 10 12 10 12 10 1 100 10 10 12 10 1 100 10 10 12 10 1 1 1 12 10 10 1 1 12 10 1 1 1 100 10 1 1 12 10 1 100 10 12 10 1 12 10 1 12 10 1 1 1 10 1 12 10 1 1 12 10 1 1 1 12 10 1 12 10 1 12 10 1 100 12 10 1 1 12 10 1 1 100 1 8 10 1 7 1 12 10 12 10 1 1 12 10 1 12 10 1 12 10 1 1 1 1 1 1 8 1 8 1 8 1 8 1 12 10 1 1 1 12 10 1 1 12 10 1 8 1 8 1 12 10 1 8 10 1 12 10 1 12 10 1 8 1 8 10 1 12 10 1 1 1 8 1 1 12 10 1 8 1 12 10 1 1 12 10 1 12 10 1 100 1 8 1 8 1 8 1 8 1 100 10 1 1 8 1 8 1 8 1 8 1 12 10 1 100 1 100 1 100 10 1 100 10 1 100 1 1 12 10 1 1 1 1 12 9 1 1 1 1 1 1 1 1
staticfield java/lang/invoke/MemberName $assertionsDisabled Z 1
ciInstanceKlass java/lang/invoke/ResolvedMethodName 1 1 10 1 100 1 100 1 1 12 10 1
ciInstanceKlass java/lang/StackWalker 0 0 217 1 100 1 100 1 100 1 100 1 100 1 1 1 100 1 100 1 1 100 1 1 1 100 1 100 1 1 1 1 1 1 1 1 1 1 1 1 1 1 1 1 1 12 9 1 1 100 1 1 12 10 1 100 1 1 12 10 1 12 10 1 1 100 1 1 12 11 1 1 12 10 1 1 12 10 1 1 12 10 1 1 1 100 1 8 1 12 10 1 12 10 1 1 12 10 1 1 1 12 10 12 9 12 9 12 9 1 1 12 9 1 1 12 10 12 9 1 1 100 1 1 12 10 1 1 12 11 1 100 1 8 10 1 100 1 12 10 1 12 9 1 1 12 10 1 1 1 1 1 1 12 10 1 12 10 1 1 1 16 1 1 12 10 15 1 16 1 100 1 1 12 10 15 1 1 12 18 1 1 1 1 100 1 8 10 1 1 12 10 1 12 10 1 1 1 1 1 1 12 9 1 100 12 11 1 1 1 12 10 1 1 1 1 1 1 1
ciInstanceKlass java/lang/StackStreamFactory$AbstractStackWalker 1 0 286 1 100 1 1 100 1 100 1 1 100 1 100 1 1 100 1 1 100 1 100 1 1 1 1 1 1 1 1 1 1 1 1 1 1 1 1 3 1 12 10 1 12 10 1 100 1 1 12 10 12 9 1 1 12 10 12 9 12 9 12 9 12 9 1 1 12 9 1 1 12 10 1 1 12 10 1 1 1 1 1 1 1 1 12 9 1 12 10 12 10 1 1 12 9 1 100 1 1 12 9 1 100 10 1 8 1 1 12 10 1 12 10 1 8 1 1 12 10 1 100 1 1 12 10 1 1 1 100 1 8 1 12 10 1 8 12 10 1 1 12 9 1 12 10 12 9 1 8 5 0 1 8 1 8 1 1 1 1 12 9 12 10 1 12 10 12 10 1 100 1 1 12 9 1 1 1 1 12 10 1 12 10 1 12 10 1 12 10 12 10 1 1 12 10 1 8 1 12 10 1 12 10 1 100 1 12 10 1 1 1 1 12 10 1 8 1 100 1 1 12 10 1 1 12 10 1 1 12 10 12 10 12 10 1 100 1 1 12 10 1 12 9 1 8 1 12 10 1 12 10 1 1 12 10 12 10 12 10 1 12 10 1 1 12 10 1 1 12 10 1 1 12 10 1 12 10 1 8 1 1 1 1 1 1 1
ciInstanceKlass jdk/internal/module/Modules 1 1 441 1 7 1 100 1 100 1 100 1 1 100 1 1 100 1 100 1 1 1 1 1 1 1 1 1 1 1 12 10 1 1 12 9 1 7 12 11 1 1 12 11 1 1 12 11 1 1 12 11 1 12 11 1 12 11 1 12 11 1 12 11 1 1 1 12 11 1 1 1 1 100 1 1 12 10 1 100 1 1 12 10 1 16 1 1 12 10 15 16 1 100 1 1 12 10 15 1 1 12 18 1 100 1 1 12 10 1 100 1 100 1 12 10 1 7 1 100 1 100 1 100 1 1 12 10 1 100 1 12 10 1 12 10 1 12 11 1 1 1 12 9 1 100 1 12 11 1 1 1 12 10 10 1 12 10 10 1 1 12 9 1 12 10 1 1 12 10 1 100 1 12 10 1 100 1 100 1 1 12 11 1 100 1 1 12 10 1 100 1 12 11 1 1 12 10 1 100 1 12 10 1 100 1 1 12 10 1 1 12 10 1 1 12 10 1 1 12 11 16 1 1 12 10 15 1 16 1 1 12 18 1 100 1 12 11 1 100 1 1 12 10 1 100 1 1 12 11 1 100 1 100 1 1 12 11 1 100 1 1 12 11 1 12 11 1 1 12 10 1 12 10 1 16 1 12 10 15 1 16 1 1 12 18 1 1 12 11 1 16 1 1 12 10 15 1 16 1 1 12 18 1 1 12 11 1 12 10 10 15 1 16 18 1 1 12 10 15 1 16 18 1 1 12 10 12 9 1 100 1 1 12 11 1 100 10 1 12 11 1 1 12 11 1 1 12 11 10 1 100 1 1 12 10 1 100 1 12 10 1 12 10 12 11 1 12 10 1 100 10 1 1 12 10 15 16 1 12 18 1 1 12 10 1 1 1 100 1 8 1 12 10 1 12 10 1 1 12 10 15 16 1 12 18 11 12 11 1 12 10 10 10 1 1 12 10 15 1 12 18 10 10 1 1 12 10 1 7 1 1 12 10 1 1 12 10 1 1 1 1 1
staticfield jdk/internal/module/Modules JLA Ljdk/internal/access/JavaLangAccess; java/lang/System$2
staticfield jdk/internal/module/Modules JLMA Ljdk/internal/access/JavaLangModuleAccess; java/lang/module/ModuleDescriptor$1
staticfield jdk/internal/module/Modules $assertionsDisabled Z 1
instanceKlass sun/nio/ch/Util$1
instanceKlass sun/nio/fs/NativeBuffers$1
ciInstanceKlass jdk/internal/misc/TerminatingThreadLocal 1 1 72 1 7 1 1 7 1 7 1 1 1 1 1 12 10 1 1 1 12 10 1 1 12 10 1 12 10 1 12 10 1 12 9 1 1 12 10 1 7 1 1 12 11 1 7 1 1 12 11 1 12 11 1 12 10 10 12 10 1 1 1 12 11 12 11 1 10 1 1 1 1 1
staticfield jdk/internal/misc/TerminatingThreadLocal REGISTRY Ljava/lang/ThreadLocal; jdk/internal/misc/TerminatingThreadLocal$1
ciInstanceKlass sun/nio/fs/NativeBuffers$1 1 1 30 1 7 1 1 7 1 100 1 1 12 10 1 1 1 7 1 12 10 1 1 7 12 10 1 1 1 1 1 1
ciInstanceKlass sun/nio/fs/NativeBuffers 1 1 110 1 7 1 100 1 7 1 1 1 1 3 1 1 1 1 1 1 1 12 10 1 1 1 7 1 12 10 1 12 9 1 7 1 1 12 10 1 7 1 1 12 10 1 12 10 1 1 12 10 12 10 1 1 1 12 10 1 12 10 1 1 1 7 1 12 9 12 9 1 100 10 12 9 1 1 12 10 1 1 12 10 1 1 12 10 1 1 12 10 12 10 1 1 7 1 1 12 10 1 1 12 10 10 1 1 1 1 1 1
staticfield sun/nio/fs/NativeBuffers unsafe Ljdk/internal/misc/Unsafe; jdk/internal/misc/Unsafe
staticfield sun/nio/fs/NativeBuffers $assertionsDisabled Z 1
ciInstanceKlass sun/nio/fs/NativeBuffer 1 1 86 1 7 1 7 1 100 1 7 1 1 7 1 7 1 1 1 1 1 1 1 1 1 1 1 1 1 1 12 10 12 9 1 7 1 1 12 10 12 9 12 9 1 7 1 1 12 10 1 12 10 1 1 12 10 12 9 1 1 12 10 1 7 1 1 12 10 1 1 1 1 12 11 1 1 12 9 1 1 1 1 12 10 1 1 1
staticfield sun/nio/fs/NativeBuffer unsafe Ljdk/internal/misc/Unsafe; jdk/internal/misc/Unsafe
ciMethod sun/nio/fs/NativeBuffers releaseNativeBuffer (Lsun/nio/fs/NativeBuffer;)V 512 252 5379 0 1664
ciMethod sun/nio/fs/NativeBuffers allocNativeBuffer (I)Lsun/nio/fs/NativeBuffer; 12 0 18 0 0
ciMethod sun/nio/fs/NativeBuffers getNativeBufferFromCache (I)Lsun/nio/fs/NativeBuffer; 512 248 5379 0 896
ciMethod jdk/internal/misc/TerminatingThreadLocal set (Ljava/lang/Object;)V 16 0 8 0 0
ciMethod jdk/internal/misc/TerminatingThreadLocal register (Ljdk/internal/misc/TerminatingThreadLocal;)V 20 0 25 0 0
ciInstanceKlass java/util/Collections$SetFromMap 1 1 155 1 7 1 1 7 1 7 1 100 1 100 1 1 1 1 1 1 1 1 1 5 0 1 1 1 1 12 10 1 7 1 1 12 11 1 100 1 8 1 12 10 12 9 1 1 12 11 12 9 1 12 11 1 1 12 11 1 1 1 12 11 1 1 12 11 1 1 1 7 1 1 12 9 1 1 12 11 1 1 1 12 11 1 1 12 11 1 1 12 11 1 1 1 100 12 10 1 12 11 1 12 11 1 1 1 12 11 1 12 11 1 12 11 1 1 1 12 11 1 1 1 12 11 1 1 1 12 11 1 1 1 12 11 1 12 11 1 1 1 100 1 100 1 100 1 12 10 1 1 1 1 1 1 1
ciInstanceKlass sun/nio/fs/WindowsNativeDispatcher 1 1 340 1 7 1 100 1 100 1 100 1 100 1 100 1 7 1 100 1 7 1 1 1 1 1 1 1 1 1 1 1 12 10 1 1 1 100 1 1 1 1 12 10 1 7 1 1 12 10 1 1 12 10 1 12 10 1 7 1 100 1 12 10 1 1 1 1 1 12 10 1 1 1 1 12 10 1 1 12 10 1 1 1 1 1 1 1 10 1 1 12 10 1 1 1 12 10 1 1 1 1 10 1 1 12 10 1 12 10 5 0 1 1 1 1 1 1 1 1 12 10 1 1 1 12 10 1 1 1 1 12 10 1 1 1 1 12 10 1 1 12 10 1 1 1 1 1 1 1 10 1 1 12 10 1 1 12 10 1 1 10 1 1 12 10 1 1 12 10 1 1 1 12 10 1 1 1 1 1 1 12 10 1 1 1 1 12 10 1 1 1 1 1 1 10 1 1 12 10 1 1 1 1 1 1 1 10 1 1 12 10 1 1 1 1 12 10 1 1 1 1 1 12 10 1 1 1 1 1 1 1 1 1 1 1 1 1 12 10 1 1 12 10 1 12 10 1 1 1 12 10 1 1 12 10 1 1 1 1 1 1 1 1 10 1 1 12 10 1 1 1 1 1 1 1 12 10 3 1 8 12 10 1 7 1 1 12 10 1 12 10 1 1 12 10 1 1 12 10 12 9 1 7 1 1 12 9 1 1 12 10 1 1 12 10 1 1 12 10 1 1 1 1 12 10 1 8 1 7 1 12 10 1 8 12 10 1 1 1 1 1
staticfield sun/nio/fs/WindowsNativeDispatcher unsafe Ljdk/internal/misc/Unsafe; jdk/internal/misc/Unsafe
ciMethod sun/nio/fs/WindowsNativeDispatcher asNativeBuffer (Ljava/lang/String;)Lsun/nio/fs/NativeBuffer; 512 0 5378 0 2112
ciMethod sun/nio/fs/WindowsNativeDispatcher CreateFile (Ljava/lang/String;IIJII)J 512 0 5376 17 -1
ciMethod sun/nio/fs/WindowsNativeDispatcher CreateFile0 (JIIJII)J 512 0 256 17 -1
ciMethod sun/nio/fs/NativeBuffer <init> (I)V 12 0 18 0 -1
ciMethod sun/nio/fs/NativeBuffer size ()I 256 0 128 0 0
ciMethod sun/nio/fs/NativeBuffer address ()J 264 0 132 0 0
ciMethod sun/nio/fs/NativeBuffer release ()V 512 0 11443 0 0
ciMethod sun/nio/fs/NativeBuffer setOwner (Ljava/lang/Object;)V 258 0 129 0 0
ciMethod sun/nio/fs/NativeBuffer owner ()Ljava/lang/Object; 258 0 129 0 0
ciMethod sun/nio/fs/NativeBuffer free ()V 0 0 4 0 0
ciMethod java/lang/ThreadLocal$ThreadLocalMap <init> (Ljava/lang/ThreadLocal;Ljava/lang/Object;)V 44 0 22 0 -1
ciMethod java/lang/ThreadLocal$ThreadLocalMap rehash ()V 4 0 4 0 -1
ciMethod java/lang/ThreadLocal$ThreadLocalMap set (Ljava/lang/ThreadLocal;Ljava/lang/Object;)V 512 66 1590 0 0
ciMethod java/lang/ThreadLocal$ThreadLocalMap nextIndex (II)I 776 0 3395 0 0
ciMethod java/lang/ThreadLocal$ThreadLocalMap getEntry (Ljava/lang/ThreadLocal;)Ljava/lang/ThreadLocal$ThreadLocalMap$Entry; 514 0 6413 0 0
ciMethod java/lang/ThreadLocal$ThreadLocalMap setThreshold (I)V 158 0 79 0 -1
ciMethod java/lang/ThreadLocal$ThreadLocalMap getEntryAfterMiss (Ljava/lang/ThreadLocal;ILjava/lang/ThreadLocal$ThreadLocalMap$Entry;)Ljava/lang/ThreadLocal$ThreadLocalMap$Entry; 2 0 631 0 0
ciMethod java/lang/ThreadLocal$ThreadLocalMap expungeStaleEntry (I)I 392 442 327 0 0
ciMethod java/lang/ThreadLocal$ThreadLocalMap replaceStaleEntry (Ljava/lang/ThreadLocal;Ljava/lang/Object;I)V 0 0 1 0 -1
ciMethod java/lang/ThreadLocal$ThreadLocalMap cleanSomeSlots (II)Z 190 590 404 0 -1
ciMethod java/lang/ThreadLocal setInitialValue ()Ljava/lang/Object; 4 0 394 0 0
ciMethod java/util/Collection add (Ljava/lang/Object;)Z 0 0 1 0 -1
ciMethod java/lang/ref/Cleaner$Cleanable clean ()V 0 0 1 0 -1
ciMethod java/lang/ThreadLocal$ThreadLocalMap$Entry <init> (Ljava/lang/ThreadLocal;Ljava/lang/Object;)V 248 0 547 0 -1
ciMethod java/lang/ref/Reference refersTo0 (Ljava/lang/Object;)Z 772 0 386 0 -1
ciMethod java/lang/ref/Reference refersTo (Ljava/lang/Object;)Z 512 0 19655 0 96
ciMethod java/lang/Thread currentThread ()Ljava/lang/Thread; 512 0 256 0 -1
ciMethod jdk/internal/misc/Unsafe copyMemory0 (Ljava/lang/Object;JLjava/lang/Object;JJ)V 512 0 256 0 -1
ciMethod jdk/internal/misc/Unsafe putChar (Ljava/lang/Object;JC)V 506 0 253 0 -1
ciMethod jdk/internal/misc/Unsafe putChar (JC)V 502 0 5351 0 -1
ciMethod jdk/internal/misc/Unsafe checkOffset (Ljava/lang/Object;J)V 262 0 5252 0 96
ciMethod jdk/internal/misc/Unsafe invalidInput ()Ljava/lang/RuntimeException; 0 0 1 0 -1
ciMethod jdk/internal/misc/Unsafe is32BitClean (J)Z 0 0 1 0 -1
ciMethod jdk/internal/misc/Unsafe checkSize (J)V 526 0 5386 0 96
ciMethod jdk/internal/misc/Unsafe checkNativeAddress (J)V 252 0 5247 0 64
ciMethod jdk/internal/misc/Unsafe checkPointer (Ljava/lang/Object;J)V 514 0 10802 0 0
ciMethod jdk/internal/misc/Unsafe checkPrimitiveArray (Ljava/lang/Class;)V 262 0 5382 0 0
ciMethod jdk/internal/misc/Unsafe checkPrimitivePointer (Ljava/lang/Object;J)V 514 0 10788 0 0
ciMethod jdk/internal/misc/Unsafe copyMemory (Ljava/lang/Object;JLjava/lang/Object;JJ)V 512 0 5376 0 832
ciMethod jdk/internal/misc/Unsafe copyMemoryChecks (Ljava/lang/Object;JLjava/lang/Object;JJ)V 512 0 5376 0 0
ciMethod java/lang/String length ()I 626 0 803304 0 96
ciMethod java/lang/String coder ()B 1024 0 1087829 0 64
ciMethod java/lang/String isLatin1 ()Z 746 0 1523735 0 96
ciMethod java/lang/String toCharArray ()[C 520 0 5561 0 0
ciMethod java/lang/Class getComponentType ()Ljava/lang/Class; 288 0 18340 0 0
ciMethod java/lang/Object getClass ()Ljava/lang/Class; 512 0 256 0 -1
ciMethod java/lang/Object <init> ()V 1024 0 1720632 0 -1
instanceKlass org/slf4j/helpers/BasicMDCAdapter$1
ciInstanceKlass java/lang/InheritableThreadLocal 1 1 33 1 100 1 1 7 1 7 1 1 1 12 10 1 1 1 1 1 1 7 1 1 12 9 1 1 1 1 12 10 1 1 1
ciInstanceKlass sun/nio/fs/WindowsException 1 1 96 1 7 1 7 1 1 5 0 1 1 1 1 1 1 1 12 10 12 9 12 9 1 1 1 1 1 100 1 1 12 10 1 100 10 1 8 1 1 12 10 1 100 1 12 10 1 12 10 1 12 10 1 1 1 1 12 10 1 100 12 10 1 7 1 12 10 1 7 10 1 100 10 1 100 10 1 12 10 1 1 7 1 12 10 1 100 1 12 10 1 1 1 1 1 1
ciInstanceKlass sun/nio/ch/Util$1 1 1 44 1 7 1 1 7 1 7 1 7 1 1 1 12 10 1 1 10 1 1 1 1 12 10 1 1 12 10 1 1 12 10 1 12 10 1 12 10 1 1 1 1 1 1
instanceKlass org/springframework/core/NamedThreadLocal$SuppliedNamedThreadLocal
ciInstanceKlass org/springframework/core/NamedThreadLocal 1 1 50 10 7 12 1 1 1 8 1 10 7 12 1 1 1 9 7 12 1 1 1 100 1 10 12 1 1 1 1 1 1 1 1 1 1 1 1 1 1 1 1 1 1 1 1 1 1 1 1 1
ciMethodData java/lang/Object <init> ()V 2 1720632 orig 80 1 0 0 0 0 0 0 0 0 0 0 0 102 0 0 0 0 0 0 0 0 0 0 0 0 0 0 0 0 0 0 0 0 0 0 0 0 0 0 0 0 0 0 0 0 0 0 0 0 0 0 0 0 0 0 0 0 0 0 0 0 0 0 0 0 0 0 0 0 0 0 0 0 0 0 0 0 0 0 0 data 4 0x0 0x9 0x1 0x0 oops 0 methods 0
ciMethodData java/lang/String isLatin1 ()Z 2 1523735 orig 80 0 0 0 0 0 0 0 0 0 0 0 0 102 0 0 0 0 0 0 0 0 0 0 0 0 0 0 0 0 0 0 0 0 0 0 0 0 0 0 1 0 0 0 0 0 0 0 0 0 0 0 0 0 0 0 0 0 0 0 0 0 0 0 0 0 0 0 0 0 0 0 0 0 0 0 0 0 0 0 0 data 18 0x30007 0x0 0x58 0x173ea4 0x80000006000a0007 0x21da7 0x38 0x1520f7 0xe0003 0x1520ff 0x18 0x0 0x0 0x0 0x0 0x9 0x1 0x0 oops 0 methods 0
ciMethodData java/lang/String coder ()B 2 1087829 orig 80 0 0 0 0 0 0 0 0 0 0 0 0 102 0 0 0 0 0 0 0 0 0 0 0 0 0 0 0 0 0 0 0 0 0 0 0 0 0 0 0 0 0 0 0 0 0 0 0 0 0 0 0 0 0 0 0 0 0 0 0 0 0 0 0 0 0 0 0 0 0 0 0 0 0 0 0 0 0 0 0 data 14 0x30007 0x0 0x38 0x109754 0xa0003 0x109755 0x18 0x0 0x0 0x0 0x0 0x9 0x1 0x0 oops 0 methods 0
ciMethodData java/lang/String length ()I 2 803304 orig 80 0 0 0 0 0 0 0 0 0 0 0 0 102 0 0 0 0 0 0 0 0 0 0 0 0 0 0 0 0 0 0 0 0 0 0 0 0 0 0 0 0 0 0 0 0 0 0 0 0 0 0 0 0 0 0 0 0 0 0 0 0 0 0 0 0 0 0 0 0 0 0 0 0 0 0 0 0 0 0 0 data 16 0x60005 0xc40b9 0x0 0x0 0x0 0x0 0x0 0x0 0x0 0x0 0x0 0x0 0x0 0x9 0x1 0x0 oops 0 methods 0
ciMethodData java/lang/ref/Reference refersTo (Ljava/lang/Object;)Z 2 19655 orig 80 0 0 0 0 0 0 0 0 0 0 0 0 102 0 0 0 0 0 0 0 0 0 0 0 0 0 0 0 0 0 0 0 0 0 0 0 0 0 0 0 0 0 0 0 0 0 0 0 0 0 0 0 0 0 0 0 0 0 0 0 0 0 0 0 0 0 0 0 0 0 0 0 0 0 0 0 0 0 0 0 data 17 0x20005 0x41c 0x0 0x1760a70ee00 0x21ba 0x1760a70a430 0x25f1 0x0 0x0 0x0 0x0 0x0 0x0 0x9 0x2 0xffffffffffffffff 0xffffffffffffffff oops 2 3 java/util/WeakHashMap$Entry 5 java/lang/ThreadLocal$ThreadLocalMap$Entry methods 0
ciMethodData java/lang/ref/Reference refersToImpl (Ljava/lang/Object;)Z 2 13742 orig 80 0 0 0 0 0 0 0 0 0 0 0 0 102 0 0 0 0 0 0 0 0 0 0 0 0 0 0 0 0 0 0 0 0 0 0 0 0 0 0 0 0 0 0 0 0 0 0 0 0 0 0 0 0 0 0 0 0 0 0 0 0 0 0 0 0 0 0 0 0 0 0 0 0 0 0 0 0 0 0 0 data 17 0x20005 0x34ae 0x0 0x0 0x0 0x0 0x0 0x0 0x0 0x0 0x0 0x0 0x0 0x9 0x2 0xffffffffffffffff 0xffffffffffffffff oops 0 methods 0
ciMethodData java/lang/ThreadLocal getMap (Ljava/lang/Thread;)Ljava/lang/ThreadLocal$ThreadLocalMap; 2 1421 orig 80 0 0 0 0 0 0 0 0 0 0 0 0 102 0 0 0 0 0 0 0 0 0 0 0 0 0 0 0 0 0 0 0 0 0 0 0 0 0 0 0 0 0 0 0 0 0 0 0 0 0 0 0 0 0 0 0 0 0 0 0 0 0 0 0 0 0 0 0 0 0 0 0 0 0 0 0 0 0 0 0 data 6 0x0 0x0 0x9 0x2 0x0 0x0 oops 0 methods 0
ciMethodData java/lang/ThreadLocal get ()Ljava/lang/Object; 2 6422 orig 80 0 0 0 0 0 0 0 0 0 0 0 0 102 0 0 0 0 0 0 0 0 0 0 0 0 0 0 0 0 0 0 0 0 0 0 0 0 0 0 0 0 0 0 0 0 0 0 0 0 0 0 0 0 0 0 0 0 0 0 0 0 0 0 0 0 0 0 0 0 0 0 0 0 0 0 0 0 0 0 0 data 40 0x2 0x1816 0x60005 0xfd1 0x0 0x1760e084020 0x52c 0x1760e082740 0x319 0xb0007 0xf 0x78 0x1807 0x100005 0x1807 0x0 0x0 0x0 0x0 0x0 0x150007 0x179 0x20 0x168e 0x220005 0x188 0x0 0x0 0x0 0x0 0x0 0x0 0x0 0x0 0x0 0x0 0x0 0x9 0x1 0x0 oops 2 5 sun/nio/fs/NativeBuffers$1 7 java/lang/ThreadLocal methods 0
ciMethodData java/lang/ThreadLocal$ThreadLocalMap getEntry (Ljava/lang/ThreadLocal;)Ljava/lang/ThreadLocal$ThreadLocalMap$Entry; 2 6413 orig 80 0 0 0 0 0 0 0 0 0 0 0 0 102 0 0 0 0 0 0 0 0 0 0 0 0 0 0 0 0 0 0 0 0 0 0 0 0 0 0 0 0 0 0 0 0 0 0 0 0 0 0 0 0 0 0 0 0 0 0 0 0 0 0 0 0 0 0 0 0 0 0 0 0 0 0 0 0 0 0 0 data 32 0x150007 0x165 0x78 0x16a7 0x1a0005 0x16a7 0x0 0x0 0x0 0x0 0x0 0x1d0007 0x111 0x20 0x1596 0x260005 0x276 0x0 0x0 0x0 0x0 0x0 0x0 0x0 0x0 0x0 0x0 0x0 0x9 0x2 0x0 0x0 oops 0 methods 0
ciMethodData java/lang/ThreadLocal setInitialValue ()Ljava/lang/Object; 1 394 orig 80 0 0 0 0 0 0 0 0 0 0 0 0 102 0 0 0 0 0 0 0 0 0 0 0 0 0 0 0 0 0 0 0 0 0 0 0 0 0 0 0 0 0 0 0 0 0 0 0 0 0 0 0 0 0 0 0 0 0 0 0 0 0 0 0 0 0 0 0 0 0 0 0 0 0 0 0 0 0 0 0 data 66 0x10005 0xf5 0x0 0x1760e082740 0x8e 0x1760e084020 0x5 0x50002 0x188 0xb0005 0xf5 0x0 0x1760e082740 0x8e 0x1760e084020 0x5 0x100007 0xf 0x70 0x179 0x160005 0x179 0x0 0x0 0x0 0x0 0x0 0x190003 0x179 0x50 0x1f0005 0x3 0x0 0x1760e082740 0x9 0x1760e084020 0x3 0x230004 0xfffffffffffffe85 0x0 0x1760e082740 0x63 0x1760e084020 0x5 0x260007 0x17b 0x68 0xd 0x2a0004 0x0 0x0 0x1760e084020 0x5 0x175c4bdfa60 0x8 0x2d0002 0xd 0x0 0x0 0x0 0x0 0x0 0x0 0x9 0x1 0x0 oops 10 3 java/lang/ThreadLocal 5 sun/nio/fs/NativeBuffers$1 12 java/lang/ThreadLocal 14 sun/nio/fs/NativeBuffers$1 33 java/lang/ThreadLocal 35 sun/nio/fs/NativeBuffers$1 40 java/lang/ThreadLocal 42 sun/nio/fs/NativeBuffers$1 51 sun/nio/fs/NativeBuffers$1 53 sun/nio/ch/Util$1 methods 0
ciMethodData java/lang/ThreadLocal$ThreadLocalMap getEntryAfterMiss (Ljava/lang/ThreadLocal;ILjava/lang/ThreadLocal$ThreadLocalMap$Entry;)Ljava/lang/ThreadLocal$ThreadLocalMap$Entry; 1 631 orig 80 0 0 0 0 0 0 0 0 0 0 0 0 102 0 0 0 0 0 0 0 0 0 0 0 0 0 0 0 0 0 0 0 0 0 0 0 0 0 0 0 0 0 0 0 0 0 0 0 0 0 0 0 0 0 0 0 0 0 0 0 0 0 0 0 0 0 0 0 0 0 0 0 0 0 0 0 0 0 0 0 data 53 0xc0007 0x17c 0x148 0x348 0x110005 0x348 0x0 0x0 0x0 0x0 0x0 0x140007 0x24e 0x20 0xfa 0x1b0005 0x24e 0x0 0x0 0x0 0x0 0x0 0x1e0007 0x24e 0x70 0x0 0x230005 0x0 0x0 0x0 0x0 0x0 0x0 0x270003 0x0 0x28 0x2d0002 0x24e 0x360003 0x24e 0xfffffffffffffed0 0x0 0x0 0x0 0x0 0x0 0x0 0x9 0x4 0x0 0x0 0x0 0x0 oops 0 methods 0
ciMethodData java/lang/Class getComponentType ()Ljava/lang/Class; 2 18340 orig 80 0 0 0 0 0 0 0 0 0 0 0 0 102 0 0 0 0 0 0 0 0 0 0 0 0 0 0 0 0 0 0 0 0 0 0 0 0 0 0 0 0 0 0 0 0 0 0 0 0 0 0 0 0 0 0 0 0 0 0 0 0 0 0 0 0 0 0 0 0 0 0 0 0 0 0 0 0 0 0 0 data 20 0x10005 0x4714 0x0 0x0 0x0 0x0 0x0 0x40007 0x0 0x20 0x4714 0x0 0x0 0x0 0x0 0x0 0x0 0x9 0x1 0xffffffffffffffff oops 0 methods 0
ciMethodData java/lang/ThreadLocal set (Ljava/lang/Object;)V 2 1199 orig 80 0 0 0 0 0 0 0 0 0 0 0 0 102 0 0 0 0 0 0 0 0 0 0 0 0 0 0 0 0 0 0 0 0 0 0 0 0 0 0 0 0 0 0 0 0 0 0 0 0 0 0 0 0 0 0 0 0 0 0 0 0 0 0 0 0 0 0 0 0 0 0 0 0 0 0 0 0 0 0 0 data 40 0x2 0x4a7 0x60005 0x3be 0x0 0x1760e082740 0xc5 0x1760bf22610 0x24 0xb0007 0x1 0x70 0x4a6 0x110005 0x4a6 0x0 0x0 0x0 0x0 0x0 0x140003 0x4a6 0x50 0x1a0005 0x0 0x0 0x1760bf22610 0x1 0x0 0x0 0x0 0x0 0x0 0x0 0x0 0x0 0x9 0x2 0xffffffffffffffff 0xffffffffffffffff oops 3 5 java/lang/ThreadLocal 7 java/lang/InheritableThreadLocal 26 java/lang/InheritableThreadLocal methods 0
ciMethodData jdk/internal/misc/Unsafe checkPrimitivePointer (Ljava/lang/Object;J)V 2 10788 orig 80 0 0 0 0 0 0 0 0 0 0 0 0 102 0 0 0 0 0 0 0 0 0 0 0 0 0 0 0 0 0 0 0 0 0 0 0 0 0 0 0 0 0 0 0 0 0 0 0 0 0 0 0 0 0 0 0 0 0 0 0 0 0 0 0 0 0 0 0 0 0 0 0 0 0 0 0 0 0 0 0 data 37 0x30005 0x2923 0x0 0x0 0x0 0x0 0x0 0x70007 0x14a0 0x90 0x1483 0xc0005 0x1483 0x0 0x0 0x0 0x0 0x0 0xf0005 0x1483 0x0 0x0 0x0 0x0 0x0 0x0 0x0 0x0 0x0 0x0 0x0 0x9 0x4 0x0 0x0 0x0 0x0 oops 0 methods 0
ciMethodData jdk/internal/misc/Unsafe checkPointer (Ljava/lang/Object;J)V 2 10802 orig 80 0 0 0 0 0 0 0 0 0 0 0 0 102 0 0 0 0 0 0 0 0 0 0 0 0 0 0 0 0 0 0 0 0 0 0 0 0 0 0 0 0 0 0 0 0 0 0 0 0 0 0 0 0 0 0 0 0 0 0 0 0 0 0 0 0 0 0 0 0 0 0 0 0 0 0 0 0 0 0 0 data 33 0x10007 0x1483 0x70 0x14ae 0x60005 0x14ae 0x0 0x0 0x0 0x0 0x0 0x90003 0x14ae 0x50 0xf0005 0x1483 0x0 0x0 0x0 0x0 0x0 0x0 0x0 0x0 0x0 0x0 0x0 0x9 0x4 0x0 0x0 0x0 0x0 oops 0 methods 0
ciMethodData jdk/internal/misc/Unsafe checkNativeAddress (J)V 2 5247 orig 80 0 0 0 0 0 0 0 0 0 0 0 0 102 0 0 0 0 0 0 0 0 0 0 0 0 0 0 0 0 0 0 0 0 0 0 0 0 0 0 0 0 0 0 0 0 0 0 0 0 0 0 0 0 0 0 0 0 0 0 0 0 0 0 0 0 0 0 0 0 0 0 0 0 0 0 0 0 0 0 0 data 26 0x40007 0x1401 0x78 0x0 0x130007 0x0 0x58 0x0 0x170005 0x0 0x0 0x0 0x0 0x0 0x0 0x0 0x0 0x0 0x0 0x0 0x0 0x9 0x3 0x0 0x0 0x0 oops 0 methods 0
ciMethodData jdk/internal/misc/Unsafe checkOffset (Ljava/lang/Object;J)V 2 5252 orig 80 0 0 0 0 0 0 0 0 0 0 0 0 102 0 0 0 0 0 0 0 0 0 0 0 0 0 0 0 0 0 0 0 0 0 0 0 0 0 0 0 0 0 0 0 0 0 0 0 0 0 0 0 0 0 0 0 0 0 0 0 0 0 0 0 0 0 0 0 0 0 0 0 0 0 0 0 0 0 0 0 data 45 0x40007 0x1401 0xb0 0x0 0x90005 0x0 0x0 0x0 0x0 0x0 0x0 0xc0007 0x0 0xb0 0x0 0x100005 0x0 0x0 0x0 0x0 0x0 0x0 0x170007 0x1401 0x58 0x0 0x1b0005 0x0 0x0 0x0 0x0 0x0 0x0 0x0 0x0 0x0 0x0 0x0 0x0 0x9 0x4 0x0 0x0 0x0 0x0 oops 0 methods 0
ciMethodData jdk/internal/misc/Unsafe checkPrimitiveArray (Ljava/lang/Class;)V 2 5382 orig 80 0 0 0 0 0 0 0 0 0 0 0 0 102 0 0 0 0 0 0 0 0 0 0 0 0 0 0 0 0 0 0 0 0 0 0 0 0 0 0 0 0 0 0 0 0 0 0 0 0 0 0 0 0 0 0 0 0 0 0 0 0 0 0 0 0 0 0 0 0 0 0 0 0 0 0 0 0 0 0 0 data 39 0x10005 0x1483 0x0 0x0 0x0 0x0 0x0 0x60007 0x0 0x78 0x1483 0xa0005 0x1483 0x0 0x0 0x0 0x0 0x0 0xd0007 0x1483 0x58 0x0 0x110005 0x0 0x0 0x0 0x0 0x0 0x0 0x0 0x0 0x0 0x0 0x0 0x0 0x9 0x2 0x0 0x0 oops 0 methods 0
ciMethodData sun/nio/fs/NativeBuffers getNativeBufferFromCache (I)Lsun/nio/fs/NativeBuffer; 2 5379 orig 80 0 0 0 0 0 0 0 0 0 0 0 0 102 0 0 0 0 0 0 0 0 0 0 0 0 0 0 0 0 0 0 0 0 0 0 0 0 0 0 0 0 0 0 0 0 0 0 0 0 0 0 0 0 0 0 0 0 0 0 0 0 0 0 0 0 0 0 0 0 0 0 0 0 0 0 0 0 0 0 0 data 56 0x30005 0x0 0x0 0x1760e084020 0x1403 0x0 0x0 0x60104 0x0 0x0 0x1760e082990 0x13f9 0x0 0x0 0xb0007 0xa 0x108 0x13f9 0x120007 0x4 0xe8 0x192d 0x1a0007 0x534 0xb0 0x13f9 0x1e0005 0x0 0x0 0x1760a2da9d0 0x13f9 0x0 0x0 0x220007 0x4 0x58 0x13f5 0x280104 0x0 0x0 0x0 0x0 0x0 0x0 0x2e0003 0x538 0xffffffffffffff30 0x0 0x0 0x0 0x0 0x0 0x0 0x9 0x1 0x0 oops 3 3 sun/nio/fs/NativeBuffers$1 10 [Lsun/nio/fs/NativeBuffer; 29 sun/nio/fs/NativeBuffer methods 0
ciMethodData sun/nio/fs/NativeBuffer release ()V 2 11443 orig 80 0 0 0 0 0 0 0 0 0 0 0 0 102 0 0 0 0 0 0 0 0 0 0 0 0 0 0 0 0 0 0 0 0 0 0 0 0 0 0 0 0 0 0 0 0 0 0 0 0 0 0 0 0 0 0 0 0 0 0 0 0 0 0 0 0 0 0 0 0 0 0 0 0 0 0 0 0 0 0 0 data 11 0x10002 0x2bb3 0x0 0x0 0x0 0x0 0x0 0x0 0x9 0x1 0x0 oops 0 methods 0
ciMethodData sun/nio/fs/NativeBuffers releaseNativeBuffer (Lsun/nio/fs/NativeBuffer;)V 2 5379 orig 80 0 0 0 0 0 0 0 0 0 0 0 0 102 0 0 0 0 0 0 0 0 0 0 0 0 0 0 0 0 0 0 0 0 0 0 0 0 0 0 0 0 0 0 0 0 0 0 0 0 0 0 0 0 0 0 0 0 0 0 0 0 0 0 0 0 0 0 0 0 0 0 0 0 0 0 0 0 0 0 0 data 105 0x30005 0x0 0x0 0x1760e084020 0x1403 0x0 0x0 0x60104 0x0 0x0 0x1760e082990 0x13fd 0x0 0x0 0xb0007 0x13fd 0x90 0x6 0x160004 0x0 0x0 0x1760a2da9d0 0x6 0x0 0x0 0x1b0005 0x0 0x0 0x1760e084020 0x6 0x0 0x0 0x230007 0x1 0x90 0x1934 0x290007 0x538 0x58 0x13fc 0x2f0004 0x0 0x0 0x1760a2da9d0 0x13fc 0x0 0x0 0x340003 0x538 0xffffffffffffff88 0x3b0007 0x0 0x138 0x2 0x430005 0x0 0x0 0x1760a2da9d0 0x2 0x0 0x0 0x470005 0x0 0x0 0x1760a2da9d0 0x2 0x0 0x0 0x4a0007 0x1 0x90 0x1 0x4e0005 0x0 0x0 0x1760a2da9d0 0x1 0x0 0x0 0x540004 0x0 0x0 0x1760a2da9d0 0x1 0x0 0x0 0x590003 0x1 0xfffffffffffffee0 0x5d0005 0x0 0x0 0x0 0x0 0x0 0x0 0x0 0x0 0x0 0x0 0x0 0x0 0x9 0x1 0x0 oops 9 3 sun/nio/fs/NativeBuffers$1 10 [Lsun/nio/fs/NativeBuffer; 21 sun/nio/fs/NativeBuffer 28 sun/nio/fs/NativeBuffers$1 43 sun/nio/fs/NativeBuffer 57 sun/nio/fs/NativeBuffer 64 sun/nio/fs/NativeBuffer 75 sun/nio/fs/NativeBuffer 82 sun/nio/fs/NativeBuffer methods 0
ciMethodData java/lang/String toCharArray ()[C 2 5561 orig 80 0 0 0 0 0 0 0 0 0 0 0 0 102 0 0 0 0 0 0 0 0 0 0 0 0 0 0 0 0 0 0 0 0 0 0 0 0 0 0 0 0 0 0 0 0 0 0 0 0 0 0 0 0 0 0 0 0 0 0 0 0 0 0 0 0 0 0 0 0 0 0 0 0 0 0 0 0 0 0 0 data 27 0x10005 0x14b5 0x0 0x0 0x0 0x0 0x0 0x40007 0x0 0x48 0x14b5 0xb0002 0x14b5 0xe0003 0x14b5 0x28 0x150002 0x0 0x0 0x0 0x0 0x0 0x0 0x0 0x9 0x1 0x0 oops 0 methods 0
ciMethodData java/lang/StringLatin1 toChars ([B)[C 2 5377 orig 80 0 0 0 0 0 0 0 0 0 0 0 0 102 0 0 0 0 0 0 0 0 0 0 0 0 0 0 0 0 0 0 0 0 0 0 0 0 0 0 0 0 0 0 0 0 0 0 0 0 0 0 0 0 0 0 0 0 0 0 0 0 0 0 0 0 0 0 0 0 0 0 0 0 0 0 0 0 0 0 0 data 11 0xb0002 0x1401 0x0 0x0 0x0 0x0 0x0 0x0 0x9 0x1 0x0 oops 0 methods 0
ciMethodData sun/nio/fs/NativeBuffer free ()V 1 4 orig 80 0 0 0 0 0 0 0 0 0 0 0 0 102 0 0 0 0 0 0 0 0 0 0 0 0 0 0 0 0 0 0 0 0 0 0 0 0 0 0 0 0 0 0 0 0 0 0 0 0 0 0 0 0 0 0 0 0 0 0 0 0 0 0 0 0 0 0 0 0 0 0 0 0 0 0 0 0 0 0 0 data 16 0x40005 0x0 0x0 0x1760bf22970 0x4 0x0 0x0 0x0 0x0 0x0 0x0 0x0 0x0 0x9 0x1 0x0 oops 1 3 jdk/internal/ref/CleanerImpl$PhantomCleanableRef methods 0
ciMethodData jdk/internal/misc/Unsafe checkSize (J)V 2 5386 orig 80 0 0 0 0 0 0 0 0 0 0 0 0 102 0 0 0 0 0 0 0 0 0 0 0 0 0 0 0 0 0 0 0 0 0 0 0 0 0 0 0 0 0 0 0 0 0 0 0 0 0 0 0 0 0 0 0 0 0 0 0 0 0 0 0 0 0 0 0 0 0 0 0 0 0 0 0 0 0 0 0 data 44 0x40007 0x1403 0xb0 0x0 0x90005 0x0 0x0 0x0 0x0 0x0 0x0 0xc0007 0x0 0xb0 0x0 0x100005 0x0 0x0 0x0 0x0 0x0 0x0 0x170007 0x1403 0x58 0x0 0x1b0005 0x0 0x0 0x0 0x0 0x0 0x0 0x0 0x0 0x0 0x0 0x0 0x0 0x9 0x3 0x0 0x0 0x0 oops 0 methods 0
ciMethodData jdk/internal/misc/Unsafe copyMemory (Ljava/lang/Object;JLjava/lang/Object;JJ)V 2 5376 orig 80 0 0 0 0 0 0 0 0 0 0 0 0 102 0 0 0 0 0 0 0 0 0 0 0 0 0 0 0 0 0 0 0 0 0 0 0 0 0 0 0 0 0 0 0 0 0 0 0 0 0 0 0 0 0 0 0 0 0 0 0 0 0 0 0 0 0 0 0 0 0 0 0 0 0 0 0 0 0 0 0 data 35 0x90005 0x1400 0x0 0x0 0x0 0x0 0x0 0x100007 0x1400 0x20 0x0 0x1d0005 0x1400 0x0 0x0 0x0 0x0 0x0 0x0 0x0 0x0 0x0 0x0 0x0 0x9 0x9 0x0 0x0 0x0 0x0 0x0 0x0 0x0 0x0 0x0 oops 0 methods 0
ciMethodData jdk/internal/misc/Unsafe copyMemoryChecks (Ljava/lang/Object;JLjava/lang/Object;JJ)V 2 5376 orig 80 0 0 0 0 0 0 0 0 0 0 0 0 102 0 0 0 0 0 0 0 0 0 0 0 0 0 0 0 0 0 0 0 0 0 0 0 0 0 0 0 0 0 0 0 0 0 0 0 0 0 0 0 0 0 0 0 0 0 0 0 0 0 0 0 0 0 0 0 0 0 0 0 0 0 0 0 0 0 0 0 data 38 0x30005 0x1400 0x0 0x0 0x0 0x0 0x0 0x90005 0x1400 0x0 0x0 0x0 0x0 0x0 0x110005 0x1400 0x0 0x0 0x0 0x0 0x0 0x0 0x0 0x0 0x0 0x0 0x0 0x9 0x9 0x0 0x0 0x0 0x0 0x0 0x0 0x0 0x0 0x0 oops 0 methods 0
ciMethodData sun/nio/fs/WindowsNativeDispatcher asNativeBuffer (Ljava/lang/String;)Lsun/nio/fs/NativeBuffer; 2 5378 orig 80 0 0 0 0 0 0 0 0 0 0 0 0 102 0 0 0 0 0 0 0 0 0 0 0 0 0 0 0 0 0 0 0 0 0 0 0 0 0 0 0 0 0 0 0 0 0 0 0 0 0 0 0 0 0 0 0 0 0 0 0 0 0 0 0 0 0 0 0 0 0 0 0 0 0 0 0 0 0 0 0 data 93 0x10005 0x1402 0x0 0x0 0x0 0x0 0x0 0x70007 0x1402 0x30 0x0 0x110002 0x0 0x160005 0x1402 0x0 0x0 0x0 0x0 0x0 0x210002 0x1402 0x260007 0x13fd 0x48 0x5 0x2a0002 0x5 0x2e0003 0x5 0x70 0x320005 0x0 0x0 0x1760a2da9d0 0x13fd 0x0 0x0 0x360007 0x13e8 0x20 0x15 0x3c0005 0x13ed 0x0 0x0 0x0 0x0 0x0 0x4c0005 0x0 0x0 0x1760a2da9d0 0x13ed 0x0 0x0 0x510005 0x13ed 0x0 0x0 0x0 0x0 0x0 0x580005 0x0 0x0 0x1760a2da9d0 0x13ed 0x0 0x0 0x5f0005 0x13ed 0x0 0x0 0x0 0x0 0x0 0x640005 0x0 0x0 0x1760a2da9d0 0x13ed 0x0 0x0 0x0 0x0 0x0 0x0 0x0 0x0 0x9 0x1 0x0 oops 4 34 sun/nio/fs/NativeBuffer 52 sun/nio/fs/NativeBuffer 66 sun/nio/fs/NativeBuffer 80 sun/nio/fs/NativeBuffer methods 0
ciMethodData sun/nio/fs/NativeBuffers allocNativeBuffer (I)Lsun/nio/fs/NativeBuffer; 1 18 orig 80 0 0 0 0 0 0 0 0 0 0 0 0 102 0 0 0 0 0 0 0 0 0 0 0 0 0 0 0 0 0 0 0 0 0 0 0 0 0 0 0 0 0 0 0 0 0 0 0 0 0 0 0 0 0 0 0 0 0 0 0 0 0 0 0 0 0 0 0 0 0 0 0 0 0 0 0 0 0 0 0 data 11 0x40007 0x3 0x20 0x9 0x100002 0xc 0x0 0x0 0x9 0x1 0x0 oops 0 methods 0
ciMethodData jdk/internal/misc/Unsafe putChar (JC)V 2 5351 orig 80 0 0 0 0 0 0 0 0 0 0 0 0 102 0 0 0 0 0 0 0 0 0 0 0 0 0 0 0 0 0 0 0 0 0 0 0 0 0 0 0 0 0 0 0 0 0 0 0 0 0 0 0 0 0 0 0 0 0 0 0 0 0 0 0 0 0 0 0 0 0 0 0 0 0 0 0 0 0 0 0 data 22 0x4000b 0x2 0x0 0x0 0x0 0x0 0x0 0x2 0x1 0x1 0x0 0x0 0x0 0x0 0x0 0x0 0x9 0x4 0x0 0x0 0x0 0x0 oops 0 methods 0
ciMethodData java/lang/ThreadLocal$ThreadLocalMap nextIndex (II)I 2 3395 orig 80 0 0 0 0 0 0 0 0 0 0 0 0 102 0 0 0 0 0 0 0 0 0 0 0 0 0 0 0 0 0 0 0 0 0 0 0 0 0 0 0 0 0 0 0 0 0 0 0 0 0 0 0 0 0 0 0 0 0 0 0 0 0 0 0 0 0 0 0 0 0 0 0 0 0 0 0 0 0 0 0 data 12 0x40007 0x40 0x38 0xb7f 0xa0003 0xb7f 0x18 0x0 0x9 0x2 0x0 0x0 oops 0 methods 0
ciMethodData java/lang/ThreadLocal$ThreadLocalMap set (Ljava/lang/ThreadLocal;Ljava/lang/Object;)V 2 1590 orig 80 0 0 0 0 0 0 0 0 0 0 0 0 102 0 0 0 0 0 0 0 0 0 0 0 0 0 0 0 0 0 0 0 0 0 0 0 0 0 0 0 0 0 0 0 0 0 0 0 0 0 0 0 0 0 0 0 0 0 0 0 0 0 0 0 0 0 0 0 0 0 0 0 0 0 0 0 0 0 0 0 data 80 0x1c0007 0x135 0x130 0x553 0x220005 0x553 0x0 0x0 0x0 0x0 0x0 0x250007 0x152 0x20 0x401 0x320005 0x152 0x0 0x0 0x0 0x0 0x0 0x350007 0x152 0x58 0x0 0x3d0005 0x0 0x0 0x0 0x0 0x0 0x0 0x460002 0x152 0x4f0003 0x152 0xfffffffffffffee8 0x5b0002 0x135 0x5e0004 0x0 0x0 0x1760a70a430 0x135 0x0 0x0 0x710005 0x135 0x0 0x0 0x0 0x0 0x0 0x740007 0x0 0x78 0x135 0x7d0007 0x133 0x58 0x2 0x810005 0x2 0x0 0x0 0x0 0x0 0x0 0x0 0x0 0x0 0x0 0x0 0x0 0x9 0x3 0xffffffffffffffff 0xffffffffffffffff 0xffffffffffffffff oops 1 43 java/lang/ThreadLocal$ThreadLocalMap$Entry methods 0
ciMethodData java/lang/ThreadLocal$ThreadLocalMap$Entry <init> (Ljava/lang/ThreadLocal;Ljava/lang/Object;)V 1 547 orig 80 0 0 0 0 0 0 0 0 0 0 0 0 102 0 0 0 0 0 0 0 0 0 0 0 0 0 0 0 0 0 0 0 0 0 0 0 0 0 0 0 0 0 0 0 0 0 0 0 0 0 0 0 0 0 0 0 0 0 0 0 0 0 0 0 0 0 0 0 0 0 0 0 0 0 0 0 0 0 0 0 data 11 0x20002 0x1a7 0x0 0x0 0x0 0x0 0x9 0x3 0x1e 0x0 0x0 oops 0 methods 0
ciMethodData java/lang/ThreadLocal$ThreadLocalMap expungeStaleEntry (I)I 1 327 orig 80 0 0 0 0 0 0 0 0 0 0 0 0 102 0 0 0 0 0 0 0 0 0 0 0 0 0 0 0 0 0 0 0 0 0 0 0 0 0 0 0 0 0 0 0 0 0 0 0 0 0 0 0 0 0 0 0 0 0 0 0 0 0 0 0 0 0 0 0 0 0 0 0 0 0 0 0 0 0 0 0 data 83 0x120104 0x0 0x0 0x0 0x0 0x0 0x0 0x1f0002 0x83 0x2b0007 0x83 0x200 0x5a 0x300005 0x0 0x0 0x1760a70a430 0x5a 0x0 0x0 0x330004 0x0 0x0 0x1760bdfce60 0x42 0x1760e082740 0x16 0x3a0007 0x5a 0x70 0x0 0x470004 0x0 0x0 0x0 0x0 0x0 0x0 0x520003 0x0 0xf0 0x640007 0x4d 0xd8 0xd 0x6b0104 0x0 0x0 0x0 0x0 0x0 0x0 0x700007 0xd 0x48 0xf 0x760002 0xf 0x7b0003 0xf 0xffffffffffffffd0 0x830004 0x0 0x0 0x1760a70a430 0xd 0x0 0x0 0x870002 0x5a 0x8c0003 0x5a 0xfffffffffffffe18 0x0 0x0 0x0 0x0 0x0 0x0 0x9 0x2 0x6 0x0 oops 4 16 java/lang/ThreadLocal$ThreadLocalMap$Entry 23 org/springframework/core/NamedThreadLocal 25 java/lang/ThreadLocal 64 java/lang/ThreadLocal$ThreadLocalMap$Entry methods 0
ciMethodData jdk/internal/misc/TerminatingThreadLocal register (Ljdk/internal/misc/TerminatingThreadLocal;)V 1 25 orig 80 0 0 0 0 0 0 0 0 0 0 0 0 102 0 0 0 0 0 0 0 0 0 0 0 0 0 0 0 0 0 0 0 0 0 0 0 0 0 0 0 0 0 0 0 0 0 0 0 0 0 0 0 0 0 0 0 0 0 0 0 0 0 0 0 0 0 0 0 0 0 0 0 0 0 0 0 0 0 0 0 data 30 0x30005 0x0 0x0 0x1760bdfc870 0xf 0x0 0x0 0x60004 0x0 0x0 0x1760bdfc920 0xf 0x0 0x0 0xa0005 0x0 0x0 0x1760bdfc920 0xf 0x0 0x0 0x0 0x0 0x0 0x0 0x0 0x0 0x9 0x1 0xffffffffffffffff oops 3 3 jdk/internal/misc/TerminatingThreadLocal$1 10 java/util/Collections$SetFromMap 17 java/util/Collections$SetFromMap methods 0
ciMethodData sun/nio/fs/WindowsNativeDispatcher CreateFile (Ljava/lang/String;IIJII)J 2 5377 orig 80 0 0 0 0 0 0 0 0 0 0 0 0 102 0 0 0 0 0 0 0 0 0 0 0 0 0 0 0 0 0 0 0 0 0 0 0 0 0 0 0 0 0 0 0 0 0 0 0 0 0 0 0 0 0 0 0 0 0 0 0 0 0 0 0 0 0 0 0 0 0 0 0 0 0 0 0 0 0 0 0 data 40 0x10002 0x1400 0x80005 0x0 0x0 0x1760a2da9d0 0x1400 0x0 0x0 0x120002 0x1400 0x190005 0x0 0x0 0x1760a2da9d0 0x13ff 0x0 0x0 0x230005 0x0 0x0 0x0 0x0 0x0 0x0 0x0 0x0 0x0 0x0 0x0 0x0 0x9 0x7 0x0 0x0 0x0 0x0 0x0 0x0 0x0 oops 2 5 sun/nio/fs/NativeBuffer 14 sun/nio/fs/NativeBuffer methods 0
compile sun/nio/fs/WindowsNativeDispatcher CreateFile (Ljava/lang/String;IIJII)J -1 4 inline 78 0 -1 sun/nio/fs/WindowsNativeDispatcher CreateFile (Ljava/lang/String;IIJII)J 1 1 sun/nio/fs/WindowsNativeDispatcher asNativeBuffer (Ljava/lang/String;)Lsun/nio/fs/NativeBuffer; 2 1 java/lang/String length ()I 3 6 java/lang/String coder ()B 2 22 java/lang/String length ()I 3 6 java/lang/String coder ()B 2 33 sun/nio/fs/NativeBuffers getNativeBufferFromCache (I)Lsun/nio/fs/NativeBuffer; 3 3 java/lang/ThreadLocal get ()Ljava/lang/Object; 4 6 java/lang/ThreadLocal getMap (Ljava/lang/Thread;)Ljava/lang/ThreadLocal$ThreadLocalMap; 4 16 java/lang/ThreadLocal$ThreadLocalMap getEntry (Ljava/lang/ThreadLocal;)Ljava/lang/ThreadLocal$ThreadLocalMap$Entry; 5 26 java/lang/ref/Reference refersTo (Ljava/lang/Object;)Z 6 2 java/lang/ref/Reference refersToImpl (Ljava/lang/Object;)Z 5 38 java/lang/ThreadLocal$ThreadLocalMap getEntryAfterMiss (Ljava/lang/ThreadLocal;ILjava/lang/ThreadLocal$ThreadLocalMap$Entry;)Ljava/lang/ThreadLocal$ThreadLocalMap$Entry; 6 17 java/lang/ref/Reference refersTo (Ljava/lang/Object;)Z 7 2 java/lang/ref/Reference refersToImpl (Ljava/lang/Object;)Z 6 27 java/lang/ref/Reference refersTo (Ljava/lang/Object;)Z 7 2 java/lang/ref/Reference refersToImpl (Ljava/lang/Object;)Z 6 45 java/lang/ThreadLocal$ThreadLocalMap nextIndex (II)I 4 34 java/lang/ThreadLocal setInitialValue ()Ljava/lang/Object; 5 1 java/lang/ThreadLocal initialValue ()Ljava/lang/Object; 5 11 java/lang/ThreadLocal getMap (Ljava/lang/Thread;)Ljava/lang/ThreadLocal$ThreadLocalMap; 3 30 sun/nio/fs/NativeBuffer size ()I 2 50 sun/nio/fs/NativeBuffer owner ()Ljava/lang/Object; 2 60 java/lang/String toCharArray ()[C 3 1 java/lang/String isLatin1 ()Z 3 11 java/lang/StringLatin1 toChars ([B)[C 2 76 sun/nio/fs/NativeBuffer address ()J 2 81 jdk/internal/misc/Unsafe copyMemory (Ljava/lang/Object;JLjava/lang/Object;JJ)V 3 9 jdk/internal/misc/Unsafe copyMemoryChecks (Ljava/lang/Object;JLjava/lang/Object;JJ)V 4 3 jdk/internal/misc/Unsafe checkSize (J)V 4 9 jdk/internal/misc/Unsafe checkPrimitivePointer (Ljava/lang/Object;J)V 5 3 jdk/internal/misc/Unsafe checkPointer (Ljava/lang/Object;J)V 6 15 jdk/internal/misc/Unsafe checkOffset (Ljava/lang/Object;J)V 5 15 jdk/internal/misc/Unsafe checkPrimitiveArray (Ljava/lang/Class;)V 6 1 java/lang/Class getComponentType ()Ljava/lang/Class; 4 17 jdk/internal/misc/Unsafe checkPrimitivePointer (Ljava/lang/Object;J)V 5 3 jdk/internal/misc/Unsafe checkPointer (Ljava/lang/Object;J)V 6 6 jdk/internal/misc/Unsafe checkNativeAddress (J)V 2 88 sun/nio/fs/NativeBuffer address ()J 2 95 jdk/internal/misc/Unsafe putChar (JC)V 2 100 sun/nio/fs/NativeBuffer setOwner (Ljava/lang/Object;)V 1 8 sun/nio/fs/NativeBuffer address ()J 1 25 sun/nio/fs/NativeBuffer release ()V 2 1 sun/nio/fs/NativeBuffers releaseNativeBuffer (Lsun/nio/fs/NativeBuffer;)V 3 3 java/lang/ThreadLocal get ()Ljava/lang/Object; 4 6 java/lang/ThreadLocal getMap (Ljava/lang/Thread;)Ljava/lang/ThreadLocal$ThreadLocalMap; 4 16 java/lang/ThreadLocal$ThreadLocalMap getEntry (Ljava/lang/ThreadLocal;)Ljava/lang/ThreadLocal$ThreadLocalMap$Entry; 5 26 java/lang/ref/Reference refersTo (Ljava/lang/Object;)Z 6 2 java/lang/ref/Reference refersToImpl (Ljava/lang/Object;)Z 5 38 java/lang/ThreadLocal$ThreadLocalMap getEntryAfterMiss (Ljava/lang/ThreadLocal;ILjava/lang/ThreadLocal$ThreadLocalMap$Entry;)Ljava/lang/ThreadLocal$ThreadLocalMap$Entry; 6 17 java/lang/ref/Reference refersTo (Ljava/lang/Object;)Z 7 2 java/lang/ref/Reference refersToImpl (Ljava/lang/Object;)Z 6 27 java/lang/ref/Reference refersTo (Ljava/lang/Object;)Z 7 2 java/lang/ref/Reference refersToImpl (Ljava/lang/Object;)Z 6 45 java/lang/ThreadLocal$ThreadLocalMap nextIndex (II)I 4 34 java/lang/ThreadLocal setInitialValue ()Ljava/lang/Object; 5 1 java/lang/ThreadLocal initialValue ()Ljava/lang/Object; 5 11 java/lang/ThreadLocal getMap (Ljava/lang/Thread;)Ljava/lang/ThreadLocal$ThreadLocalMap; 3 67 sun/nio/fs/NativeBuffer size ()I 3 71 sun/nio/fs/NativeBuffer size ()I 1 35 sun/nio/fs/NativeBuffer release ()V 2 1 sun/nio/fs/NativeBuffers releaseNativeBuffer (Lsun/nio/fs/NativeBuffer;)V 3 3 java/lang/ThreadLocal get ()Ljava/lang/Object; 4 6 java/lang/ThreadLocal getMap (Ljava/lang/Thread;)Ljava/lang/ThreadLocal$ThreadLocalMap; 4 16 java/lang/ThreadLocal$ThreadLocalMap getEntry (Ljava/lang/ThreadLocal;)Ljava/lang/ThreadLocal$ThreadLocalMap$Entry; 5 26 java/lang/ref/Reference refersTo (Ljava/lang/Object;)Z 6 2 java/lang/ref/Reference refersToImpl (Ljava/lang/Object;)Z 5 38 java/lang/ThreadLocal$ThreadLocalMap getEntryAfterMiss (Ljava/lang/ThreadLocal;ILjava/lang/ThreadLocal$ThreadLocalMap$Entry;)Ljava/lang/ThreadLocal$ThreadLocalMap$Entry; 6 17 java/lang/ref/Reference refersTo (Ljava/lang/Object;)Z 7 2 java/lang/ref/Reference refersToImpl (Ljava/lang/Object;)Z 6 27 java/lang/ref/Reference refersTo (Ljava/lang/Object;)Z 7 2 java/lang/ref/Reference refersToImpl (Ljava/lang/Object;)Z 6 45 java/lang/ThreadLocal$ThreadLocalMap nextIndex (II)I 4 34 java/lang/ThreadLocal setInitialValue ()Ljava/lang/Object; 5 1 java/lang/ThreadLocal initialValue ()Ljava/lang/Object; 5 11 java/lang/ThreadLocal getMap (Ljava/lang/Thread;)Ljava/lang/ThreadLocal$ThreadLocalMap; 3 67 sun/nio/fs/NativeBuffer size ()I 3 71 sun/nio/fs/NativeBuffer size ()I
